2019-06-27,39.0099983215332
2019-06-28,42.099998474121094
2019-07-01,51.0
2019-07-02,40.0
2019-07-03,39.54999923706055
2019-07-05,39.29999923706055
2019-07-08,40.150001525878906
2019-07-09,37.5
2019-07-10,37.25
2019-07-11,37.79999923706055
2019-07-12,37.470001220703125
2019-07-15,39.040000915527344
2019-07-16,38.040000915527344
2019-07-17,38.650001525878906
2019-07-18,38.0
2019-07-19,38.0
2019-07-22,38.689998626708984
2019-07-23,39.900001525878906
2019-07-24,40.29999923706055
2019-07-25,40.45000076293945
2019-07-26,40.2599983215332
2019-07-29,39.90800094604492
2019-07-30,37.52000045776367
2019-07-31,37.34000015258789
2019-08-01,38.54999923706055
2019-08-02,38.61000061035156
2019-08-05,36.630001068115234
2019-08-06,35.16999816894531
2019-08-07,36.04999923706055
2019-08-08,39.189998626708984
2019-08-09,39.70000076293945
2019-08-12,41.5
2019-08-13,42.0
2019-08-14,39.16999816894531
2019-08-15,43.9900016784668
2019-08-16,47.58000183105469
2019-08-19,46.25
2019-08-20,45.90999984741211
2019-08-21,45.189998626708984
2019-08-22,46.84000015258789
2019-08-23,45.310001373291016
2019-08-26,43.75
2019-08-27,44.5
2019-08-28,44.27000045776367
2019-08-29,47.54999923706055
2019-08-30,50.650001525878906
2019-09-03,50.97999954223633
2019-09-04,51.04999923706055
2019-09-05,53.70000076293945
2019-09-06,45.27000045776367
2019-09-09,44.02000045776367
2019-09-10,39.95000076293945
2019-09-11,40.869998931884766
2019-09-12,42.099998474121094
2019-09-13,39.84000015258789
2019-09-16,43.099998474121094
2019-09-17,41.9900016784668
2019-09-18,39.86000061035156
2019-09-19,39.7400016784668
2019-09-20,39.470001220703125
2019-09-23,39.95000076293945
2019-09-24,40.33000183105469
2019-09-25,37.75
2019-09-26,35.2400016784668
2019-09-27,32.16999816894531
2019-09-30,30.920000076293945
2019-10-01,31.09000015258789
2019-10-02,29.56999969482422
2019-10-03,29.889999389648438
2019-10-04,31.079999923706055
2019-10-07,31.479999542236328
2019-10-08,32.380001068115234
2019-10-09,30.06999969482422
2019-10-10,28.989999771118164
2019-10-11,29.030000686645508
2019-10-14,27.350000381469727
2019-10-15,27.450000762939453
2019-10-16,29.780000686645508
2019-10-17,30.280000686645508
2019-10-18,30.989999771118164
2019-10-21,28.389999389648438
2019-10-22,26.81999969482422
2019-10-23,25.649999618530273
2019-10-24,24.719999313354492
2019-10-25,26.100000381469727
2019-10-28,25.8700008392334
2019-10-29,26.059999465942383
2019-10-30,26.139999389648438
2019-10-31,26.100000381469727
2019-11-01,26.170000076293945
2019-11-04,28.59000015258789
2019-11-05,30.59000015258789
2019-11-06,27.8700008392334
2019-11-07,26.93000030517578
2019-11-08,26.700000762939453
2019-11-11,27.639999389648438
2019-11-12,28.31999969482422
2019-11-13,29.739999771118164
2019-11-14,27.450000762939453
2019-11-15,27.25
2019-11-18,28.5
2019-11-19,30.389999389648438
2019-11-20,28.770000457763672
2019-11-21,28.479999542236328
2019-11-22,28.059999465942383
2019-11-25,28.700000762939453
2019-11-26,29.649999618530273
2019-11-27,28.149999618530273
2019-11-29,28.18000030517578
2019-12-02,27.229999542236328
2019-12-03,27.110000610351562
2019-12-04,27.0
2019-12-05,27.209999084472656
2019-12-06,29.540000915527344
2019-12-09,29.06999969482422
2019-12-10,29.290000915527344
2019-12-11,28.729999542236328
2019-12-12,30.270000457763672
2019-12-13,31.670000076293945
2019-12-16,30.56999969482422
2019-12-17,30.290000915527344
2019-12-18,29.309999465942383
2019-12-19,30.979999542236328
2019-12-20,30.290000915527344
2019-12-23,32.58000183105469
2019-12-24,30.450000762939453
2019-12-26,29.729999542236328
2019-12-27,29.360000610351562
2019-12-30,29.18000030517578
2019-12-31,28.690000534057617
2020-01-02,30.0
2020-01-03,29.100000381469727
2020-01-06,29.31999969482422
2020-01-07,29.34000015258789
2020-01-08,29.670000076293945
2020-01-09,29.979999542236328
2020-01-10,29.950000762939453
2020-01-13,30.0
2020-01-14,29.860000610351562
2020-01-15,29.299999237060547
2020-01-16,29.850000381469727
2020-01-17,27.559999465942383
2020-01-21,28.440000534057617
2020-01-22,26.559999465942383
2020-01-23,26.989999771118164
2020-01-24,28.020000457763672
2020-01-27,30.030000686645508
2020-01-28,30.15999984741211
2020-01-29,30.579999923706055
2020-01-30,30.479999542236328
2020-01-31,30.360000610351562
2020-02-03,30.040000915527344
2020-02-04,30.440000534057617
2020-02-05,29.729999542236328
2020-02-06,30.0
2020-02-07,31.690000534057617
2020-02-10,32.20000076293945
2020-02-11,31.6299991607666
2020-02-12,31.610000610351562
2020-02-13,31.06999969482422
2020-02-14,31.799999237060547
2020-02-18,31.040000915527344
2020-02-19,32.279998779296875
2020-02-20,33.59000015258789
2020-02-21,33.54999923706055
2020-02-24,33.0099983215332
2020-02-25,31.149999618530273
2020-02-26,30.020000457763672
2020-02-27,29.09000015258789
2020-02-28,27.190000534057617
2020-03-02,28.450000762939453
2020-03-03,26.850000381469727
2020-03-04,26.5
2020-03-05,28.09000015258789
2020-03-06,26.65999984741211
2020-03-09,25.459999084472656
2020-03-10,25.559999465942383
2020-03-11,24.670000076293945
2020-03-12,19.559999465942383
2020-03-13,18.959999084472656
2020-03-16,16.34000015258789
2020-03-17,17.469999313354492
2020-03-18,16.959999084472656
2020-03-19,18.600000381469727
2020-03-20,23.229999542236328
2020-03-23,23.170000076293945
2020-03-24,23.920000076293945
2020-03-25,23.809999465942383
2020-03-26,25.459999084472656
2020-03-27,25.420000076293945
2020-03-30,25.450000762939453
2020-03-31,27.43000030517578
2020-04-01,26.68000030517578
2020-04-02,27.790000915527344
2020-04-03,28.299999237060547
2020-04-06,27.040000915527344
2020-04-07,28.350000381469727
2020-04-08,25.56999969482422
2020-04-09,25.579999923706055
2020-04-13,25.950000762939453
2020-04-14,27.530000686645508
2020-04-15,27.860000610351562
2020-04-16,28.100000381469727
2020-04-17,28.979999542236328
2020-04-20,27.65999984741211
2020-04-21,29.280000686645508
2020-04-22,30.049999237060547
2020-04-23,30.1200008392334
2020-04-24,28.920000076293945
2020-04-27,29.950000762939453
2020-04-28,33.439998626708984
2020-04-29,32.470001220703125
2020-04-30,32.36000061035156
2020-05-01,31.110000610351562
2020-05-04,30.59000015258789
2020-05-05,32.099998474121094
2020-05-06,34.61000061035156
2020-05-07,34.279998779296875
2020-05-08,36.06999969482422
2020-05-11,36.209999084472656
2020-05-12,39.22999954223633
2020-05-13,35.5099983215332
2020-05-14,34.91999816894531
2020-05-15,34.040000915527344
2020-05-18,39.5
2020-05-19,39.88999938964844
2020-05-20,40.54999923706055
2020-05-21,40.70000076293945
2020-05-22,40.0
2020-05-26,42.0
2020-05-27,39.689998626708984
2020-05-28,39.11000061035156
2020-05-29,38.91999816894531
2020-06-01,38.810001373291016
2020-06-02,39.369998931884766
2020-06-03,39.90999984741211
2020-06-04,39.75
2020-06-05,39.2599983215332
2020-06-08,39.900001525878906
2020-06-09,39.400001525878906
2020-06-10,41.84000015258789
2020-06-11,42.220001220703125
2020-06-12,42.470001220703125
2020-06-15,42.470001220703125
2020-06-16,44.900001525878906
2020-06-17,44.02000045776367
2020-06-18,44.13999938964844
2020-06-19,45.0
2020-06-22,44.68000030517578
2020-06-23,46.5
2020-06-24,46.68000030517578
2020-06-25,45.959999084472656
2020-06-26,47.41999816894531
2020-06-29,46.209999084472656
2020-06-30,46.209999084472656
2020-07-01,48.16999816894531
2020-07-02,47.61000061035156
2020-07-06,48.41999816894531
2020-07-07,46.5
2020-07-08,46.599998474121094
2020-07-09,48.619998931884766
2020-07-10,48.5
2020-07-13,46.380001068115234
2020-07-14,43.779998779296875
2020-07-15,43.529998779296875
2020-07-16,40.25
2020-07-17,40.0
2020-07-20,40.400001525878906
2020-07-21,41.50699996948242
2020-07-22,38.869998931884766
2020-07-23,38.02000045776367
2020-07-24,36.400001525878906
2020-07-27,36.689998626708984
2020-07-28,37.63999938964844
2020-07-29,37.75
2020-07-30,37.81999969482422
2020-07-31,38.220001220703125
2020-08-03,37.369998931884766
2020-08-04,39.11000061035156
2020-08-05,40.61000061035156
2020-08-06,40.209999084472656
2020-08-07,39.869998931884766
2020-08-10,38.25
2020-08-11,38.0099983215332
2020-08-12,37.16999816894531
2020-08-13,38.5099983215332
2020-08-14,39.2599983215332
2020-08-17,39.20000076293945
2020-08-18,41.29999923706055
2020-08-19,41.56999969482422
2020-08-20,43.15999984741211
2020-08-21,43.2400016784668
2020-08-24,43.79999923706055
2020-08-25,41.65999984741211
2020-08-26,41.880001068115234
2020-08-27,40.810001373291016
2020-08-28,40.880001068115234
2020-08-31,40.9900016784668
2020-09-01,41.52000045776367
2020-09-02,41.56999969482422
2020-09-03,41.290000915527344
2020-09-04,36.7400016784668
2020-09-08,35.43000030517578
2020-09-09,36.619998931884766
2020-09-10,38.279998779296875
2020-09-11,39.630001068115234
2020-09-14,40.22999954223633
2020-09-15,42.58000183105469
2020-09-16,46.13999938964844
2020-09-17,43.9900016784668
2020-09-18,45.310001373291016
2020-09-21,45.5099983215332
2020-09-22,47.130001068115234
2020-09-23,47.81999969482422
2020-09-24,47.58000183105469
2020-09-25,45.79999923706055
2020-09-28,48.40999984741211
2020-09-29,48.70000076293945
2020-09-30,47.5099983215332
2020-10-01,49.0
2020-10-02,48.439998626708984
2020-10-05,48.77000045776367
2020-10-06,49.220001220703125
2020-10-07,49.52000045776367
2020-10-08,51.099998474121094
2020-10-09,50.779998779296875
2020-10-12,52.119998931884766
2020-10-13,52.91999816894531
2020-10-14,53.150001525878906
2020-10-15,51.0
2020-10-16,51.709999084472656
2020-10-19,51.25
2020-10-20,49.439998626708984
2020-10-21,48.45000076293945
2020-10-22,47.0
2020-10-23,47.349998474121094
2020-10-26,48.63999938964844
2020-10-27,49.88999938964844
2020-10-28,50.279998779296875
2020-10-29,51.209999084472656
2020-10-30,51.380001068115234
2020-11-02,46.40999984741211
2020-11-03,46.20000076293945
2020-11-04,48.9900016784668
2020-11-05,51.029998779296875
2020-11-06,50.5099983215332
2020-11-09,50.9900016784668
2020-11-10,48.02000045776367
2020-11-11,49.0099983215332
2020-11-12,50.900001525878906
2020-11-13,49.29999923706055
2020-11-16,48.709999084472656
2020-11-17,47.060001373291016
2020-11-18,44.47999954223633
2020-11-19,48.86000061035156
2020-11-20,46.540000915527344
2020-11-23,46.720001220703125
2020-11-24,45.88999938964844
2020-11-25,45.16999816894531
2020-11-27,46.22999954223633
2020-11-30,47.45000076293945
2020-12-01,48.22999954223633
2020-12-02,49.0
2020-12-03,47.54999923706055
2020-12-04,47.439998626708984
2020-12-07,48.777000427246094
2020-12-08,50.689998626708984
2020-12-09,53.369998931884766
2020-12-10,51.66999816894531
2020-12-11,55.36000061035156
2020-12-14,57.08000183105469
2020-12-15,57.0
2020-12-16,56.900001525878906
2020-12-17,56.630001068115234
2020-12-18,58.029998779296875
2020-12-21,59.13999938964844
2020-12-22,62.970001220703125
2020-12-23,65.21399688720703
2020-12-24,65.38999938964844
2020-12-28,64.56999969482422
2020-12-29,61.290000915527344
2020-12-30,59.66999816894531
2020-12-31,59.27000045776367
2021-01-04,59.27000045776367
2021-01-05,56.560001373291016
2021-01-06,55.0
2021-01-07,56.779998779296875
2021-01-08,59.09000015258789
2021-01-11,60.15999984741211
2021-01-12,62.84000015258789
2021-01-13,62.68000030517578
2021-01-14,65.26000213623047
2021-01-15,65.94999694824219
2021-01-19,68.80999755859375
2021-01-20,68.7300033569336
2021-01-21,67.05000305175781
2021-01-22,66.70999908447266
2021-01-25,67.1500015258789
2021-01-26,65.47000122070312
2021-01-27,60.88999938964844
2021-01-28,54.880001068115234
2021-01-29,58.18000030517578
2021-02-01,56.029998779296875
2021-02-02,57.880001068115234
2021-02-03,60.619998931884766
2021-02-04,59.59000015258789
2021-02-05,59.90999984741211
2021-02-08,62.060001373291016
2021-02-09,61.54999923706055
2021-02-10,63.25
2021-02-11,63.2400016784668
2021-02-12,64.95999908447266
2021-02-16,65.44999694824219
2021-02-17,62.91999816894531
2021-02-18,61.209999084472656
2021-02-19,61.38999938964844
2021-02-22,62.34000015258789
2021-02-23,56.0
2021-02-24,57.0
2021-02-25,55.040000915527344
2021-02-26,56.650001525878906
2021-03-01,56.95000076293945
2021-03-02,55.0
2021-03-03,52.88999938964844
2021-03-04,49.27000045776367
2021-03-05,43.95000076293945
2021-03-08,44.90999984741211
2021-03-09,40.66999816894531
2021-03-10,42.5
2021-03-11,42.93000030517578
2021-03-12,42.40999984741211
2021-03-15,41.599998474121094
2021-03-16,46.790000915527344
2021-03-17,43.369998931884766
2021-03-18,45.540000915527344
2021-03-19,42.02000045776367
2021-03-22,42.790000915527344
2021-03-23,42.900001525878906
2021-03-24,42.06999969482422
2021-03-25,38.11000061035156
2021-03-26,38.75
2021-03-29,38.209999084472656
2021-03-30,37.099998474121094
2021-03-31,38.18000030517578
2021-04-01,40.900001525878906
2021-04-05,41.18000030517578
2021-04-06,41.119998931884766
2021-04-07,42.34000015258789
2021-04-08,42.84000015258789
2021-04-09,41.900001525878906
2021-04-12,40.65800094604492
2021-04-13,40.849998474121094
2021-04-14,43.40999984741211
2021-04-15,43.040000915527344
2021-04-16,43.060001373291016
2021-04-19,41.25
2021-04-20,41.54999923706055
2021-04-21,39.79999923706055
2021-04-22,42.45000076293945
2021-04-23,43.2400016784668
2021-04-26,43.0
2021-04-27,44.349998474121094
2021-04-28,44.209999084472656
2021-04-29,43.83000183105469
2021-04-30,42.13999938964844
2021-05-03,41.61000061035156
2021-05-04,37.59000015258789
2021-05-05,36.29999923706055
2021-05-06,35.41999816894531
2021-05-07,36.529998779296875
2021-05-10,34.7599983215332
2021-05-11,30.59000015258789
2021-05-12,32.40999984741211
2021-05-13,33.290000915527344
2021-05-14,33.79999923706055
2021-05-17,34.02000045776367
2021-05-18,34.91999816894531
2021-05-19,34.310001373291016
2021-05-20,34.779998779296875
2021-05-21,36.4900016784668
2021-05-24,36.22999954223633
2021-05-25,36.88999938964844
2021-05-26,37.70000076293945
2021-05-27,37.0
2021-05-28,38.040000915527344
2021-06-01,37.779998779296875
2021-06-02,36.91999816894531
2021-06-03,36.91999816894531
2021-06-04,35.72999954223633
2021-06-07,35.44499969482422
2021-06-08,38.029998779296875
2021-06-09,35.61000061035156
2021-06-10,35.86000061035156
2021-06-11,37.84000015258789
2021-06-14,38.560001373291016
2021-06-15,39.43000030517578
2021-06-16,37.619998931884766
2021-06-17,37.5
2021-06-18,39.59000015258789
2021-06-21,39.47999954223633
2021-06-22,39.880001068115234
2021-06-23,39.869998931884766
2021-06-24,41.06999969482422
2021-06-25,40.2400016784668
2021-06-28,41.130001068115234
2021-06-29,42.439998626708984
2021-06-30,42.130001068115234
2021-07-01,40.810001373291016
2021-07-02,40.029998779296875
2021-07-06,39.220001220703125
2021-07-07,39.41999816894531
2021-07-08,36.650001525878906
2021-07-09,37.5
2021-07-12,39.08000183105469
2021-07-13,37.5099983215332
2021-07-14,36.79999923706055
2021-07-15,34.18000030517578
2021-07-16,35.310001373291016
2021-07-19,36.119998931884766
2021-07-20,36.81999969482422
2021-07-21,38.268001556396484
2021-07-22,38.279998779296875
2021-07-23,37.849998474121094
2021-07-26,38.4900016784668
2021-07-27,36.279998779296875
2021-07-28,35.599998474121094
2021-07-29,37.0
2021-07-30,36.36000061035156
2021-08-02,37.0
2021-08-03,36.7599983215332
2021-08-04,35.77000045776367
2021-08-05,38.0
2021-08-06,37.34000015258789
2021-08-09,35.310001373291016
2021-08-10,35.18000030517578
2021-08-11,34.58000183105469
2021-08-12,32.720001220703125
2021-08-13,32.59000015258789
2021-08-16,31.729999542236328
2021-08-17,30.469999313354492
2021-08-18,30.84000015258789
2021-08-19,30.34000015258789
2021-08-20,30.209999084472656
2021-08-23,31.099000930786133
2021-08-24,32.31999969482422
2021-08-25,33.540000915527344
2021-08-26,34.189998626708984
2021-08-27,33.79999923706055
2021-08-30,35.119998931884766
2021-08-31,35.72999954223633
2021-09-01,36.36000061035156
2021-09-02,38.290000915527344
2021-09-03,39.20000076293945
2021-09-07,39.619998931884766
2021-09-08,39.5
2021-09-09,37.59000015258789
2021-09-10,38.52000045776367
2021-09-13,38.27000045776367
2021-09-14,37.77000045776367
2021-09-15,36.130001068115234
2021-09-16,36.61000061035156
2021-09-17,38.619998931884766
2021-09-20,38.54999923706055
2021-09-21,37.709999084472656
2021-09-22,38.70000076293945
2021-09-23,39.2599983215332
2021-09-24,38.720001220703125
2021-09-27,36.08000183105469
2021-09-28,35.16999816894531
2021-09-29,33.93000030517578
2021-09-30,32.58000183105469
2021-10-01,33.77000045776367
2021-10-04,33.310001373291016
2021-10-05,32.540000915527344
2021-10-06,32.310001373291016
2021-10-07,32.470001220703125
2021-10-08,34.0
2021-10-11,32.380001068115234
2021-10-12,31.709999084472656
2021-10-13,33.029998779296875
2021-10-14,33.529998779296875
2021-10-15,33.59000015258789
2021-10-18,33.150001525878906
2021-10-19,32.20000076293945
2021-10-20,34.11000061035156
2021-10-21,33.90999984741211
2021-10-22,34.16999816894531
2021-10-25,33.59000015258789
2021-10-26,34.27000045776367
2021-10-27,33.720001220703125
2021-10-28,32.33000183105469
2021-10-29,34.41999816894531
2021-11-01,33.369998931884766
2021-11-02,35.439998626708984
2021-11-03,34.45000076293945
2021-11-04,36.0
2021-11-05,36.4900016784668
2021-11-08,36.849998474121094
2021-11-09,36.5099983215332
2021-11-10,34.209999084472656
2021-11-11,33.81999969482422
2021-11-12,33.959999084472656
2021-11-15,33.25
2021-11-16,32.59000015258789
2021-11-17,32.40999984741211
2021-11-18,32.06999969482422
2021-11-19,28.989999771118164
2021-11-22,27.3799991607666
2021-11-23,26.0
2021-11-24,26.809999465942383
2021-11-26,27.850000381469727
2021-11-29,28.239999771118164
2021-11-30,26.549999237060547
2021-12-01,26.469999313354492
2021-12-02,25.100000381469727
2021-12-03,26.34000015258789
2021-12-06,25.219999313354492
2021-12-07,25.93000030517578
2021-12-08,27.93000030517578
2021-12-09,28.40999984741211
2021-12-10,27.940000534057617
2021-12-13,26.540000915527344
2021-12-14,26.6200008392334
2021-12-15,26.639999389648438
2021-12-16,27.389999389648438
2021-12-17,26.229999542236328
2021-12-20,28.5
2021-12-21,28.09000015258789
2021-12-22,29.350000381469727
2021-12-23,29.229999542236328
2021-12-27,28.350000381469727
2021-12-28,26.920000076293945
2021-12-29,26.40999984741211
2021-12-30,26.28700065612793
2021-12-31,28.139999389648438
2022-01-03,28.1200008392334
2022-01-04,28.719999313354492
2022-01-05,26.5
2022-01-06,24.15999984741211
2022-01-07,23.31999969482422
2022-01-10,22.43000030517578
2022-01-11,21.920000076293945
2022-01-12,22.579999923706055
2022-01-13,21.290000915527344
2022-01-14,19.270000457763672
2022-01-18,18.899999618530273
2022-01-19,18.209999084472656
2022-01-20,17.979999542236328
2022-01-21,16.8799991607666
2022-01-24,15.770000457763672
2022-01-25,16.010000228881836
2022-01-26,16.25
2022-01-27,15.149999618530273
2022-01-28,14.390000343322754
2022-01-31,15.119999885559082
2022-02-01,17.59000015258789
2022-02-02,17.770000457763672
2022-02-03,16.190000534057617
2022-02-04,15.880000114440918
2022-02-07,16.700000762939453
2022-02-08,16.170000076293945
2022-02-09,16.5
2022-02-10,16.780000686645508
2022-02-11,16.65999984741211
2022-02-14,15.279999732971191
2022-02-15,15.109999656677246
2022-02-16,14.539999961853027
2022-02-17,15.130000114440918
2022-02-18,14.170000076293945
2022-02-22,13.15999984741211
2022-02-23,13.789999961853027
2022-02-24,12.239999771118164
2022-02-25,14.170000076293945
2022-02-28,14.109999656677246
2022-03-01,14.279999732971191
2022-03-02,14.25
2022-03-03,13.529999732971191
2022-03-04,12.989999771118164
2022-03-07,12.010000228881836
2022-03-08,11.829999923706055
2022-03-09,12.130000114440918
2022-03-10,12.369999885559082
2022-03-11,12.149999618530273
2022-03-14,10.90999984741211
2022-03-15,10.260000228881836
2022-03-16,11.09000015258789
2022-03-17,11.470000267028809
2022-03-18,12.220000267028809
2022-03-21,12.800000190734863
2022-03-22,12.640000343322754
2022-03-23,13.25
2022-03-24,13.300000190734863
2022-03-25,13.260000228881836
2022-03-28,12.819999694824219
2022-03-29,13.069999694824219
2022-03-30,14.039999961853027
2022-03-31,13.829999923706055
2022-04-01,13.960000038146973
2022-04-04,14.850000381469727
2022-04-05,14.539999961853027
2022-04-06,13.289999961853027
2022-04-07,13.170000076293945
2022-04-08,13.069999694824219
2022-04-11,12.3100004196167
2022-04-12,12.3100004196167
2022-04-13,11.829999923706055
2022-04-14,12.050000190734863
2022-04-18,10.789999961853027
2022-04-19,10.319999694824219
2022-04-20,10.420000076293945
2022-04-21,10.279999732971191
2022-04-22,9.399999618530273
2022-04-25,9.1899995803833
2022-04-26,9.270000457763672
2022-04-27,8.569999694824219
2022-04-28,8.539999961853027
2022-04-29,8.5
2022-05-02,8.210000038146973
2022-05-03,8.609999656677246
2022-05-04,8.880000114440918
2022-05-05,9.239999771118164
2022-05-06,8.6899995803833
2022-05-09,7.829999923706055
2022-05-10,7.5
2022-05-11,7.130000114440918
2022-05-12,6.260000228881836
2022-05-13,7.159999847412109
2022-05-16,8.140000343322754
2022-05-17,8.380000114440918
2022-05-18,7.989999771118164
2022-05-19,7.480000019073486
2022-05-20,7.920000076293945
2022-05-23,7.800000190734863
2022-05-24,7.75
2022-05-25,7.389999866485596
2022-05-26,7.539999961853027
2022-05-27,7.639999866485596
2022-05-31,8.180000305175781
2022-06-01,7.909999847412109
2022-06-02,7.25
2022-06-03,7.75
2022-06-06,7.130000114440918
2022-06-07,6.670000076293945
2022-06-08,6.909999847412109
2022-06-09,7.610000133514404
2022-06-10,7.199999809265137
2022-06-13,6.599999904632568
2022-06-14,6.440000057220459
2022-06-15,6.579999923706055
2022-06-16,6.869999885559082
2022-06-17,7.0
2022-06-21,7.480000019073486
2022-06-22,7.409999847412109
2022-06-23,7.829999923706055
2022-06-24,8.850000381469727
2022-06-27,8.75
2022-06-28,8.640000343322754
2022-06-29,8.119999885559082
2022-06-30,7.989999771118164
2022-07-01,8.069999694824219
2022-07-05,8.270000457763672
2022-07-06,9.149999618530273
2022-07-07,9.529999732971191
2022-07-08,10.470000267028809
2022-07-11,10.279999732971191
2022-07-12,9.550000190734863
2022-07-13,9.40999984741211
2022-07-14,9.779999732971191
2022-07-15,9.510000228881836
2022-07-18,9.789999961853027
2022-07-19,9.109999656677246
2022-07-20,9.34000015258789
2022-07-21,9.670000076293945
2022-07-22,9.770000457763672
2022-07-25,8.640000343322754
2022-07-26,8.670000076293945
2022-07-27,9.119999885559082
2022-07-28,9.130000114440918
2022-07-29,9.25
2022-08-01,9.100000381469727
2022-08-02,8.989999771118164
2022-08-03,9.729999542236328
2022-08-04,10.109999656677246
2022-08-05,10.986000061035156
2022-08-08,11.569999694824219
2022-08-09,11.40999984741211
2022-08-10,11.680000305175781
2022-08-11,12.739999771118164
2022-08-12,12.229999542236328
2022-08-15,12.260000228881836
2022-08-16,12.579999923706055
2022-08-17,11.720000267028809
2022-08-18,11.619999885559082
2022-08-19,10.930000305175781
2022-08-22,10.359999656677246
2022-08-23,10.399999618530273
2022-08-24,10.859999656677246
2022-08-25,11.050000190734863
2022-08-26,11.130000114440918
2022-08-29,10.239999771118164
2022-08-30,9.84000015258789
2022-08-31,8.8100004196167
2022-09-01,8.9399995803833
2022-09-02,9.229999542236328
2022-09-06,8.75
2022-09-07,8.260000228881836
2022-09-08,8.699999809265137
2022-09-09,9.270000457763672
2022-09-12,8.979999542236328
2022-09-13,8.5600004196167
2022-09-14,8.220000267028809
2022-09-15,8.029999732971191
2022-09-16,8.199999809265137
2022-09-19,7.559999942779541
2022-09-20,7.630000114440918
2022-09-21,7.639999866485596
2022-09-22,7.320000171661377
2022-09-23,6.809999942779541
2022-09-26,6.389999866485596
2022-09-27,6.679999828338623
2022-09-28,6.71999979019165
2022-09-29,6.96999979019165
2022-09-30,6.920000076293945
2022-10-03,7.21999979019165
2022-10-04,7.5
2022-10-05,7.96999979019165
2022-10-06,7.800000190734863
2022-10-07,7.610000133514404
2022-10-10,7.130000114440918
2022-10-11,6.860000133514404
2022-10-12,6.610000133514404
2022-10-13,6.369999885559082
2022-10-14,6.579999923706055
2022-10-17,6.5
2022-10-18,7.159999847412109
2022-10-19,6.679999828338623
2022-10-20,6.309999942779541
2022-10-21,6.369999885559082
2022-10-24,6.480000019073486
2022-10-25,6.760000228881836
2022-10-26,7.03000020980835
2022-10-27,7.550000190734863
2022-10-28,7.360000133514404
2022-10-31,7.539999961853027
2022-11-01,7.960000038146973
2022-11-02,8.380000114440918
2022-11-03,7.630000114440918
2022-11-04,8.289999961853027
2022-11-07,9.069999694824219
2022-11-08,7.730000019073486
2022-11-09,7.639999866485596
2022-11-10,7.949999809265137
2022-11-11,9.079999923706055
2022-11-14,9.220000267028809
2022-11-15,8.84000015258789
2022-11-16,8.869999885559082
2022-11-17,8.619999885559082
2022-11-18,8.569999694824219
2022-11-21,8.039999961853027
2022-11-22,8.350000381469727
2022-11-23,8.1899995803833
2022-11-25,8.210000038146973
2022-11-28,8.119999885559082
2022-11-29,8.130000114440918
2022-11-30,7.940000057220459
2022-12-01,8.829999923706055
2022-12-02,8.399999618530273
2022-12-05,8.90999984741211
2022-12-06,8.270000457763672
2022-12-07,7.760000228881836
2022-12-08,8.050000190734863
2022-12-09,8.829999923706055
2022-12-12,8.270000457763672
2022-12-13,9.149999618530273
2022-12-14,8.729999542236328
2022-12-15,8.0600004196167
2022-12-16,7.889999866485596
2022-12-19,8.0
2022-12-20,7.170000076293945
2022-12-21,7.820000171661377
2022-12-22,7.980000019073486
2022-12-23,8.050000190734863
2022-12-27,7.46999979019165
2022-12-28,6.860000133514404
2022-12-29,7.059999942779541
2022-12-30,7.429999828338623
2023-01-03,7.889999866485596
2023-01-04,7.980000019073486
2023-01-05,8.199999809265137
2023-01-06,8.140000343322754
2023-01-09,8.5
2023-01-10,8.579999923706055
2023-01-11,9.0
2023-01-12,9.5
2023-01-13,9.4399995803833
2023-01-17,9.920000076293945
2023-01-18,10.260000228881836
2023-01-19,9.710000038146973
2023-01-20,9.1899995803833
2023-01-23,9.199999809265137
2023-01-24,9.289999961853027
2023-01-25,8.760000228881836
2023-01-26,9.609999656677246
2023-01-27,9.079999923706055
2023-01-30,9.09000015258789
2023-01-31,9.029999732971191
2023-02-01,9.319999694824219
2023-02-02,9.6899995803833
2023-02-03,9.489999771118164
2023-02-06,9.699999809265137
2023-02-07,9.420000076293945
2023-02-08,9.550000190734863
2023-02-09,8.930000305175781
2023-02-10,8.609999656677246
2023-02-13,8.890000343322754
2023-02-14,8.729999542236328
2023-02-15,9.9399995803833
2023-02-16,9.90999984741211
2023-02-17,9.65999984741211
2023-02-21,9.270000457763672
2023-02-22,8.859999656677246
2023-02-23,8.920000076293945
2023-02-24,8.369999885559082
2023-02-27,8.510000228881836
2023-02-28,8.40999984741211
2023-03-01,8.569999694824219
2023-03-02,8.0
2023-03-03,8.649999618530273
2023-03-06,8.59000015258789
2023-03-07,8.449999809265137
2023-03-08,8.630000114440918
2023-03-09,8.819999694824219
2023-03-10,8.15999984741211
2023-03-13,7.869999885559082
2023-03-14,8.630000114440918
2023-03-15,7.869999885559082
2023-03-16,8.170000076293945
2023-03-17,8.300000190734863
2023-03-20,8.039999961853027
2023-03-21,8.140000343322754
2023-03-22,8.329999923706055
2023-03-23,8.029999732971191
2023-03-24,7.75
2023-03-27,8.550000190734863
2023-03-28,8.630000114440918
2023-03-29,8.40999984741211
2023-03-30,8.529999732971191
2023-03-31,8.539999961853027
2023-04-03,8.760000228881836
2023-04-04,8.760000228881836
2023-04-05,8.640000343322754
2023-04-06,8.420000076293945
2023-04-10,8.5
2023-04-11,8.619999885559082
2023-04-12,8.369999885559082
2023-04-13,8.180000305175781
2023-04-14,8.460000038146973
2023-04-17,7.96999979019165
2023-04-18,8.289999961853027
2023-04-19,8.140000343322754
2023-04-20,8.34000015258789
2023-04-21,8.34000015258789
2023-04-24,8.609999656677246
2023-04-25,8.119999885559082
2023-04-26,7.5
2023-04-27,7.369999885559082
2023-04-28,7.099999904632568
2023-05-01,7.190000057220459
2023-05-02,7.300000190734863
2023-05-03,7.119999885559082
2023-05-04,6.75
2023-05-05,6.519999980926514
2023-05-08,6.489999771118164
2023-05-09,6.650000095367432
2023-05-10,7.190000057220459
2023-05-11,7.0
2023-05-12,6.809999942779541
2023-05-15,6.460000038146973
2023-05-16,6.360000133514404
2023-05-17,6.230000019073486
2023-05-18,6.25
2023-05-19,6.269999980926514
2023-05-22,6.289999961853027
2023-05-23,6.340000152587891
2023-05-24,6.630000114440918
2023-05-25,7.150000095367432
2023-05-26,6.849999904632568
2023-05-30,7.019999980926514
2023-05-31,6.949999809265137
2023-06-01,6.960000038146973
2023-06-02,7.159999847412109
2023-06-05,7.480000019073486
2023-06-06,7.5
2023-06-07,7.920000076293945
2023-06-08,7.619999885559082
2023-06-09,7.389999866485596
2023-06-12,7.360000133514404
2023-06-13,8.199999809265137
2023-06-14,8.819999694824219
2023-06-15,8.420000076293945
2023-06-16,8.649999618530273
2023-06-20,8.34000015258789
2023-06-21,8.020000457763672
2023-06-22,7.800000190734863
2023-06-23,7.099999904632568
2023-06-26,6.940000057220459
2023-06-27,6.78000020980835
2023-06-28,6.78000020980835
2023-06-29,6.840000152587891
2023-06-30,6.909999847412109
2023-07-03,6.739999771118164
2023-07-05,6.699999809265137
2023-07-06,6.25
2023-07-07,6.050000190734863
2023-07-10,6.070000171661377
2023-07-11,6.630000114440918
2023-07-12,7.150000095367432
2023-07-13,7.619999885559082
2023-07-14,7.380000114440918
2023-07-17,7.159999847412109
2023-07-18,7.389999866485596
2023-07-19,7.599999904632568
2023-07-20,7.690000057220459
2023-07-21,7.78000020980835
2023-07-24,8.079999923706055
2023-07-25,7.769999980926514
2023-07-26,7.78000020980835
2023-07-27,8.1899995803833
2023-07-28,7.940000057220459
2023-07-31,8.15999984741211
2023-08-01,8.350000381469727
2023-08-02,8.050000190734863
2023-08-03,7.639999866485596
2023-08-04,7.190000057220459
2023-08-07,6.78000020980835
2023-08-08,6.599999904632568
2023-08-09,6.630000114440918
2023-08-10,6.5
2023-08-11,6.340000152587891
2023-08-14,6.239999771118164
2023-08-15,6.179999828338623
2023-08-16,6.199999809265137
2023-08-17,6.210000038146973
2023-08-18,6.010000228881836
2023-08-21,6.239999771118164
2023-08-22,6.489999771118164
2023-08-23,6.369999885559082
2023-08-24,6.5
2023-08-25,6.090000152587891
2023-08-28,6.210000038146973
2023-08-29,6.170000076293945
2023-08-30,6.639999866485596
2023-08-31,6.860000133514404
2023-09-01,6.820000171661377
2023-09-05,6.730000019073486
2023-09-06,6.630000114440918
2023-09-07,6.440000057220459
2023-09-08,6.289999961853027
2023-09-11,6.099999904632568
2023-09-12,6.199999809265137
2023-09-13,6.690000057220459
2023-09-14,6.610000133514404
2023-09-15,6.199999809265137
2023-09-18,6.039999961853027
2023-09-19,5.505000114440918
2023-09-20,5.460000038146973
2023-09-21,5.03000020980835
2023-09-22,5.210000038146973
2023-09-25,4.989999771118164
2023-09-26,5.900000095367432
2023-09-27,5.659999847412109
2023-09-28,5.639999866485596
2023-09-29,5.630000114440918
2023-10-02,5.440000057220459
2023-10-03,5.150000095367432
2023-10-04,5.260000228881836
2023-10-05,4.800000190734863
2023-10-06,4.679999828338623
2023-10-09,4.650000095367432
2023-10-10,4.630000114440918
2023-10-11,4.960000038146973
2023-10-12,4.789999961853027
2023-10-13,4.300000190734863
2023-10-16,4.239999771118164
2023-10-17,4.289999961853027
2023-10-18,4.389999866485596
2023-10-19,4.119999885559082
2023-10-20,4.050000190734863
2023-10-23,4.090000152587891
2023-10-24,4.190000057220459
2023-10-25,4.650000095367432
2023-10-26,4.300000190734863
2023-10-27,4.460000038146973
2023-10-30,4.340000152587891
2023-10-31,4.309999942779541
2023-11-01,4.46999979019165
2023-11-02,4.579999923706055
2023-11-03,4.960000038146973
2023-11-06,5.090000152587891
2023-11-07,4.75
2023-11-08,4.840000152587891
2023-11-09,4.590000152587891
2023-11-10,3.8299999237060547
2023-11-13,3.4200000762939453
2023-11-14,3.640000104904175
2023-11-15,4.110000133514404
2023-11-16,4.130000114440918
2023-11-17,4.059999942779541
2023-11-20,4.340000152587891
2023-11-21,4.400000095367432
2023-11-22,4.309999942779541
2023-11-24,4.230000019073486
2023-11-27,4.340000152587891
2023-11-28,4.320000171661377
2023-11-29,4.429999828338623
2023-11-30,4.679999828338623
2023-12-01,4.360000133514404
2023-12-04,4.690000057220459
2023-12-05,4.739999771118164
2023-12-06,4.400000095367432
2023-12-07,4.670000076293945
2023-12-08,4.630000114440918
2023-12-11,4.690000057220459
2023-12-12,4.659999847412109
2023-12-13,4.420000076293945
2023-12-14,5.190000057220459
2023-12-15,5.25
2023-12-18,4.900000095367432
2023-12-19,4.800000190734863
2023-12-20,5.079999923706055
2023-12-21,4.920000076293945
2023-12-22,5.110000133514404
2023-12-26,5.0
2023-12-27,5.199999809265137
2023-12-28,5.099999904632568
2023-12-29,5.349999904632568
2024-01-02,4.940000057220459
2024-01-03,4.699999809265137
2024-01-04,4.519999980926514
2024-01-05,4.539999961853027
2024-01-08,4.539999961853027
2024-01-09,4.630000114440918
2024-01-10,4.630000114440918
2024-01-11,4.739999771118164
2024-01-12,4.440000057220459
2024-01-16,4.300000190734863
2024-01-17,4.150000095367432
2024-01-18,4.090000152587891
2024-01-19,4.099999904632568
2024-01-22,4.130000114440918
2024-01-23,4.360000133514404
2024-01-24,4.46999979019165
2024-01-25,4.190000057220459
2024-01-26,4.019999980926514
2024-01-29,3.950000047683716
2024-01-30,4.090000152587891
2024-01-31,3.950000047683716
2024-02-01,3.700000047683716
2024-02-02,3.6500000953674316
2024-02-05,3.559999942779541
2024-02-06,3.4600000381469727
2024-02-07,3.799999952316284
2024-02-08,3.5799999237060547
2024-02-09,3.75
2024-02-12,3.7300000190734863
2024-02-13,3.6600000858306885
2024-02-14,3.6600000858306885
2024-02-15,3.5999999046325684
2024-02-16,3.9100000858306885
2024-02-20,3.859999895095825
2024-02-21,3.8299999237060547
2024-02-22,3.8499999046325684
2024-02-23,3.869999885559082
2024-02-26,4.019999980926514
2024-02-27,4.239999771118164
2024-02-28,4.170000076293945
2024-02-29,4.289999961853027
2024-03-01,4.110000133514404
2024-03-04,4.039999961853027
2024-03-05,3.4000000953674316
2024-03-06,3.8499999046325684
2024-03-07,3.640000104904175
2024-03-08,3.5299999713897705
2024-03-11,3.630000114440918
2024-03-12,3.7699999809265137
2024-03-13,3.5399999618530273
2024-03-14,3.369999885559082
2024-03-15,3.2300000190734863
2024-03-18,3.259999990463257
2024-03-19,3.140000104904175
2024-03-20,3.2699999809265137
2024-03-21,3.4100000858306885
2024-03-22,3.309999942779541
2024-03-25,3.240000009536743
2024-03-26,3.130000114440918
2024-03-27,2.950000047683716
2024-03-28,2.930000066757202
2024-04-01,3.2699999809265137
2024-04-02,3.0299999713897705
2024-04-03,2.9600000381469727
2024-04-04,2.7100000381469727
2024-04-05,2.7200000286102295
2024-04-08,2.630000114440918
2024-04-09,2.8499999046325684
2024-04-10,2.8299999237060547
2024-04-11,2.690000057220459
2024-04-12,2.5899999141693115
2024-04-15,3.009999990463257
2024-04-16,2.8499999046325684
2024-04-17,2.7699999809265137
2024-04-18,2.450000047683716
2024-04-19,2.309999942779541
2024-04-22,2.4100000858306885
2024-04-23,2.5
2024-04-24,2.5399999618530273
2024-04-25,2.5399999618530273
2024-04-26,2.609999895095825
2024-04-29,2.619999885559082
2024-04-30,2.7300000190734863
2024-05-01,2.630000114440918
2024-05-02,2.869999885559082
2024-05-03,2.990000009536743
2024-05-06,3.0399999618530273
2024-05-07,3.2799999713897705
2024-05-08,3.359999895095825
2024-05-09,3.200000047683716
2024-05-10,3.569999933242798
2024-05-13,3.509999990463257
2024-05-14,3.859999895095825
2024-05-15,4.070000171661377
2024-05-16,3.859999895095825
2024-05-17,3.75
2024-05-20,3.5899999141693115
2024-05-21,3.5399999618530273
2024-05-22,3.4700000286102295
2024-05-23,3.4700000286102295
2024-05-24,3.4700000286102295
2024-05-28,3.5
2024-05-29,3.509999990463257
2024-05-30,3.630000114440918
2024-05-31,3.630000114440918
2024-06-03,3.490000009536743
2024-06-04,3.309999942779541
2024-06-05,3.450000047683716
2024-06-06,3.7899999618530273
2024-06-07,3.809999942779541
2024-06-10,3.5799999237060547
2024-06-11,3.430000066757202
2024-06-12,3.5299999713897705
2024-06-13,3.450000047683716
2024-06-14,3.259999990463257
2024-06-17,3.109999895095825
2024-06-18,3.109999895095825
2024-06-20,3.049999952316284
2024-06-21,3.25
2024-06-24,3.240000009536743
2024-06-25,3.309999942779541
2024-06-26,3.3499999046325684
2024-06-27,3.3299999237060547
2024-06-28,3.5
2024-07-01,3.700000047683716
2024-07-02,3.5999999046325684
2024-07-03,3.380000114440918
2024-07-05,3.380000114440918
2024-07-08,3.559999942779541
2024-07-09,3.609999895095825
2024-07-10,3.5299999713897705
2024-07-11,3.6500000953674316
2024-07-12,3.9600000381469727
2024-07-15,4.019999980926514
2024-07-16,4.070000171661377
2024-07-17,4.400000095367432
2024-07-18,4.400000095367432
2024-07-19,4.21999979019165
2024-07-22,4.059999942779541
2024-07-23,4.179999828338623
2024-07-24,4.139999866485596
2024-07-25,4.190000057220459
2024-07-26,4.449999809265137
2024-07-29,4.5
2024-07-30,4.429999828338623
2024-07-31,4.659999847412109
2024-08-01,4.53000020980835
2024-08-02,4.050000190734863
2024-08-05,3.890000104904175
2024-08-06,4.360000133514404
2024-08-07,4.699999809265137
2024-08-08,4.199999809265137
2024-08-09,4.449999809265137
2024-08-12,4.480000019073486
2024-08-13,4.320000171661377
2024-08-14,4.610000133514404
2024-08-15,4.539999961853027
2024-08-16,4.860000133514404
2024-08-19,4.889999866485596
2024-08-20,4.800000190734863
2024-08-21,4.630000114440918
2024-08-22,4.619999885559082
2024-08-23,4.409999847412109
2024-08-26,4.949999809265137
2024-08-27,4.760000228881836
2024-08-28,4.630000114440918
2024-08-29,4.550000190734863
2024-08-30,4.710000038146973
2024-09-03,4.599999904632568
2024-09-04,4.46999979019165
2024-09-05,4.380000114440918
2024-09-06,4.340000152587891
2024-09-09,4.289999961853027
2024-09-10,4.269999980926514
2024-09-11,4.199999809265137
2024-09-12,4.400000095367432
2024-09-13,4.360000133514404
2024-09-16,4.579999923706055
2024-09-17,4.639999866485596
2024-09-18,4.639999866485596
2024-09-19,4.78000020980835
2024-09-20,4.71999979019165
2024-09-23,4.710000038146973
2024-09-24,4.25
2024-09-25,4.170000076293945
2024-09-26,4.110000133514404
2024-09-27,4.980000019073486
2024-09-30,4.980000019073486
2024-10-01,5.070000171661377
2024-10-02,5.070000171661377
2024-10-03,5.099999904632568
2024-10-04,5.190000057220459
2024-10-07,5.510000228881836
2024-10-08,5.389999866485596
2024-10-09,5.239999771118164
2024-10-10,4.869999885559082
2024-10-11,4.829999923706055
2024-10-14,5.099999904632568
2024-10-15,4.880000114440918
2024-10-16,4.989999771118164
2024-10-17,4.789999961853027
2024-10-18,4.659999847412109
2024-10-21,4.610000133514404
2024-10-22,4.550000190734863
2024-10-23,4.659999847412109
2024-10-24,4.78000020980835
2024-10-25,4.53000020980835
2024-10-28,4.489999771118164
2024-10-29,4.599999904632568
2024-10-30,4.650000095367432
2024-10-31,5.03000020980835
2024-11-01,4.900000095367432
2024-11-04,5.300000190734863
2024-11-05,5.170000076293945
2024-11-06,5.639999866485596
2024-11-07,5.789999961853027
2024-11-08,6.0
2024-11-11,6.0
2024-11-12,6.230000019073486
2024-11-13,6.0
2024-11-14,5.849999904632568
2024-11-15,5.630000114440918
2024-11-18,5.010000228881836
2024-11-19,4.579999923706055
2024-11-20,4.420000076293945
2024-11-21,4.389999866485596
2024-11-22,4.349999904632568
2024-11-25,4.809999942779541
2024-11-26,5.639999866485596
2024-11-27,5.71999979019165
2024-11-29,5.75
2024-12-02,5.949999809265137
2024-12-03,6.5
2024-12-04,6.300000190734863
2024-12-05,6.309999942779541
2024-12-06,6.190000057220459
2024-12-09,6.329999923706055
2024-12-10,6.440000057220459
2024-12-11,6.809999942779541
2024-12-12,6.289999961853027
2024-12-13,6.110000133514404
2024-12-16,6.289999961853027
2024-12-17,6.78000020980835
2024-12-18,6.630000114440918
2024-12-19,6.039999961853027
2024-12-20,5.840000152587891
2024-12-23,6.369999885559082
2024-12-24,6.329999923706055
2024-12-26,6.340000152587891
2024-12-27,6.489999771118164
2024-12-30,6.159999847412109
2024-12-31,6.139999866485596
2025-01-02,6.090000152587891
2025-01-03,6.309999942779541
2025-01-06,7.25
2025-01-07,7.050000190734863
2025-01-08,7.0
2025-01-10,6.480000019073486
2025-01-13,6.340000152587891
2025-01-14,6.559999942779541
2025-01-15,6.349999904632568
2025-01-16,7.190000057220459
2025-01-17,7.039999961853027
2025-01-21,6.949999809265137
2025-01-22,7.449999809265137
2025-01-23,7.989999771118164
2025-01-24,8.079999923706055
2025-01-27,7.840000152587891
2025-01-28,7.730000019073486
2025-01-29,7.860000133514404
2025-01-30,7.860000133514404
2025-01-31,7.960000038146973
2025-02-03,7.510000228881836
2025-02-04,7.659999847412109
2025-02-05,7.409999847412109
2025-02-06,8.170000076293945
2025-02-07,8.029999732971191
2025-02-10,7.869999885559082
2025-02-11,7.630000114440918
2025-02-12,7.550000190734863
2025-02-13,7.650000095367432
2025-02-14,8.600000381469727
2025-02-18,8.6899995803833
2025-02-19,8.140000343322754
2025-02-20,8.390000343322754
2025-02-21,8.470000267028809
2025-02-24,8.229999542236328
2025-02-25,8.517999649047852
2025-02-26,8.550000190734863
2025-02-27,8.40999984741211
2025-02-28,8.09000015258789
2025-03-03,8.300000190734863
2025-03-04,7.760000228881836
2025-03-05,6.965000152587891
2025-03-06,7.605999946594238
2025-03-07,7.679999828338623
2025-03-10,7.170000076293945
2025-03-11,6.710000038146973
2025-03-12,7.590000152587891
2025-03-13,7.5
2025-03-14,7.300000190734863
2025-03-17,7.260000228881836
2025-03-18,7.440000057220459
2025-03-19,7.300000190734863
2025-03-20,7.480000019073486
2025-03-21,8.050000190734863
2025-03-24,8.569999694824219
2025-03-25,8.609999656677246
2025-03-26,8.420000076293945
2025-03-27,8.170000076293945
2025-03-28,8.220000267028809
2025-03-31,7.269999980926514
2025-04-01,7.349999904632568
2025-04-02,7.380000114440918
2025-04-03,7.360000133514404
2025-04-04,7.099999904632568
