2011-12-15,25.0
2011-12-16,24.450000762939453
2011-12-19,24.5
2011-12-20,25.020000457763672
2011-12-21,25.639999389648438
2011-12-22,26.450000762939453
2011-12-23,27.520000457763672
2011-12-27,27.149999618530273
2011-12-28,27.579999923706055
2011-12-29,27.5
2011-12-30,27.309999465942383
2012-01-03,27.25
2012-01-04,27.190000534057617
2012-01-05,26.06999969482422
2012-01-06,26.450000762939453
2012-01-09,25.8700008392334
2012-01-10,26.469999313354492
2012-01-11,26.290000915527344
2012-01-12,26.469999313354492
2012-01-13,25.93000030517578
2012-01-17,26.780000686645508
2012-01-18,28.110000610351562
2012-01-19,28.690000534057617
2012-01-20,28.75
2012-01-23,29.709999084472656
2012-01-24,30.219999313354492
2012-01-25,29.760000228881836
2012-01-26,30.579999923706055
2012-01-27,29.739999771118164
2012-01-30,29.860000610351562
2012-01-31,29.950000762939453
2012-02-01,31.0
2012-02-02,31.56999969482422
2012-02-03,31.809999465942383
2012-02-06,32.63999938964844
2012-02-07,33.310001373291016
2012-02-08,32.97999954223633
2012-02-09,33.709999084472656
2012-02-10,33.5099983215332
2012-02-13,34.20000076293945
2012-02-14,39.4900016784668
2012-02-15,43.470001220703125
2012-02-16,42.75
2012-02-17,42.349998474121094
2012-02-21,42.06999969482422
2012-02-22,40.65999984741211
2012-02-23,40.7599983215332
2012-02-24,41.06999969482422
2012-02-27,41.81999969482422
2012-02-28,43.900001525878906
2012-02-29,42.720001220703125
2012-03-01,43.689998626708984
2012-03-02,46.400001525878906
2012-03-05,48.310001373291016
2012-03-06,47.099998474121094
2012-03-07,47.2599983215332
2012-03-08,46.869998931884766
2012-03-09,47.70000076293945
2012-03-12,46.939998626708984
2012-03-13,48.52000045776367
2012-03-14,48.900001525878906
2012-03-15,48.029998779296875
2012-03-16,47.720001220703125
2012-03-19,46.5099983215332
2012-03-20,47.02000045776367
2012-03-21,48.869998931884766
2012-03-22,48.20000076293945
2012-03-23,46.779998779296875
2012-03-26,47.630001068115234
2012-03-27,47.27000045776367
2012-03-28,46.06999969482422
2012-03-29,44.5
2012-03-30,46.2400016784668
2012-04-02,46.79999923706055
2012-04-03,46.220001220703125
2012-04-04,46.45000076293945
2012-04-05,47.27000045776367
2012-04-09,46.59000015258789
2012-04-10,46.5099983215332
2012-04-11,43.7400016784668
2012-04-12,42.900001525878906
2012-04-13,44.0
2012-04-16,44.31999969482422
2012-04-17,42.29999923706055
2012-04-18,42.599998474121094
2012-04-19,43.380001068115234
2012-04-20,41.900001525878906
2012-04-23,40.81999969482422
2012-04-24,43.54999923706055
2012-04-25,42.380001068115234
2012-04-26,42.619998931884766
2012-04-27,44.36000061035156
2012-04-30,45.91999816894531
2012-05-01,45.689998626708984
2012-05-02,48.189998626708984
2012-05-03,48.90999984741211
2012-05-04,45.970001220703125
2012-05-07,43.56999969482422
2012-05-08,41.959999084472656
2012-05-09,40.75
2012-05-10,41.970001220703125
2012-05-11,39.810001373291016
2012-05-14,40.0
2012-05-15,40.36000061035156
2012-05-16,40.709999084472656
2012-05-17,40.27000045776367
2012-05-18,37.849998474121094
2012-05-21,37.54999923706055
2012-05-22,40.900001525878906
2012-05-23,41.560001373291016
2012-05-24,41.779998779296875
2012-05-25,41.08000183105469
2012-05-29,41.540000915527344
2012-05-30,41.130001068115234
2012-05-31,40.529998779296875
2012-06-01,38.099998474121094
2012-06-04,37.75
2012-06-05,37.5
2012-06-06,39.400001525878906
2012-06-07,38.560001373291016
2012-06-08,36.52000045776367
2012-06-11,39.0
2012-06-12,42.380001068115234
2012-06-13,40.84000015258789
2012-06-14,38.720001220703125
2012-06-15,37.880001068115234
2012-06-18,38.619998931884766
2012-06-19,39.880001068115234
2012-06-20,40.79999923706055
2012-06-21,41.959999084472656
2012-06-22,41.59000015258789
2012-06-25,42.20000076293945
2012-06-26,42.61000061035156
2012-06-27,44.0
2012-06-28,42.470001220703125
2012-06-29,41.720001220703125
2012-07-02,42.029998779296875
2012-07-03,42.95000076293945
2012-07-05,42.5099983215332
2012-07-06,43.4900016784668
2012-07-09,42.849998474121094
2012-07-10,43.0
2012-07-11,42.060001373291016
2012-07-12,40.0
2012-07-13,39.45000076293945
2012-07-16,39.060001373291016
2012-07-17,39.20000076293945
2012-07-18,38.77000045776367
2012-07-19,41.119998931884766
2012-07-20,41.22999954223633
2012-07-23,38.29999923706055
2012-07-24,39.65999984741211
2012-07-25,39.79999923706055
2012-07-26,40.400001525878906
2012-07-27,41.75
2012-07-30,41.54999923706055
2012-07-31,39.66999816894531
2012-08-01,41.54999923706055
2012-08-02,40.09000015258789
2012-08-03,40.369998931884766
2012-08-06,41.560001373291016
2012-08-07,44.189998626708984
2012-08-08,42.939998626708984
2012-08-09,42.869998931884766
2012-08-10,43.02000045776367
2012-08-13,43.060001373291016
2012-08-14,48.099998474121094
2012-08-15,49.93000030517578
2012-08-16,49.52000045776367
2012-08-17,48.540000915527344
2012-08-20,52.380001068115234
2012-08-21,52.22999954223633
2012-08-22,51.47999954223633
2012-08-23,51.83000183105469
2012-08-24,51.68000030517578
2012-08-27,54.4900016784668
2012-08-28,53.560001373291016
2012-08-29,54.029998779296875
2012-08-30,53.43000030517578
2012-08-31,53.33000183105469
2012-09-04,54.0
2012-09-05,53.54999923706055
2012-09-06,53.2400016784668
2012-09-07,55.54999923706055
2012-09-10,53.75
2012-09-11,53.029998779296875
2012-09-12,53.84000015258789
2012-09-13,53.52000045776367
2012-09-14,54.709999084472656
2012-09-17,53.380001068115234
2012-09-18,53.66999816894531
2012-09-19,53.0099983215332
2012-09-20,52.029998779296875
2012-09-21,54.75
2012-09-24,56.599998474121094
2012-09-25,54.20000076293945
2012-09-26,51.93000030517578
2012-09-27,53.029998779296875
2012-09-28,52.790000915527344
2012-10-01,53.79999923706055
2012-10-02,53.11000061035156
2012-10-03,53.709999084472656
2012-10-04,53.43000030517578
2012-10-05,54.0
2012-10-08,53.33000183105469
2012-10-09,53.34000015258789
2012-10-10,52.380001068115234
2012-10-11,53.029998779296875
2012-10-12,52.650001525878906
2012-10-15,53.0
2012-10-16,53.97999954223633
2012-10-17,57.06999969482422
2012-10-18,56.560001373291016
2012-10-19,56.59000015258789
2012-10-22,55.060001373291016
2012-10-23,54.470001220703125
2012-10-24,55.79999923706055
2012-10-25,55.5099983215332
2012-10-26,53.959999084472656
2012-10-31,55.36000061035156
2012-11-01,55.33000183105469
2012-11-02,57.9900016784668
2012-11-05,56.20000076293945
2012-11-06,56.06999969482422
2012-11-07,55.060001373291016
2012-11-08,54.59000015258789
2012-11-09,50.25
2012-11-12,50.97999954223633
2012-11-13,51.689998626708984
2012-11-14,51.41999816894531
2012-11-15,47.970001220703125
2012-11-16,48.52000045776367
2012-11-19,51.75
2012-11-20,51.0099983215332
2012-11-21,51.75
2012-11-23,51.63999938964844
2012-11-26,51.63999938964844
2012-11-27,51.25
2012-11-28,50.75
2012-11-29,53.06999969482422
2012-11-30,53.0
2012-12-03,53.47999954223633
2012-12-04,53.189998626708984
2012-12-05,52.400001525878906
2012-12-06,50.65999984741211
2012-12-07,52.08000183105469
2012-12-10,51.27000045776367
2012-12-11,51.09000015258789
2012-12-12,51.290000915527344
2012-12-13,49.66999816894531
2012-12-14,49.060001373291016
2012-12-17,50.11000061035156
2012-12-18,50.72999954223633
2012-12-19,53.709999084472656
2012-12-20,53.56999969482422
2012-12-21,53.08000183105469
2012-12-24,53.65999984741211
2012-12-26,53.40999984741211
2012-12-27,50.15999984741211
2012-12-28,48.630001068115234
2012-12-31,49.16999816894531
2013-01-02,52.41999816894531
2013-01-03,51.5099983215332
2013-01-04,52.04999923706055
2013-01-07,51.97999954223633
2013-01-08,52.779998779296875
2013-01-09,53.279998779296875
2013-01-10,52.61000061035156
2013-01-11,51.79999923706055
2013-01-14,53.099998474121094
2013-01-15,53.84000015258789
2013-01-16,52.88999938964844
2013-01-17,54.099998474121094
2013-01-18,53.189998626708984
2013-01-22,54.279998779296875
2013-01-23,54.41999816894531
2013-01-24,55.650001525878906
2013-01-25,57.5
2013-01-28,59.060001373291016
2013-01-29,57.25
2013-01-30,57.400001525878906
2013-01-31,56.54999923706055
2013-02-01,56.83000183105469
2013-02-04,55.720001220703125
2013-02-05,55.0
2013-02-06,55.650001525878906
2013-02-07,56.02000045776367
2013-02-08,57.119998931884766
2013-02-11,57.709999084472656
2013-02-12,64.38999938964844
2013-02-13,61.779998779296875
2013-02-14,61.279998779296875
2013-02-15,61.689998626708984
2013-02-19,64.30999755859375
2013-02-20,62.9900016784668
2013-02-21,60.810001373291016
2013-02-22,59.56999969482422
2013-02-25,59.099998474121094
2013-02-26,58.279998779296875
2013-02-27,59.369998931884766
2013-02-28,59.83000183105469
2013-03-01,59.0
2013-03-04,59.36000061035156
2013-03-05,59.95000076293945
2013-03-06,60.86000061035156
2013-03-07,61.060001373291016
2013-03-08,58.849998474121094
2013-03-11,57.790000915527344
2013-03-12,55.11000061035156
2013-03-13,57.599998474121094
2013-03-14,58.709999084472656
2013-03-15,57.7599983215332
2013-03-18,56.72999954223633
2013-03-19,58.2400016784668
2013-03-20,56.52000045776367
2013-03-21,55.75
2013-03-22,55.56999969482422
2013-03-25,55.880001068115234
2013-03-26,55.59000015258789
2013-03-27,54.939998626708984
2013-03-28,56.58000183105469
2013-04-01,56.790000915527344
2013-04-02,55.88999938964844
2013-04-03,54.18000030517578
2013-04-04,54.88999938964844
2013-04-05,53.709999084472656
2013-04-08,55.130001068115234
2013-04-09,56.060001373291016
2013-04-10,55.97999954223633
2013-04-11,55.150001525878906
2013-04-12,56.470001220703125
2013-04-15,55.72999954223633
2013-04-16,54.4900016784668
2013-04-17,52.63999938964844
2013-04-18,54.0
2013-04-19,53.61000061035156
2013-04-22,53.04999923706055
2013-04-23,53.70000076293945
2013-04-24,54.34000015258789
2013-04-25,54.33000183105469
2013-04-26,56.470001220703125
2013-04-29,56.209999084472656
2013-04-30,56.119998931884766
2013-05-01,56.56999969482422
2013-05-02,56.52000045776367
2013-05-03,57.540000915527344
2013-05-06,58.43000030517578
2013-05-07,58.04999923706055
2013-05-08,58.47999954223633
2013-05-09,58.2400016784668
2013-05-10,59.31999969482422
2013-05-13,61.54999923706055
2013-05-14,61.18000030517578
2013-05-15,61.720001220703125
2013-05-16,60.61000061035156
2013-05-17,60.25
2013-05-20,61.13999938964844
2013-05-21,60.900001525878906
2013-05-22,61.2400016784668
2013-05-23,59.02000045776367
2013-05-24,59.52000045776367
2013-05-28,62.13999938964844
2013-05-29,63.040000915527344
2013-05-30,64.54000091552734
2013-05-31,65.05999755859375
2013-06-03,63.0099983215332
2013-06-04,62.459999084472656
2013-06-05,61.0
2013-06-06,61.060001373291016
2013-06-07,62.560001373291016
2013-06-10,63.08000183105469
2013-06-11,61.849998474121094
2013-06-12,61.47999954223633
2013-06-13,60.33000183105469
2013-06-14,59.529998779296875
2013-06-17,61.439998626708984
2013-06-18,61.22999954223633
2013-06-19,61.880001068115234
2013-06-20,60.88999938964844
2013-06-21,60.0
2013-06-24,58.150001525878906
2013-06-25,58.439998626708984
2013-06-26,59.75
2013-06-27,59.869998931884766
2013-06-28,60.9900016784668
2013-07-01,62.13999938964844
2013-07-02,62.09000015258789
2013-07-03,61.959999084472656
2013-07-05,62.790000915527344
2013-07-08,63.45000076293945
2013-07-09,64.05000305175781
2013-07-10,64.61000061035156
2013-07-11,64.8499984741211
2013-07-12,64.37999725341797
2013-07-15,62.5
2013-07-16,62.66999816894531
2013-07-17,62.970001220703125
2013-07-18,63.0
2013-07-19,61.81999969482422
2013-07-22,62.0099983215332
2013-07-23,62.849998474121094
2013-07-24,63.380001068115234
2013-07-25,63.970001220703125
2013-07-26,64.08000183105469
2013-07-29,64.80999755859375
2013-07-30,65.0
2013-07-31,66.2300033569336
2013-08-01,68.12000274658203
2013-08-02,69.0199966430664
2013-08-05,69.0199966430664
2013-08-06,70.7699966430664
2013-08-07,70.2699966430664
2013-08-08,70.11000061035156
2013-08-09,71.06999969482422
2013-08-12,71.7300033569336
2013-08-13,72.76000213623047
2013-08-14,72.5
2013-08-15,71.75
2013-08-16,70.58000183105469
2013-08-19,70.1500015258789
2013-08-20,70.02999877929688
2013-08-21,71.26000213623047
2013-08-22,71.94999694824219
2013-08-23,72.4800033569336
2013-08-26,72.94999694824219
2013-08-27,72.0
2013-08-28,71.0999984741211
2013-08-29,71.52999877929688
2013-08-30,73.5999984741211
2013-09-03,74.69999694824219
2013-09-04,74.66999816894531
2013-09-05,75.91000366210938
2013-09-06,76.0
2013-09-09,75.76000213623047
2013-09-10,76.19999694824219
2013-09-11,73.55000305175781
2013-09-12,74.7300033569336
2013-09-13,73.7699966430664
2013-09-16,74.70999908447266
2013-09-17,74.12000274658203
2013-09-18,75.20999908447266
2013-09-19,75.7300033569336
2013-09-20,77.29000091552734
2013-09-23,75.13999938964844
2013-09-24,75.0
2013-09-25,74.18000030517578
2013-09-26,73.91999816894531
2013-09-27,74.0
2013-09-30,73.86000061035156
2013-10-01,74.73999786376953
2013-10-02,75.72000122070312
2013-10-03,75.88999938964844
2013-10-04,75.02999877929688
2013-10-07,75.58999633789062
2013-10-08,74.33999633789062
2013-10-09,72.47000122070312
2013-10-10,73.30000305175781
2013-10-11,74.41999816894531
2013-10-14,72.94999694824219
2013-10-15,75.38999938964844
2013-10-16,73.75
2013-10-17,74.13999938964844
2013-10-18,74.47000122070312
2013-10-21,75.98999786376953
2013-10-22,76.19000244140625
2013-10-23,78.19999694824219
2013-10-24,77.69000244140625
2013-10-25,77.72000122070312
2013-10-28,76.36000061035156
2013-10-29,78.7300033569336
2013-10-30,77.94999694824219
2013-10-31,77.01000213623047
2013-11-01,77.1500015258789
2013-11-04,75.80999755859375
2013-11-05,76.73999786376953
2013-11-06,80.12000274658203
2013-11-07,79.5199966430664
2013-11-08,77.80000305175781
2013-11-11,80.44999694824219
2013-11-12,81.1500015258789
2013-11-13,81.87999725341797
2013-11-14,82.4000015258789
2013-11-15,81.8499984741211
2013-11-18,83.0
2013-11-19,81.0
2013-11-20,80.08000183105469
2013-11-21,79.37000274658203
2013-11-22,80.73999786376953
2013-11-25,81.0
2013-11-26,80.37999725341797
2013-11-27,80.9000015258789
2013-11-29,82.5
2013-12-02,81.6500015258789
2013-12-03,81.43000030517578
2013-12-04,80.38999938964844
2013-12-05,80.52999877929688
2013-12-06,81.0
2013-12-09,79.95999908447266
2013-12-10,80.61000061035156
2013-12-11,81.79000091552734
2013-12-12,80.66999816894531
2013-12-13,83.0199966430664
2013-12-16,82.45999908447266
2013-12-17,82.5999984741211
2013-12-18,83.19000244140625
2013-12-19,84.1500015258789
2013-12-20,84.26000213623047
2013-12-23,84.0
2013-12-24,80.88999938964844
2013-12-26,81.6500015258789
2013-12-27,81.2699966430664
2013-12-30,80.73999786376953
2013-12-31,80.5999984741211
2014-01-02,80.94000244140625
2014-01-03,82.41999816894531
2014-01-06,82.8499984741211
2014-01-07,80.26000213623047
2014-01-08,78.66999816894531
2014-01-09,78.05999755859375
2014-01-10,79.0199966430664
2014-01-13,79.19999694824219
2014-01-14,76.69999694824219
2014-01-15,77.38999938964844
2014-01-16,76.91000366210938
2014-01-17,77.66999816894531
2014-01-21,77.47000122070312
2014-01-22,77.47000122070312
2014-01-23,79.38999938964844
2014-01-24,79.69999694824219
2014-01-27,80.41000366210938
2014-01-28,81.62999725341797
2014-01-29,81.2699966430664
2014-01-30,80.5
2014-01-31,79.5199966430664
2014-02-03,80.4000015258789
2014-02-04,93.0
2014-02-05,88.37999725341797
2014-02-06,91.0999984741211
2014-02-07,91.69000244140625
2014-02-10,94.37999725341797
2014-02-11,95.94000244140625
2014-02-12,96.5
2014-02-13,96.0
2014-02-14,98.23999786376953
2014-02-18,99.5
2014-02-19,98.9000015258789
2014-02-20,97.79000091552734
2014-02-21,98.4800033569336
2014-02-24,97.62000274658203
2014-02-25,98.87999725341797
2014-02-26,100.30000305175781
2014-02-27,99.26000213623047
2014-02-28,99.81999969482422
2014-03-03,97.4000015258789
2014-03-04,99.0
2014-03-05,99.02999877929688
2014-03-06,99.30000305175781
2014-03-07,99.16000366210938
2014-03-10,98.41000366210938
2014-03-11,98.45999908447266
2014-03-12,97.5999984741211
2014-03-13,98.5
2014-03-14,97.19000244140625
2014-03-17,98.5
2014-03-18,96.52999877929688
2014-03-19,96.94999694824219
2014-03-20,98.16999816894531
2014-03-21,98.41999816894531
2014-03-24,97.97000122070312
2014-03-25,94.83000183105469
2014-03-26,93.69000244140625
2014-03-27,91.94999694824219
2014-03-28,91.68000030517578
2014-03-31,93.62999725341797
2014-04-01,93.87000274658203
2014-04-02,95.55999755859375
2014-04-03,95.30000305175781
2014-04-04,93.04000091552734
2014-04-07,89.31999969482422
2014-04-08,86.72000122070312
2014-04-09,89.52999877929688
2014-04-10,90.51000213623047
2014-04-11,88.77999877929688
2014-04-14,87.6500015258789
2014-04-15,87.56999969482422
2014-04-16,90.08000183105469
2014-04-17,90.05000305175781
2014-04-21,90.29000091552734
2014-04-22,91.54000091552734
2014-04-23,93.19999694824219
2014-04-24,91.76000213623047
2014-04-25,91.11000061035156
2014-04-28,90.58000183105469
2014-04-29,87.94999694824219
2014-04-30,91.9000015258789
2014-05-01,91.05000305175781
2014-05-02,92.81999969482422
2014-05-05,92.70999908447266
2014-05-06,94.5
2014-05-07,93.30999755859375
2014-05-08,91.33000183105469
2014-05-09,91.41999816894531
2014-05-12,92.30999755859375
2014-05-13,94.83999633789062
2014-05-14,94.1500015258789
2014-05-15,92.87999725341797
2014-05-16,91.22000122070312
2014-05-19,92.62999725341797
2014-05-20,93.87999725341797
2014-05-21,92.33000183105469
2014-05-22,93.11000061035156
2014-05-23,93.80000305175781
2014-05-27,98.0199966430664
2014-05-28,95.04000091552734
2014-05-29,97.04000091552734
2014-05-30,93.56999969482422
2014-06-02,94.54000091552734
2014-06-03,93.83999633789062
2014-06-04,94.44000244140625
2014-06-05,93.44999694824219
2014-06-06,93.76000213623047
2014-06-09,94.3499984741211
2014-06-10,94.0999984741211
2014-06-11,93.9800033569336
2014-06-12,94.87999725341797
2014-06-13,94.61000061035156
2014-06-16,93.8499984741211
2014-06-17,90.5
2014-06-18,91.47000122070312
2014-06-19,90.95999908447266
2014-06-20,89.9000015258789
2014-06-23,88.58999633789062
2014-06-24,88.5199966430664
2014-06-25,88.44999694824219
2014-06-26,90.0
2014-06-27,90.16999816894531
2014-06-30,90.0
2014-07-01,89.16000366210938
2014-07-02,89.45999908447266
2014-07-03,90.83000183105469
2014-07-07,90.0999984741211
2014-07-08,90.70999908447266
2014-07-09,89.93000030517578
2014-07-10,89.9000015258789
2014-07-11,89.13999938964844
2014-07-14,89.16000366210938
2014-07-15,82.69000244140625
2014-07-16,77.8499984741211
2014-07-17,81.54000091552734
2014-07-18,83.25
2014-07-21,81.5
2014-07-22,82.87000274658203
2014-07-23,82.54000091552734
2014-07-24,82.1500015258789
2014-07-25,81.58000183105469
2014-07-28,81.55000305175781
2014-07-29,84.19999694824219
2014-07-30,83.0199966430664
2014-07-31,83.2699966430664
2014-08-01,81.5
2014-08-04,79.18000030517578
2014-08-05,76.83999633789062
2014-08-06,78.94999694824219
2014-08-07,79.83999633789062
2014-08-08,78.72000122070312
2014-08-11,79.97000122070312
2014-08-12,80.05000305175781
2014-08-13,77.95999908447266
2014-08-14,78.94000244140625
2014-08-15,78.5199966430664
2014-08-18,78.5199966430664
2014-08-19,79.43000030517578
2014-08-20,79.9000015258789
2014-08-21,82.86000061035156
2014-08-22,81.80000305175781
2014-08-25,82.9000015258789
2014-08-26,82.08999633789062
2014-08-27,83.2699966430664
2014-08-28,81.9000015258789
2014-08-29,81.18000030517578
2014-09-02,80.1500015258789
2014-09-03,81.05999755859375
2014-09-04,79.47000122070312
2014-09-05,76.2300033569336
2014-09-08,76.58000183105469
2014-09-09,76.69000244140625
2014-09-10,75.9000015258789
2014-09-11,75.16000366210938
2014-09-12,76.0999984741211
2014-09-15,76.61000061035156
2014-09-16,76.66000366210938
2014-09-17,76.5999984741211
2014-09-18,76.37999725341797
2014-09-19,77.6500015258789
2014-09-22,76.80000305175781
2014-09-23,75.0999984741211
2014-09-24,74.6500015258789
2014-09-25,74.30999755859375
2014-09-26,73.58000183105469
2014-09-29,70.72000122070312
2014-09-30,71.95999908447266
2014-10-01,71.56999969482422
2014-10-02,71.41999816894531
2014-10-03,74.63999938964844
2014-10-06,75.86000061035156
2014-10-07,75.18000030517578
2014-10-08,75.48999786376953
2014-10-09,76.87000274658203
2014-10-10,74.73999786376953
2014-10-13,73.63999938964844
2014-10-14,72.19000244140625
2014-10-15,71.6500015258789
2014-10-16,70.43000030517578
2014-10-17,72.9000015258789
2014-10-20,71.30999755859375
2014-10-21,73.27999877929688
2014-10-22,75.12000274658203
2014-10-23,75.55000305175781
2014-10-24,75.69999694824219
2014-10-27,75.55999755859375
2014-10-28,76.69000244140625
2014-10-29,77.12999725341797
2014-10-30,76.70999908447266
2014-10-31,78.69999694824219
2014-11-03,78.69999694824219
2014-11-04,71.98999786376953
2014-11-05,71.81999969482422
2014-11-06,73.29000091552734
2014-11-07,72.4800033569336
2014-11-10,70.1500015258789
2014-11-11,69.01000213623047
2014-11-12,69.0
2014-11-13,71.06999969482422
2014-11-14,70.75
2014-11-17,72.0
2014-11-18,72.5
2014-11-19,72.91000366210938
2014-11-20,72.80000305175781
2014-11-21,74.55000305175781
2014-11-24,74.30000305175781
2014-11-25,76.54000091552734
2014-11-26,76.75
2014-11-28,76.31999969482422
2014-12-01,76.36000061035156
2014-12-02,74.05999755859375
2014-12-03,74.1500015258789
2014-12-04,75.76000213623047
2014-12-05,76.69000244140625
2014-12-08,77.27999877929688
2014-12-09,75.38999938964844
2014-12-10,75.97000122070312
2014-12-11,75.80000305175781
2014-12-12,75.77999877929688
2014-12-15,77.06999969482422
2014-12-16,77.04000091552734
2014-12-17,76.51000213623047
2014-12-18,76.43000030517578
2014-12-19,74.77999877929688
2014-12-22,74.69999694824219
2014-12-23,74.62999725341797
2014-12-24,75.61000061035156
2014-12-26,75.9000015258789
2014-12-29,75.08000183105469
2014-12-30,74.94000244140625
2014-12-31,75.63999938964844
2015-01-02,75.55999755859375
2015-01-05,74.31999969482422
2015-01-06,69.2699966430664
2015-01-07,67.51000213623047
2015-01-08,69.0999984741211
2015-01-09,70.0999984741211
2015-01-12,69.41999816894531
2015-01-13,69.77999877929688
2015-01-14,65.20999908447266
2015-01-15,67.36000061035156
2015-01-16,65.9800033569336
2015-01-20,66.80999755859375
2015-01-21,68.72000122070312
2015-01-22,68.77999877929688
2015-01-23,69.86000061035156
2015-01-26,69.87000274658203
2015-01-27,69.30000305175781
2015-01-28,71.30999755859375
2015-01-29,72.47000122070312
2015-01-30,71.43000030517578
2015-02-02,70.8499984741211
2015-02-03,70.6500015258789
2015-02-04,69.68000030517578
2015-02-05,68.0
2015-02-06,70.08000183105469
2015-02-09,71.73999786376953
2015-02-10,72.08000183105469
2015-02-11,71.33000183105469
2015-02-12,71.5199966430664
2015-02-13,71.7300033569336
2015-02-17,72.9000015258789
2015-02-18,72.45999908447266
2015-02-19,70.1500015258789
2015-02-20,69.47000122070312
2015-02-23,68.9800033569336
2015-02-24,70.0999984741211
2015-02-25,69.38999938964844
2015-02-26,68.66000366210938
2015-02-27,68.12000274658203
2015-03-02,67.45999908447266
2015-03-03,67.58999633789062
2015-03-04,68.16999816894531
2015-03-05,67.1500015258789
2015-03-06,66.9800033569336
2015-03-09,64.30000305175781
2015-03-10,63.880001068115234
2015-03-11,64.69000244140625
2015-03-12,65.48999786376953
2015-03-13,65.38999938964844
2015-03-16,64.98999786376953
2015-03-17,64.25
2015-03-18,64.80999755859375
2015-03-19,66.52999877929688
2015-03-20,67.12000274658203
2015-03-23,66.51000213623047
2015-03-24,67.81999969482422
2015-03-25,67.94000244140625
2015-03-26,67.61000061035156
2015-03-27,66.62999725341797
2015-03-30,67.25
2015-03-31,66.2699966430664
2015-04-01,64.02999877929688
2015-04-02,64.18000030517578
2015-04-06,63.06999969482422
2015-04-07,63.599998474121094
2015-04-08,64.1500015258789
2015-04-09,65.0999984741211
2015-04-10,65.18000030517578
2015-04-13,64.36000061035156
2015-04-14,64.05999755859375
2015-04-15,63.34000015258789
2015-04-16,63.47999954223633
2015-04-17,63.439998626708984
2015-04-20,62.459999084472656
2015-04-21,62.29999923706055
2015-04-22,62.22999954223633
2015-04-23,62.5099983215332
2015-04-24,63.560001373291016
2015-04-27,63.4900016784668
2015-04-28,62.0
2015-04-29,62.38999938964844
2015-04-30,62.25
2015-05-01,62.11000061035156
2015-05-04,62.54999923706055
2015-05-05,62.560001373291016
2015-05-06,62.18000030517578
2015-05-07,62.38999938964844
2015-05-08,62.83000183105469
2015-05-11,62.43000030517578
2015-05-12,62.5
2015-05-13,61.63999938964844
2015-05-14,61.06999969482422
2015-05-15,61.150001525878906
2015-05-18,61.2599983215332
2015-05-19,61.099998474121094
2015-05-20,60.900001525878906
2015-05-21,60.56999969482422
2015-05-22,61.65999984741211
2015-05-26,61.5
2015-05-27,60.59000015258789
2015-05-28,45.61000061035156
2015-05-29,46.0
2015-06-01,46.97999954223633
2015-06-02,47.91999816894531
2015-06-03,48.91999816894531
2015-06-04,48.099998474121094
2015-06-05,49.22999954223633
2015-06-08,48.84000015258789
2015-06-09,48.0099983215332
2015-06-10,48.720001220703125
2015-06-11,48.31999969482422
2015-06-12,47.599998474121094
2015-06-15,47.849998474121094
2015-06-16,47.08000183105469
2015-06-17,46.599998474121094
2015-06-18,46.70000076293945
2015-06-19,46.27000045776367
2015-06-22,46.84000015258789
2015-06-23,47.439998626708984
2015-06-24,46.810001373291016
2015-06-25,46.5099983215332
2015-06-26,45.33000183105469
2015-06-29,44.29999923706055
2015-06-30,43.599998474121094
2015-07-01,42.630001068115234
2015-07-02,43.13999938964844
2015-07-06,42.68000030517578
2015-07-07,41.84000015258789
2015-07-08,42.130001068115234
2015-07-09,42.15999984741211
2015-07-10,42.38999938964844
2015-07-13,42.869998931884766
2015-07-14,43.90999984741211
2015-07-15,43.220001220703125
2015-07-16,42.29999923706055
2015-07-17,41.400001525878906
2015-07-20,40.90999984741211
2015-07-21,40.099998474121094
2015-07-22,40.689998626708984
2015-07-23,40.08000183105469
2015-07-24,39.97999954223633
2015-07-27,39.119998931884766
2015-07-28,39.18000030517578
2015-07-29,39.25
2015-07-30,40.119998931884766
2015-07-31,41.4900016784668
2015-08-03,41.400001525878906
2015-08-04,38.81999969482422
2015-08-05,39.06999969482422
2015-08-06,42.380001068115234
2015-08-07,43.5099983215332
2015-08-10,44.119998931884766
2015-08-11,44.68000030517578
2015-08-12,44.9900016784668
2015-08-13,44.34000015258789
2015-08-14,43.650001525878906
2015-08-17,43.060001373291016
2015-08-18,43.099998474121094
2015-08-19,42.810001373291016
2015-08-20,42.86000061035156
2015-08-21,41.689998626708984
2015-08-24,36.75
2015-08-25,39.540000915527344
2015-08-26,40.0099983215332
2015-08-27,41.560001373291016
2015-08-28,43.0
2015-08-31,43.16999816894531
2015-09-01,42.790000915527344
2015-09-02,43.310001373291016
2015-09-03,44.4900016784668
2015-09-04,43.79999923706055
2015-09-08,44.83000183105469
2015-09-09,44.939998626708984
2015-09-10,43.63999938964844
2015-09-11,43.4900016784668
2015-09-14,44.04999923706055
2015-09-15,43.040000915527344
2015-09-16,43.459999084472656
2015-09-17,43.95000076293945
2015-09-18,43.459999084472656
2015-09-21,43.45000076293945
2015-09-22,42.869998931884766
2015-09-23,43.08000183105469
2015-09-24,42.0
2015-09-25,43.18000030517578
2015-09-28,42.2400016784668
2015-09-29,40.52000045776367
2015-09-30,41.15999984741211
2015-10-01,42.209999084472656
2015-10-02,41.16999816894531
2015-10-05,43.7400016784668
2015-10-06,43.959999084472656
2015-10-07,43.33000183105469
2015-10-08,42.27000045776367
2015-10-09,42.900001525878906
2015-10-12,42.970001220703125
2015-10-13,41.709999084472656
2015-10-14,41.75
2015-10-15,42.040000915527344
2015-10-16,41.869998931884766
2015-10-19,40.15999984741211
2015-10-20,39.880001068115234
2015-10-21,40.34000015258789
2015-10-22,40.2599983215332
2015-10-23,39.88999938964844
2015-10-26,38.599998474121094
2015-10-27,39.43000030517578
2015-10-28,39.380001068115234
2015-10-29,38.7599983215332
2015-10-30,38.97999954223633
2015-11-02,38.91999816894531
2015-11-03,38.88999938964844
2015-11-04,39.9900016784668
2015-11-05,43.11000061035156
2015-11-06,43.130001068115234
2015-11-09,43.529998779296875
2015-11-10,42.38999938964844
2015-11-11,42.9900016784668
2015-11-12,41.0099983215332
2015-11-13,40.900001525878906
2015-11-16,38.88999938964844
2015-11-17,39.529998779296875
2015-11-18,39.380001068115234
2015-11-19,40.95000076293945
2015-11-20,41.189998626708984
2015-11-23,41.04999923706055
2015-11-24,41.900001525878906
2015-11-25,43.0
2015-11-27,43.060001373291016
2015-11-30,42.52000045776367
2015-12-01,43.099998474121094
2015-12-02,42.849998474121094
2015-12-03,43.060001373291016
2015-12-04,42.66999816894531
2015-12-07,42.119998931884766
2015-12-08,42.439998626708984
2015-12-09,41.7400016784668
2015-12-10,41.900001525878906
2015-12-11,41.66999816894531
2015-12-14,40.40999984741211
2015-12-15,40.5
2015-12-16,40.720001220703125
2015-12-17,40.86000061035156
2015-12-18,39.47999954223633
2015-12-21,39.849998474121094
2015-12-22,40.43000030517578
2015-12-23,41.45000076293945
2015-12-24,41.529998779296875
2015-12-28,40.63999938964844
2015-12-29,40.88999938964844
2015-12-30,41.0
2015-12-31,40.08000183105469
2016-01-04,39.38999938964844
2016-01-05,40.5
2016-01-06,39.97999954223633
2016-01-07,39.02000045776367
2016-01-08,39.130001068115234
2016-01-11,37.58000183105469
2016-01-12,37.709999084472656
2016-01-13,37.66999816894531
2016-01-14,36.2599983215332
2016-01-15,35.04999923706055
2016-01-19,36.150001525878906
2016-01-20,35.0
2016-01-21,37.0
2016-01-22,38.060001373291016
2016-01-25,38.119998931884766
2016-01-26,37.06999969482422
2016-01-27,37.56999969482422
2016-01-28,38.70000076293945
2016-01-29,38.88999938964844
2016-02-01,39.93000030517578
2016-02-02,47.11000061035156
2016-02-03,49.84000015258789
2016-02-04,51.099998474121094
2016-02-05,51.380001068115234
2016-02-08,51.459999084472656
2016-02-09,48.31999969482422
2016-02-10,51.0
2016-02-11,49.720001220703125
2016-02-12,49.56999969482422
2016-02-16,50.04999923706055
2016-02-17,51.779998779296875
2016-02-18,52.540000915527344
2016-02-19,52.779998779296875
2016-02-22,53.0099983215332
2016-02-23,54.560001373291016
2016-02-24,54.20000076293945
2016-02-25,55.220001220703125
2016-02-26,56.52000045776367
2016-02-29,56.75
2016-03-01,56.9900016784668
2016-03-02,57.349998474121094
2016-03-03,57.75
2016-03-04,57.52000045776367
2016-03-07,57.13999938964844
2016-03-08,57.08000183105469
2016-03-09,57.27000045776367
2016-03-10,58.189998626708984
2016-03-11,58.0099983215332
2016-03-14,58.52000045776367
2016-03-15,58.22999954223633
2016-03-16,57.0
2016-03-17,56.08000183105469
2016-03-18,57.16999816894531
2016-03-21,56.77000045776367
2016-03-22,56.59000015258789
2016-03-23,56.040000915527344
2016-03-24,55.810001373291016
2016-03-28,55.7400016784668
2016-03-29,56.13999938964844
2016-03-30,56.900001525878906
2016-03-31,56.869998931884766
2016-04-01,56.81999969482422
2016-04-04,57.38999938964844
2016-04-05,56.220001220703125
2016-04-06,55.970001220703125
2016-04-07,55.65999984741211
2016-04-08,54.029998779296875
2016-04-11,51.29999923706055
2016-04-12,51.380001068115234
2016-04-13,51.93000030517578
2016-04-14,53.06999969482422
2016-04-15,51.68000030517578
2016-04-18,52.16999816894531
2016-04-19,52.709999084472656
2016-04-20,51.34000015258789
2016-04-21,52.34000015258789
2016-04-22,51.0099983215332
2016-04-25,51.75
2016-04-26,52.0099983215332
2016-04-27,54.29999923706055
2016-04-28,54.88999938964844
2016-04-29,52.779998779296875
2016-05-02,51.970001220703125
2016-05-03,52.119998931884766
2016-05-04,52.11000061035156
2016-05-05,51.08000183105469
2016-05-06,50.18000030517578
2016-05-09,50.560001373291016
2016-05-10,50.689998626708984
2016-05-11,46.22999954223633
2016-05-12,44.34000015258789
2016-05-13,43.06999969482422
2016-05-16,41.86000061035156
2016-05-17,41.43000030517578
2016-05-18,41.380001068115234
2016-05-19,40.65999984741211
2016-05-20,40.84000015258789
2016-05-23,41.869998931884766
2016-05-24,41.5099983215332
2016-05-25,41.060001373291016
2016-05-26,42.34000015258789
2016-05-27,41.939998626708984
2016-05-31,41.65999984741211
2016-06-01,42.720001220703125
2016-06-02,45.41999816894531
2016-06-03,46.880001068115234
2016-06-06,48.45000076293945
2016-06-07,49.16999816894531
2016-06-08,50.86000061035156
2016-06-09,50.33000183105469
2016-06-10,50.0
2016-06-13,49.650001525878906
2016-06-14,49.279998779296875
2016-06-15,49.72999954223633
2016-06-16,49.630001068115234
2016-06-17,49.099998474121094
2016-06-20,50.88999938964844
2016-06-21,50.33000183105469
2016-06-22,50.400001525878906
2016-06-23,51.369998931884766
2016-06-24,48.400001525878906
2016-06-27,47.13999938964844
2016-06-28,46.79999923706055
2016-06-29,48.0099983215332
2016-06-30,48.470001220703125
2016-07-01,49.529998779296875
2016-07-05,49.65999984741211
2016-07-06,49.0
2016-07-07,48.58000183105469
2016-07-08,49.689998626708984
2016-07-11,50.400001525878906
2016-07-12,51.540000915527344
2016-07-13,51.84000015258789
2016-07-14,51.90999984741211
2016-07-15,51.84000015258789
2016-07-18,51.63999938964844
2016-07-19,51.599998474121094
2016-07-20,51.15999984741211
2016-07-21,51.5
2016-07-22,51.220001220703125
2016-07-25,50.95000076293945
2016-07-26,51.68000030517578
2016-07-27,52.15999984741211
2016-07-28,52.22999954223633
2016-07-29,51.86000061035156
2016-08-01,51.79999923706055
2016-08-02,52.650001525878906
2016-08-03,47.63999938964844
2016-08-04,49.2599983215332
2016-08-05,49.88999938964844
2016-08-08,50.880001068115234
2016-08-09,49.970001220703125
2016-08-10,49.59000015258789
2016-08-11,49.220001220703125
2016-08-12,48.810001373291016
2016-08-15,49.0
2016-08-16,49.689998626708984
2016-08-17,49.77000045776367
2016-08-18,48.95000076293945
2016-08-19,49.209999084472656
2016-08-22,49.84000015258789
2016-08-23,50.33000183105469
2016-08-24,50.65999984741211
2016-08-25,50.11000061035156
2016-08-26,50.130001068115234
2016-08-29,49.59000015258789
2016-08-30,49.959999084472656
2016-08-31,49.13999938964844
2016-09-01,48.880001068115234
2016-09-02,49.47999954223633
2016-09-06,49.16999816894531
2016-09-07,48.869998931884766
2016-09-08,49.91999816894531
2016-09-09,49.0
2016-09-12,47.459999084472656
2016-09-13,48.09000015258789
2016-09-14,47.380001068115234
2016-09-15,47.09000015258789
2016-09-16,47.439998626708984
2016-09-19,48.06999969482422
2016-09-20,49.86000061035156
2016-09-21,49.220001220703125
2016-09-22,50.04999923706055
2016-09-23,50.06999969482422
2016-09-26,50.380001068115234
2016-09-27,47.970001220703125
2016-09-28,48.02000045776367
2016-09-29,47.97999954223633
2016-09-30,46.9900016784668
2016-10-03,46.61000061035156
2016-10-04,46.599998474121094
2016-10-05,47.380001068115234
2016-10-06,47.0099983215332
2016-10-07,47.70000076293945
2016-10-10,47.2400016784668
2016-10-11,46.439998626708984
2016-10-12,45.650001525878906
2016-10-13,46.31999969482422
2016-10-14,46.90999984741211
2016-10-17,46.91999816894531
2016-10-18,46.90999984741211
2016-10-19,47.7400016784668
2016-10-20,49.95000076293945
2016-10-21,49.0099983215332
2016-10-24,49.13999938964844
2016-10-25,48.209999084472656
2016-10-26,48.380001068115234
2016-10-27,48.77000045776367
2016-10-28,48.209999084472656
2016-10-31,50.22999954223633
2016-11-01,50.95000076293945
2016-11-02,49.9900016784668
2016-11-03,49.75
2016-11-04,48.279998779296875
2016-11-07,49.869998931884766
2016-11-08,50.2599983215332
2016-11-09,49.560001373291016
2016-11-10,51.060001373291016
2016-11-11,49.29999923706055
2016-11-14,49.43000030517578
2016-11-15,47.25
2016-11-16,46.970001220703125
2016-11-17,47.68000030517578
2016-11-18,48.43000030517578
2016-11-21,47.75
2016-11-22,48.25
2016-11-23,48.25
2016-11-25,48.93000030517578
2016-11-28,48.720001220703125
2016-11-29,48.290000915527344
2016-11-30,47.560001373291016
2016-12-01,46.5
2016-12-02,46.31999969482422
2016-12-05,46.54999923706055
2016-12-06,48.29999923706055
2016-12-07,48.060001373291016
2016-12-08,49.11000061035156
2016-12-09,50.79999923706055
2016-12-12,49.16999816894531
2016-12-13,47.93000030517578
2016-12-14,47.849998474121094
2016-12-15,47.29999923706055
2016-12-16,46.130001068115234
2016-12-19,45.220001220703125
2016-12-20,44.939998626708984
2016-12-21,44.369998931884766
2016-12-22,44.02000045776367
2016-12-23,42.810001373291016
2016-12-27,42.47999954223633
2016-12-28,43.060001373291016
2016-12-29,43.08000183105469
2016-12-30,42.779998779296875
2017-01-03,42.779998779296875
2017-01-04,43.20000076293945
2017-01-05,42.650001525878906
2017-01-06,42.18000030517578
2017-01-09,42.439998626708984
2017-01-10,42.040000915527344
2017-01-11,43.720001220703125
2017-01-12,42.66999816894531
2017-01-13,42.689998626708984
2017-01-17,42.33000183105469
2017-01-18,43.849998474121094
2017-01-19,43.150001525878906
2017-01-20,42.22999954223633
2017-01-23,42.209999084472656
2017-01-24,42.70000076293945
2017-01-25,43.68000030517578
2017-01-26,42.97999954223633
2017-01-27,42.119998931884766
2017-01-30,41.58000183105469
2017-01-31,41.54999923706055
2017-02-01,42.18000030517578
2017-02-02,41.119998931884766
2017-02-03,40.849998474121094
2017-02-06,41.04999923706055
2017-02-07,36.09000015258789
2017-02-08,36.7599983215332
2017-02-09,37.869998931884766
2017-02-10,38.47999954223633
2017-02-13,38.290000915527344
2017-02-14,37.63999938964844
2017-02-15,37.83000183105469
2017-02-16,38.599998474121094
2017-02-17,37.95000076293945
2017-02-21,38.29999923706055
2017-02-22,38.290000915527344
2017-02-23,38.15999984741211
2017-02-24,37.369998931884766
2017-02-27,37.45000076293945
2017-02-28,37.5
2017-03-01,36.869998931884766
2017-03-02,36.93000030517578
2017-03-03,37.25
2017-03-06,36.43000030517578
2017-03-07,36.38999938964844
2017-03-08,36.22999954223633
2017-03-09,36.5
2017-03-10,36.650001525878906
2017-03-13,36.93000030517578
2017-03-14,36.720001220703125
2017-03-15,37.16999816894531
2017-03-16,37.540000915527344
2017-03-17,37.720001220703125
2017-03-20,37.81999969482422
2017-03-21,37.400001525878906
2017-03-22,36.540000915527344
2017-03-23,36.970001220703125
2017-03-24,37.22999954223633
2017-03-27,37.29999923706055
2017-03-28,37.790000915527344
2017-03-29,38.13999938964844
2017-03-30,37.97999954223633
2017-03-31,38.2400016784668
2017-04-03,38.15999984741211
2017-04-04,37.650001525878906
2017-04-05,36.88999938964844
2017-04-06,36.97999954223633
2017-04-07,37.0
2017-04-10,37.70000076293945
2017-04-11,37.349998474121094
2017-04-12,37.880001068115234
2017-04-13,37.720001220703125
2017-04-17,37.61000061035156
2017-04-18,37.04999923706055
2017-04-19,36.810001373291016
2017-04-20,37.099998474121094
2017-04-21,37.560001373291016
2017-04-24,37.15999984741211
2017-04-25,36.81999969482422
2017-04-26,37.47999954223633
2017-04-27,38.09000015258789
2017-04-28,37.97999954223633
2017-05-01,37.43000030517578
2017-05-02,37.11000061035156
2017-05-03,37.849998474121094
2017-05-04,37.36000061035156
2017-05-05,37.59000015258789
2017-05-08,38.310001373291016
2017-05-09,38.290000915527344
2017-05-10,38.349998474121094
2017-05-11,38.08000183105469
2017-05-12,36.95000076293945
2017-05-15,36.75
2017-05-16,36.400001525878906
2017-05-17,35.95000076293945
2017-05-18,35.91999816894531
2017-05-19,35.65999984741211
2017-05-22,36.41999816894531
2017-05-23,36.97999954223633
2017-05-24,36.70000076293945
2017-05-25,37.15999984741211
2017-05-26,36.5
2017-05-30,36.810001373291016
2017-05-31,33.15999984741211
2017-06-01,33.220001220703125
2017-06-02,33.08000183105469
2017-06-05,32.939998626708984
2017-06-06,34.34000015258789
2017-06-07,34.79999923706055
2017-06-08,34.209999084472656
2017-06-09,35.04999923706055
2017-06-12,35.70000076293945
2017-06-13,35.369998931884766
2017-06-14,34.849998474121094
2017-06-15,34.369998931884766
2017-06-16,34.54999923706055
2017-06-19,34.61000061035156
2017-06-20,35.02000045776367
2017-06-21,34.68000030517578
2017-06-22,34.560001373291016
2017-06-23,34.970001220703125
2017-06-26,35.380001068115234
2017-06-27,35.61000061035156
2017-06-28,35.95000076293945
2017-06-29,36.099998474121094
2017-06-30,36.150001525878906
2017-07-03,36.22999954223633
2017-07-05,36.220001220703125
2017-07-06,36.34000015258789
2017-07-07,35.689998626708984
2017-07-10,35.79999923706055
2017-07-11,35.119998931884766
2017-07-12,33.2400016784668
2017-07-13,33.43000030517578
2017-07-14,33.59000015258789
2017-07-17,34.04999923706055
2017-07-18,34.41999816894531
2017-07-19,34.22999954223633
2017-07-20,34.869998931884766
2017-07-21,35.08000183105469
2017-07-24,35.060001373291016
2017-07-25,34.099998474121094
2017-07-26,35.18000030517578
2017-07-27,35.5099983215332
2017-07-28,36.13999938964844
2017-07-31,36.68000030517578
2017-08-01,36.45000076293945
2017-08-02,36.79999923706055
2017-08-03,36.20000076293945
2017-08-04,36.560001373291016
2017-08-07,36.900001525878906
2017-08-08,43.95000076293945
2017-08-09,44.97999954223633
2017-08-10,45.380001068115234
2017-08-11,44.900001525878906
2017-08-14,44.79999923706055
2017-08-15,44.52000045776367
2017-08-16,44.380001068115234
2017-08-17,43.900001525878906
2017-08-18,43.04999923706055
2017-08-21,42.13999938964844
2017-08-22,42.16999816894531
2017-08-23,41.81999969482422
2017-08-24,42.04999923706055
2017-08-25,41.97999954223633
2017-08-28,42.04999923706055
2017-08-29,42.04999923706055
2017-08-30,42.310001373291016
2017-08-31,42.04999923706055
2017-09-01,42.439998626708984
2017-09-05,42.52000045776367
2017-09-06,42.619998931884766
2017-09-07,42.900001525878906
2017-09-08,42.380001068115234
2017-09-11,42.31999969482422
2017-09-12,42.31999969482422
2017-09-13,42.599998474121094
2017-09-14,43.63999938964844
2017-09-15,44.34000015258789
2017-09-18,45.0
2017-09-19,46.52000045776367
2017-09-20,45.95000076293945
2017-09-21,46.099998474121094
2017-09-22,45.75
2017-09-25,46.06999969482422
2017-09-26,46.470001220703125
2017-09-27,47.790000915527344
2017-09-28,48.380001068115234
2017-09-29,48.029998779296875
2017-10-02,48.060001373291016
2017-10-03,48.20000076293945
2017-10-04,47.54999923706055
2017-10-05,47.529998779296875
2017-10-06,47.599998474121094
2017-10-09,47.5
2017-10-10,47.29999923706055
2017-10-11,47.33000183105469
2017-10-12,47.029998779296875
2017-10-13,47.439998626708984
2017-10-16,47.66999816894531
2017-10-17,48.40999984741211
2017-10-18,49.209999084472656
2017-10-19,48.88999938964844
2017-10-20,49.20000076293945
2017-10-23,49.95000076293945
2017-10-24,49.72999954223633
2017-10-25,49.650001525878906
2017-10-26,49.810001373291016
2017-10-27,49.66999816894531
2017-10-30,48.880001068115234
2017-10-31,48.849998474121094
2017-11-01,49.310001373291016
2017-11-02,48.849998474121094
2017-11-03,47.93000030517578
2017-11-06,52.310001373291016
2017-11-07,54.88999938964844
2017-11-08,54.400001525878906
2017-11-09,53.72999954223633
2017-11-10,54.56999969482422
2017-11-13,54.77000045776367
2017-11-14,53.90999984741211
2017-11-15,54.65999984741211
2017-11-16,55.20000076293945
2017-11-17,56.040000915527344
2017-11-20,56.060001373291016
2017-11-21,56.45000076293945
2017-11-22,56.18000030517578
2017-11-24,56.61000061035156
2017-11-27,57.0
2017-11-28,56.83000183105469
2017-11-29,57.869998931884766
2017-11-30,58.599998474121094
2017-12-01,58.709999084472656
2017-12-04,59.0
2017-12-05,59.4900016784668
2017-12-06,59.880001068115234
2017-12-07,60.04999923706055
2017-12-08,60.349998474121094
2017-12-11,61.54999923706055
2017-12-12,61.08000183105469
2017-12-13,60.959999084472656
2017-12-14,61.790000915527344
2017-12-15,61.79999923706055
2017-12-18,62.189998626708984
2017-12-19,63.29999923706055
2017-12-20,63.720001220703125
2017-12-21,63.75
2017-12-22,64.0
2017-12-26,63.77000045776367
2017-12-27,64.0
2017-12-28,63.599998474121094
2017-12-29,63.70000076293945
2018-01-02,63.18000030517578
2018-01-03,64.0999984741211
2018-01-04,63.79999923706055
2018-01-05,64.05000305175781
2018-01-08,64.23999786376953
2018-01-09,64.72000122070312
2018-01-10,64.30999755859375
2018-01-11,63.91999816894531
2018-01-12,65.02999877929688
2018-01-16,65.01000213623047
2018-01-17,64.0199966430664
2018-01-18,64.77999877929688
2018-01-19,65.26000213623047
2018-01-22,65.7699966430664
2018-01-23,65.5
2018-01-24,67.5
2018-01-25,67.73999786376953
2018-01-26,67.3499984741211
2018-01-29,67.68000030517578
2018-01-30,67.0199966430664
2018-01-31,66.91999816894531
2018-02-01,65.31999969482422
2018-02-02,65.45999908447266
2018-02-05,65.29000091552734
2018-02-06,63.0
2018-02-07,69.58999633789062
2018-02-08,65.83999633789062
2018-02-09,60.400001525878906
2018-02-12,60.130001068115234
2018-02-13,60.880001068115234
2018-02-14,62.27000045776367
2018-02-15,63.900001525878906
2018-02-16,64.4000015258789
2018-02-20,63.4900016784668
2018-02-21,63.75
2018-02-22,63.95000076293945
2018-02-23,64.19000244140625
2018-02-26,64.87999725341797
2018-02-27,65.20999908447266
2018-02-28,64.0
2018-03-01,62.880001068115234
2018-03-02,62.459999084472656
2018-03-05,61.439998626708984
2018-03-06,61.81999969482422
2018-03-07,61.41999816894531
2018-03-08,61.939998626708984
2018-03-09,60.9900016784668
2018-03-12,61.29999923706055
2018-03-13,61.939998626708984
2018-03-14,62.22999954223633
2018-03-15,61.36000061035156
2018-03-16,61.040000915527344
2018-03-19,61.560001373291016
2018-03-20,61.84000015258789
2018-03-21,62.869998931884766
2018-03-22,62.52000045776367
2018-03-23,62.27000045776367
2018-03-26,62.02000045776367
2018-03-27,62.959999084472656
2018-03-28,61.77000045776367
2018-03-29,61.65999984741211
2018-04-02,61.84000015258789
2018-04-03,62.04999923706055
2018-04-04,62.11000061035156
2018-04-05,64.41999816894531
2018-04-06,65.70999908447266
2018-04-09,65.20999908447266
2018-04-10,64.76000213623047
2018-04-11,64.91000366210938
2018-04-12,65.16999816894531
2018-04-13,66.44999694824219
2018-04-16,65.66000366210938
2018-04-17,66.16999816894531
2018-04-18,66.98999786376953
2018-04-19,65.61000061035156
2018-04-20,65.58000183105469
2018-04-23,67.33999633789062
2018-04-24,68.26000213623047
2018-04-25,67.83000183105469
2018-04-26,67.06999969482422
2018-04-27,68.45999908447266
2018-04-30,69.76000213623047
2018-05-01,67.61000061035156
2018-05-02,66.23999786376953
2018-05-03,64.05000305175781
2018-05-04,61.380001068115234
2018-05-07,61.61000061035156
2018-05-08,61.619998931884766
2018-05-09,61.439998626708984
2018-05-10,62.36000061035156
2018-05-11,62.86000061035156
2018-05-14,63.619998931884766
2018-05-15,62.720001220703125
2018-05-16,65.02999877929688
2018-05-17,65.81999969482422
2018-05-18,66.5
2018-05-21,66.54000091552734
2018-05-22,67.25
2018-05-23,65.5199966430664
2018-05-24,67.37000274658203
2018-05-25,68.37000274658203
2018-05-29,67.6500015258789
2018-05-30,61.95000076293945
2018-05-31,60.2599983215332
2018-06-01,57.599998474121094
2018-06-04,59.70000076293945
2018-06-05,60.400001525878906
2018-06-06,63.41999816894531
2018-06-07,63.61000061035156
2018-06-08,63.2400016784668
2018-06-11,64.5999984741211
2018-06-12,66.83000183105469
2018-06-13,68.02999877929688
2018-06-14,66.80000305175781
2018-06-15,65.30999755859375
2018-06-18,67.06999969482422
2018-06-19,67.52999877929688
2018-06-20,67.08000183105469
2018-06-21,67.23999786376953
2018-06-22,67.5
2018-06-25,68.05000305175781
2018-06-26,67.55999755859375
2018-06-27,68.5
2018-06-28,66.43000030517578
2018-06-29,67.87000274658203
2018-07-02,66.36000061035156
2018-07-03,66.6500015258789
2018-07-05,66.23999786376953
2018-07-06,66.0199966430664
2018-07-09,68.5
2018-07-10,67.66000366210938
2018-07-11,65.58000183105469
2018-07-12,67.33000183105469
2018-07-13,66.44999694824219
2018-07-16,66.4800033569336
2018-07-17,67.04000091552734
2018-07-18,67.70999908447266
2018-07-19,67.26000213623047
2018-07-20,68.04000091552734
2018-07-23,67.98999786376953
2018-07-24,68.04000091552734
2018-07-25,67.12000274658203
2018-07-26,68.36000061035156
2018-07-27,68.19999694824219
2018-07-30,66.86000061035156
2018-07-31,66.38999938964844
2018-08-01,66.37000274658203
2018-08-02,65.26000213623047
2018-08-03,65.0999984741211
2018-08-06,65.0
2018-08-07,65.0
2018-08-08,68.04000091552734
2018-08-09,70.5
2018-08-10,71.76000213623047
2018-08-13,72.66000366210938
2018-08-14,71.75
2018-08-15,72.61000061035156
2018-08-16,71.33000183105469
2018-08-17,72.18000030517578
2018-08-20,73.33999633789062
2018-08-21,74.95999908447266
2018-08-22,75.41000366210938
2018-08-23,74.19999694824219
2018-08-24,74.23999786376953
2018-08-27,75.31999969482422
2018-08-28,74.41000366210938
2018-08-29,73.61000061035156
2018-08-30,73.56999969482422
2018-08-31,71.9800033569336
2018-09-04,72.58000183105469
2018-09-05,72.2699966430664
2018-09-06,73.93000030517578
2018-09-07,72.5
2018-09-10,72.62999725341797
2018-09-11,73.58999633789062
2018-09-12,74.12999725341797
2018-09-13,73.44000244140625
2018-09-14,73.04000091552734
2018-09-17,73.44999694824219
2018-09-18,73.75
2018-09-19,73.0
2018-09-20,73.12000274658203
2018-09-21,72.93000030517578
2018-09-24,72.12999725341797
2018-09-25,67.31999969482422
2018-09-26,68.0199966430664
2018-09-27,68.1500015258789
2018-09-28,69.33999633789062
2018-10-01,68.83999633789062
2018-10-02,68.1500015258789
2018-10-03,67.80999755859375
2018-10-04,66.91000366210938
2018-10-05,66.5999984741211
2018-10-08,66.93000030517578
2018-10-09,67.61000061035156
2018-10-10,65.55999755859375
2018-10-11,62.27000045776367
2018-10-12,63.099998474121094
2018-10-15,63.36000061035156
2018-10-16,62.91999816894531
2018-10-17,63.869998931884766
2018-10-18,62.290000915527344
2018-10-19,60.22999954223633
2018-10-22,58.06999969482422
2018-10-23,57.25
2018-10-24,58.18000030517578
2018-10-25,56.4900016784668
2018-10-26,56.09000015258789
2018-10-29,56.689998626708984
2018-10-30,55.470001220703125
2018-10-31,55.70000076293945
2018-11-01,55.20000076293945
2018-11-02,60.15999984741211
2018-11-05,58.630001068115234
2018-11-06,58.0
2018-11-07,48.88999938964844
2018-11-08,49.11000061035156
2018-11-09,48.81999969482422
2018-11-12,48.20000076293945
2018-11-13,48.38999938964844
2018-11-14,48.959999084472656
2018-11-15,47.29999923706055
2018-11-16,46.540000915527344
2018-11-19,45.70000076293945
2018-11-20,43.77000045776367
2018-11-21,44.5
2018-11-23,45.189998626708984
2018-11-26,45.06999969482422
2018-11-27,45.099998474121094
2018-11-28,44.119998931884766
2018-11-29,44.650001525878906
2018-11-30,43.75
2018-12-03,44.619998931884766
2018-12-04,44.970001220703125
2018-12-06,41.97999954223633
2018-12-07,42.81999969482422
2018-12-10,40.5
2018-12-11,40.400001525878906
2018-12-12,38.900001525878906
2018-12-13,38.939998626708984
2018-12-14,37.290000915527344
2018-12-17,37.470001220703125
2018-12-18,38.36000061035156
2018-12-19,38.11000061035156
2018-12-20,37.619998931884766
2018-12-21,37.439998626708984
2018-12-24,36.70000076293945
2018-12-26,36.209999084472656
2018-12-27,37.29999923706055
2018-12-28,37.959999084472656
2018-12-31,37.31999969482422
2019-01-02,37.70000076293945
2019-01-03,38.970001220703125
2019-01-04,37.650001525878906
2019-01-07,39.11000061035156
2019-01-08,40.560001373291016
2019-01-09,40.90999984741211
2019-01-10,39.54999923706055
2019-01-11,40.08000183105469
2019-01-14,40.130001068115234
2019-01-15,40.5
2019-01-16,40.369998931884766
2019-01-17,40.18000030517578
2019-01-18,41.599998474121094
2019-01-22,42.22999954223633
2019-01-23,41.209999084472656
2019-01-24,40.91999816894531
2019-01-25,41.470001220703125
2019-01-28,41.880001068115234
2019-01-29,42.279998779296875
2019-01-30,43.18000030517578
2019-01-31,42.77000045776367
2019-02-01,42.400001525878906
2019-02-04,42.220001220703125
2019-02-05,43.040000915527344
2019-02-06,48.56999969482422
2019-02-07,47.75
2019-02-08,47.31999969482422
2019-02-11,45.900001525878906
2019-02-12,45.91999816894531
2019-02-13,45.7599983215332
2019-02-14,44.720001220703125
2019-02-15,45.220001220703125
2019-02-19,44.29999923706055
2019-02-20,44.119998931884766
2019-02-21,43.68000030517578
2019-02-22,43.7599983215332
2019-02-25,44.2400016784668
2019-02-26,45.58000183105469
2019-02-27,45.2400016784668
2019-02-28,45.439998626708984
2019-03-01,48.08000183105469
2019-03-04,46.810001373291016
2019-03-05,45.16999816894531
2019-03-06,45.31999969482422
2019-03-07,45.91999816894531
2019-03-08,44.27000045776367
2019-03-11,43.86000061035156
2019-03-12,45.0099983215332
2019-03-13,45.66999816894531
2019-03-14,46.70000076293945
2019-03-15,46.0
2019-03-18,46.099998474121094
2019-03-19,47.369998931884766
2019-03-20,46.34000015258789
2019-03-21,45.40999984741211
2019-03-22,44.959999084472656
2019-03-25,43.459999084472656
2019-03-26,44.290000915527344
2019-03-27,44.779998779296875
2019-03-28,46.2599983215332
2019-03-29,46.68000030517578
2019-04-01,45.959999084472656
2019-04-02,46.97999954223633
2019-04-03,46.939998626708984
2019-04-04,47.77000045776367
2019-04-05,49.43000030517578
2019-04-08,49.18000030517578
2019-04-09,48.709999084472656
2019-04-10,48.61000061035156
2019-04-11,49.97999954223633
2019-04-12,48.34000015258789
2019-04-15,48.59000015258789
2019-04-16,48.09000015258789
2019-04-17,48.33000183105469
2019-04-18,48.58000183105469
2019-04-22,48.86000061035156
2019-04-23,46.720001220703125
2019-04-24,46.150001525878906
2019-04-25,46.04999923706055
2019-04-26,44.43000030517578
2019-04-29,44.619998931884766
2019-04-30,44.630001068115234
2019-05-01,44.060001373291016
2019-05-02,43.45000076293945
2019-05-03,43.65999984741211
2019-05-06,43.099998474121094
2019-05-07,43.41999816894531
2019-05-08,41.970001220703125
2019-05-09,43.470001220703125
2019-05-10,43.099998474121094
2019-05-13,41.849998474121094
2019-05-14,40.619998931884766
2019-05-15,40.5
2019-05-16,40.77000045776367
2019-05-17,40.11000061035156
2019-05-20,39.560001373291016
2019-05-21,40.2400016784668
2019-05-22,40.279998779296875
2019-05-23,39.34000015258789
2019-05-24,39.79999923706055
2019-05-28,39.099998474121094
2019-05-29,36.040000915527344
2019-05-30,34.5
2019-05-31,33.20000076293945
2019-06-03,32.349998474121094
2019-06-04,34.209999084472656
2019-06-05,36.02000045776367
2019-06-06,34.88999938964844
2019-06-07,34.06999969482422
2019-06-10,34.40999984741211
2019-06-11,34.869998931884766
2019-06-12,33.7599983215332
2019-06-13,33.349998474121094
2019-06-14,34.099998474121094
2019-06-17,33.4900016784668
2019-06-18,33.959999084472656
2019-06-19,34.84000015258789
2019-06-20,34.619998931884766
2019-06-21,34.790000915527344
2019-06-24,34.72999954223633
2019-06-25,34.040000915527344
2019-06-26,33.790000915527344
2019-06-27,34.41999816894531
2019-06-28,34.209999084472656
2019-07-01,35.29999923706055
2019-07-02,34.7599983215332
2019-07-03,34.33000183105469
2019-07-05,34.689998626708984
2019-07-08,34.560001373291016
2019-07-09,34.279998779296875
2019-07-10,34.40999984741211
2019-07-11,34.72999954223633
2019-07-12,35.36000061035156
2019-07-15,36.79999923706055
2019-07-16,36.93000030517578
2019-07-17,37.06999969482422
2019-07-18,36.599998474121094
2019-07-19,36.27000045776367
2019-07-22,36.63999938964844
2019-07-23,36.0
2019-07-24,36.4900016784668
2019-07-25,36.33000183105469
2019-07-26,36.650001525878906
2019-07-29,36.0
2019-07-30,36.0
2019-07-31,35.709999084472656
2019-08-01,35.59000015258789
2019-08-02,33.599998474121094
2019-08-05,32.25
2019-08-06,31.940000534057617
2019-08-07,31.56999969482422
2019-08-08,32.369998931884766
2019-08-09,32.31999969482422
2019-08-12,30.530000686645508
2019-08-13,29.700000762939453
2019-08-14,29.5
2019-08-15,28.670000076293945
2019-08-16,27.799999237060547
2019-08-19,28.8799991607666
2019-08-20,28.31999969482422
2019-08-21,28.100000381469727
2019-08-22,28.100000381469727
2019-08-23,27.540000915527344
2019-08-26,26.889999389648438
2019-08-27,26.889999389648438
2019-08-28,25.790000915527344
2019-08-29,26.540000915527344
2019-08-30,26.610000610351562
2019-09-03,26.010000228881836
2019-09-04,25.780000686645508
2019-09-05,27.100000381469727
2019-09-06,28.440000534057617
2019-09-09,28.229999542236328
2019-09-10,29.920000076293945
2019-09-11,31.389999389648438
2019-09-12,31.510000228881836
2019-09-13,32.22999954223633
2019-09-16,31.65999984741211
2019-09-17,31.940000534057617
2019-09-18,32.779998779296875
2019-09-19,32.31999969482422
2019-09-20,32.59000015258789
2019-09-23,31.56999969482422
2019-09-24,32.97999954223633
2019-09-25,32.75
2019-09-26,33.06999969482422
2019-09-27,32.83000183105469
2019-09-30,32.66999816894531
2019-10-01,33.2400016784668
2019-10-02,31.030000686645508
2019-10-03,29.520000457763672
2019-10-04,29.260000228881836
2019-10-07,29.309999465942383
2019-10-08,28.260000228881836
2019-10-09,28.309999465942383
2019-10-10,27.8799991607666
2019-10-11,28.790000915527344
2019-10-14,29.309999465942383
2019-10-15,29.639999389648438
2019-10-16,30.1200008392334
2019-10-17,31.0
2019-10-18,30.469999313354492
2019-10-21,31.540000915527344
2019-10-22,31.479999542236328
2019-10-23,31.93000030517578
2019-10-24,31.34000015258789
2019-10-25,31.100000381469727
2019-10-28,32.290000915527344
2019-10-29,32.40999984741211
2019-10-30,31.579999923706055
2019-10-31,31.600000381469727
2019-11-01,31.239999771118164
2019-11-04,32.779998779296875
2019-11-05,33.40999984741211
2019-11-06,33.939998626708984
2019-11-07,34.7599983215332
2019-11-08,35.650001525878906
2019-11-11,36.349998474121094
2019-11-12,36.650001525878906
2019-11-13,36.20000076293945
2019-11-14,35.93000030517578
2019-11-15,36.2599983215332
2019-11-18,36.86000061035156
2019-11-19,36.95000076293945
2019-11-20,36.150001525878906
2019-11-21,35.22999954223633
2019-11-22,34.880001068115234
2019-11-25,36.25
2019-11-26,37.47999954223633
2019-11-27,36.7400016784668
2019-11-29,37.400001525878906
2019-12-02,37.29999923706055
2019-12-03,35.560001373291016
2019-12-04,34.9900016784668
2019-12-05,37.59000015258789
2019-12-06,37.38999938964844
2019-12-09,38.060001373291016
2019-12-10,38.66999816894531
2019-12-11,37.970001220703125
2019-12-12,38.189998626708984
2019-12-13,39.18000030517578
2019-12-16,39.209999084472656
2019-12-17,37.959999084472656
2019-12-18,38.2599983215332
2019-12-19,39.0
2019-12-20,38.599998474121094
2019-12-23,38.27000045776367
2019-12-24,38.060001373291016
2019-12-26,38.06999969482422
2019-12-27,38.25
2019-12-30,37.52000045776367
2019-12-31,37.380001068115234
2020-01-02,39.38999938964844
2020-01-03,37.5
2020-01-06,36.709999084472656
2020-01-07,37.15999984741211
2020-01-08,37.52000045776367
2020-01-09,38.20000076293945
2020-01-10,36.599998474121094
2020-01-13,36.0
2020-01-14,36.0
2020-01-15,35.72999954223633
2020-01-16,36.290000915527344
2020-01-17,37.400001525878906
2020-01-21,36.439998626708984
2020-01-22,36.88999938964844
2020-01-23,35.939998626708984
2020-01-24,36.599998474121094
2020-01-27,34.290000915527344
2020-01-28,33.689998626708984
2020-01-29,32.9900016784668
2020-01-30,31.479999542236328
2020-01-31,31.1200008392334
2020-02-03,29.989999771118164
2020-02-04,30.799999237060547
2020-02-05,33.209999084472656
2020-02-06,33.47999954223633
2020-02-07,30.889999389648438
2020-02-10,30.43000030517578
2020-02-11,30.06999969482422
2020-02-12,30.540000915527344
2020-02-13,30.549999237060547
2020-02-14,29.729999542236328
2020-02-18,28.34000015258789
2020-02-19,27.729999542236328
2020-02-20,27.559999465942383
2020-02-21,28.34000015258789
2020-02-24,26.110000610351562
2020-02-25,26.719999313354492
2020-02-26,25.979999542236328
2020-02-27,24.0
2020-02-28,23.950000762939453
2020-03-02,25.81999969482422
2020-03-03,25.270000457763672
2020-03-04,24.59000015258789
2020-03-05,24.010000228881836
2020-03-06,22.190000534057617
2020-03-09,21.3700008392334
2020-03-10,21.15999984741211
2020-03-11,20.1299991607666
2020-03-12,17.43000030517578
2020-03-13,15.510000228881836
2020-03-16,10.75
2020-03-17,9.819999694824219
2020-03-18,7.559999942779541
2020-03-19,7.579999923706055
2020-03-20,10.300000190734863
2020-03-23,9.850000381469727
2020-03-24,10.140000343322754
2020-03-25,11.970000267028809
2020-03-26,12.890000343322754
2020-03-27,12.420000076293945
2020-03-30,11.600000381469727
2020-03-31,11.140000343322754
2020-04-01,10.09000015258789
2020-04-02,8.75
2020-04-03,8.329999923706055
2020-04-06,9.380000114440918
2020-04-07,11.8100004196167
2020-04-08,12.960000038146973
2020-04-09,14.9399995803833
2020-04-13,13.34000015258789
2020-04-14,13.449999809265137
2020-04-15,13.550000190734863
2020-04-16,13.550000190734863
2020-04-17,13.09000015258789
2020-04-20,12.5
2020-04-21,11.729999542236328
2020-04-22,11.850000381469727
2020-04-23,11.119999885559082
2020-04-24,11.800000190734863
2020-04-27,12.760000228881836
2020-04-28,14.529999732971191
2020-04-29,15.920000076293945
2020-04-30,16.09000015258789
2020-05-01,14.260000228881836
2020-05-04,13.170000076293945
2020-05-05,14.460000038146973
2020-05-06,13.8100004196167
2020-05-07,13.800000190734863
2020-05-08,14.460000038146973
2020-05-11,14.619999885559082
2020-05-12,14.5
2020-05-13,13.170000076293945
2020-05-14,12.369999885559082
2020-05-15,12.699999809265137
2020-05-18,13.619999885559082
2020-05-19,14.34000015258789
2020-05-20,13.819999694824219
2020-05-21,13.9399995803833
2020-05-22,15.039999961853027
2020-05-26,15.5
2020-05-27,17.360000610351562
2020-05-28,17.989999771118164
2020-05-29,15.920000076293945
2020-06-01,15.069999694824219
2020-06-02,17.190000534057617
2020-06-03,18.15999984741211
2020-06-04,17.770000457763672
2020-06-05,22.040000915527344
2020-06-08,22.440000534057617
2020-06-09,22.239999771118164
2020-06-10,21.020000457763672
2020-06-11,17.489999771118164
2020-06-12,17.899999618530273
2020-06-15,16.200000762939453
2020-06-16,18.59000015258789
2020-06-17,18.030000686645508
2020-06-18,16.350000381469727
2020-06-19,16.81999969482422
2020-06-22,15.5600004196167
2020-06-23,15.960000038146973
2020-06-24,15.90999984741211
2020-06-25,14.84000015258789
2020-06-26,15.079999923706055
2020-06-29,14.40999984741211
2020-06-30,15.489999771118164
2020-07-01,16.200000762939453
2020-07-02,15.970000267028809
2020-07-06,15.819999694824219
2020-07-07,15.380000114440918
2020-07-08,15.420000076293945
2020-07-09,15.760000228881836
2020-07-10,14.760000228881836
2020-07-13,15.550000190734863
2020-07-14,15.399999618530273
2020-07-15,16.459999084472656
2020-07-16,16.690000534057617
2020-07-17,16.950000762939453
2020-07-20,16.239999771118164
2020-07-21,15.59000015258789
2020-07-22,16.15999984741211
2020-07-23,16.360000610351562
2020-07-24,15.649999618530273
2020-07-27,15.25
2020-07-28,14.760000228881836
2020-07-29,14.960000038146973
2020-07-30,15.520000457763672
2020-07-31,15.170000076293945
2020-08-03,14.979999542236328
2020-08-04,14.039999961853027
2020-08-05,15.550000190734863
2020-08-06,15.420000076293945
2020-08-07,14.869999885559082
2020-08-10,15.789999961853027
2020-08-11,17.43000030517578
2020-08-12,17.43000030517578
2020-08-13,17.239999771118164
2020-08-14,16.889999389648438
2020-08-17,17.09000015258789
2020-08-18,17.100000381469727
2020-08-19,15.819999694824219
2020-08-20,15.579999923706055
2020-08-21,15.140000343322754
2020-08-24,15.100000381469727
2020-08-25,16.540000915527344
2020-08-26,16.290000915527344
2020-08-27,16.100000381469727
2020-08-28,16.690000534057617
2020-08-31,16.739999771118164
2020-09-01,15.670000076293945
2020-09-02,16.09000015258789
2020-09-03,16.5
2020-09-04,16.799999237060547
2020-09-08,16.700000762939453
2020-09-09,17.8700008392334
2020-09-10,18.75
2020-09-11,20.059999465942383
2020-09-14,20.479999542236328
2020-09-15,21.600000381469727
2020-09-16,22.170000076293945
2020-09-17,21.450000762939453
2020-09-18,21.5
2020-09-21,21.010000228881836
2020-09-22,20.219999313354492
2020-09-23,20.670000076293945
2020-09-24,19.709999084472656
2020-09-25,19.559999465942383
2020-09-28,19.979999542236328
2020-09-29,18.8799991607666
2020-09-30,17.739999771118164
2020-10-01,18.110000610351562
2020-10-02,17.290000915527344
2020-10-05,18.799999237060547
2020-10-06,19.889999389648438
2020-10-07,19.899999618530273
2020-10-08,20.600000381469727
2020-10-09,21.360000610351562
2020-10-12,21.739999771118164
2020-10-13,21.350000381469727
2020-10-14,20.40999984741211
2020-10-15,20.31999969482422
2020-10-16,21.799999237060547
2020-10-19,21.56999969482422
2020-10-20,21.799999237060547
2020-10-21,21.799999237060547
2020-10-22,22.239999771118164
2020-10-23,22.780000686645508
2020-10-26,22.299999237060547
2020-10-27,22.329999923706055
2020-10-28,21.709999084472656
2020-10-29,21.649999618530273
2020-10-30,22.010000228881836
2020-11-02,21.729999542236328
2020-11-03,22.389999389648438
2020-11-04,23.010000228881836
2020-11-05,24.790000915527344
2020-11-06,25.079999923706055
2020-11-09,27.989999771118164
2020-11-10,27.030000686645508
2020-11-11,28.420000076293945
2020-11-12,27.459999084472656
2020-11-13,28.290000915527344
2020-11-16,30.25
2020-11-17,30.579999923706055
2020-11-18,32.13999938964844
2020-11-19,31.729999542236328
2020-11-20,33.810001373291016
2020-11-23,35.59000015258789
2020-11-24,36.970001220703125
2020-11-25,36.33000183105469
2020-11-27,37.2599983215332
2020-11-30,36.09000015258789
2020-12-01,36.060001373291016
2020-12-02,34.790000915527344
2020-12-03,37.5
2020-12-04,39.0
2020-12-07,39.04999923706055
2020-12-08,38.61000061035156
2020-12-09,38.790000915527344
2020-12-10,39.02000045776367
2020-12-11,39.779998779296875
2020-12-14,38.90999984741211
2020-12-15,38.83000183105469
2020-12-16,40.31999969482422
2020-12-17,41.0
2020-12-18,42.540000915527344
2020-12-21,40.119998931884766
2020-12-22,42.0
2020-12-23,42.29999923706055
2020-12-24,42.630001068115234
2020-12-28,42.650001525878906
2020-12-29,43.150001525878906
2020-12-30,44.150001525878906
2020-12-31,42.0
2021-01-04,44.75
2021-01-05,40.599998474121094
2021-01-06,40.290000915527344
2021-01-07,43.970001220703125
2021-01-08,44.959999084472656
2021-01-11,44.84000015258789
2021-01-12,45.290000915527344
2021-01-13,46.060001373291016
2021-01-14,46.08000183105469
2021-01-15,43.130001068115234
2021-01-19,42.599998474121094
2021-01-20,42.869998931884766
2021-01-21,44.9900016784668
2021-01-22,42.970001220703125
2021-01-25,43.79999923706055
2021-01-26,43.90999984741211
2021-01-27,41.06999969482422
2021-01-28,41.79999923706055
2021-01-29,43.02000045776367
2021-02-01,42.130001068115234
2021-02-02,41.72999954223633
2021-02-03,44.75
2021-02-04,44.11000061035156
2021-02-05,45.959999084472656
2021-02-08,46.18000030517578
2021-02-09,45.970001220703125
2021-02-10,44.810001373291016
2021-02-11,45.47999954223633
2021-02-12,44.880001068115234
2021-02-16,46.310001373291016
2021-02-17,46.79999923706055
2021-02-18,45.08000183105469
2021-02-19,44.7400016784668
2021-02-22,45.70000076293945
2021-02-23,46.59000015258789
2021-02-24,46.68000030517578
2021-02-25,47.61000061035156
2021-02-26,46.86000061035156
2021-03-01,47.709999084472656
2021-03-02,47.90999984741211
2021-03-03,48.11000061035156
2021-03-04,48.0
2021-03-05,46.77000045776367
2021-03-08,48.52000045776367
2021-03-09,52.34000015258789
2021-03-10,53.29999923706055
2021-03-11,54.0
2021-03-12,54.0
2021-03-15,54.369998931884766
2021-03-16,56.119998931884766
2021-03-17,55.84000015258789
2021-03-18,57.0
2021-03-19,55.38999938964844
2021-03-22,54.939998626708984
2021-03-23,52.650001525878906
2021-03-24,50.47999954223633
2021-03-25,46.5
2021-03-26,50.16999816894531
2021-03-29,49.75
2021-03-30,47.56999969482422
2021-03-31,49.95000076293945
2021-04-01,51.20000076293945
2021-04-05,50.099998474121094
2021-04-06,50.43000030517578
2021-04-07,50.36000061035156
2021-04-08,50.52000045776367
2021-04-09,52.650001525878906
2021-04-12,53.0
2021-04-13,53.36000061035156
2021-04-14,52.779998779296875
2021-04-15,53.209999084472656
2021-04-16,54.029998779296875
2021-04-19,53.2400016784668
2021-04-20,51.75
2021-04-21,50.08000183105469
2021-04-22,53.02000045776367
2021-04-23,53.150001525878906
2021-04-26,53.72999954223633
2021-04-27,53.02000045776367
2021-04-28,55.0
2021-04-29,55.9900016784668
2021-04-30,55.02000045776367
2021-05-03,56.65999984741211
2021-05-04,57.040000915527344
2021-05-05,58.20000076293945
2021-05-06,58.79999923706055
2021-05-07,57.31999969482422
2021-05-10,59.400001525878906
2021-05-11,55.61000061035156
2021-05-12,55.0
2021-05-13,53.15999984741211
2021-05-14,53.97999954223633
2021-05-17,56.83000183105469
2021-05-18,58.38999938964844
2021-05-19,55.83000183105469
2021-05-20,55.619998931884766
2021-05-21,54.060001373291016
2021-05-24,52.75
2021-05-25,53.91999816894531
2021-05-26,53.040000915527344
2021-05-27,55.060001373291016
2021-05-28,56.70000076293945
2021-06-01,57.349998474121094
2021-06-02,56.11000061035156
2021-06-03,53.869998931884766
2021-06-04,53.79999923706055
2021-06-07,54.189998626708984
2021-06-08,54.84000015258789
2021-06-09,55.790000915527344
2021-06-10,54.849998474121094
2021-06-11,54.0
2021-06-14,55.689998626708984
2021-06-15,54.56999969482422
2021-06-16,54.630001068115234
2021-06-17,55.060001373291016
2021-06-18,52.540000915527344
2021-06-21,52.849998474121094
2021-06-22,53.5099983215332
2021-06-23,54.150001525878906
2021-06-24,54.97999954223633
2021-06-25,56.119998931884766
2021-06-28,55.599998474121094
2021-06-29,54.25
2021-06-30,55.630001068115234
2021-07-01,57.41999816894531
2021-07-02,56.72999954223633
2021-07-06,56.189998626708984
2021-07-07,54.119998931884766
2021-07-08,52.86000061035156
2021-07-09,53.619998931884766
2021-07-12,54.040000915527344
2021-07-13,53.72999954223633
2021-07-14,53.16999816894531
2021-07-15,51.22999954223633
2021-07-16,50.5099983215332
2021-07-19,46.22999954223633
2021-07-20,47.220001220703125
2021-07-21,50.15999984741211
2021-07-22,51.43000030517578
2021-07-23,50.38999938964844
2021-07-26,50.16999816894531
2021-07-27,50.41999816894531
2021-07-28,50.29999923706055
2021-07-29,50.09000015258789
2021-07-30,54.5
2021-08-02,57.29999923706055
2021-08-03,57.95000076293945
2021-08-04,59.54999923706055
2021-08-05,58.400001525878906
2021-08-06,59.189998626708984
2021-08-09,58.54999923706055
2021-08-10,58.11000061035156
2021-08-11,59.84000015258789
2021-08-12,60.130001068115234
2021-08-13,60.060001373291016
2021-08-16,58.650001525878906
2021-08-17,56.88999938964844
2021-08-18,55.0
2021-08-19,53.81999969482422
2021-08-20,53.2599983215332
2021-08-23,54.75
2021-08-24,57.939998626708984
2021-08-25,60.209999084472656
2021-08-26,59.75
2021-08-27,57.7599983215332
2021-08-30,58.7400016784668
2021-08-31,56.86000061035156
2021-09-01,56.84000015258789
2021-09-02,57.11000061035156
2021-09-03,56.720001220703125
2021-09-07,56.72999954223633
2021-09-08,56.27000045776367
2021-09-09,56.040000915527344
2021-09-10,56.189998626708984
2021-09-13,54.5099983215332
2021-09-14,54.25
2021-09-15,52.2599983215332
2021-09-16,51.90999984741211
2021-09-17,52.81999969482422
2021-09-20,50.529998779296875
2021-09-21,51.4900016784668
2021-09-22,51.45000076293945
2021-09-23,52.970001220703125
2021-09-24,52.93000030517578
2021-09-27,52.38999938964844
2021-09-28,53.0
2021-09-29,53.2400016784668
2021-09-30,50.5
2021-10-01,48.56999969482422
2021-10-04,50.08000183105469
2021-10-05,50.040000915527344
2021-10-06,49.380001068115234
2021-10-07,49.7599983215332
2021-10-08,50.7400016784668
2021-10-11,49.560001373291016
2021-10-12,49.52000045776367
2021-10-13,51.70000076293945
2021-10-14,53.22999954223633
2021-10-15,52.439998626708984
2021-10-18,51.75
2021-10-19,52.79999923706055
2021-10-20,50.9900016784668
2021-10-21,52.119998931884766
2021-10-22,52.11000061035156
2021-10-25,52.560001373291016
2021-10-26,53.689998626708984
2021-10-27,54.400001525878906
2021-10-28,52.630001068115234
2021-10-29,53.2400016784668
2021-11-01,53.72999954223633
2021-11-02,55.34000015258789
2021-11-03,62.900001525878906
2021-11-04,67.0
2021-11-05,67.7699966430664
2021-11-08,66.0
2021-11-09,64.79000091552734
2021-11-10,63.5099983215332
2021-11-11,64.4800033569336
2021-11-12,64.25
2021-11-15,64.19999694824219
2021-11-16,64.76000213623047
2021-11-17,65.1500015258789
2021-11-18,65.0
2021-11-19,63.61000061035156
2021-11-22,63.130001068115234
2021-11-23,63.45000076293945
2021-11-24,62.56999969482422
2021-11-26,60.54999923706055
2021-11-29,62.90999984741211
2021-11-30,59.369998931884766
2021-12-01,60.970001220703125
2021-12-02,59.459999084472656
2021-12-03,63.25
2021-12-06,62.79999923706055
2021-12-07,64.5
2021-12-08,66.5
2021-12-09,66.62000274658203
2021-12-10,66.0999984741211
2021-12-13,65.12000274658203
2021-12-14,63.720001220703125
2021-12-15,62.43000030517578
2021-12-16,64.0
2021-12-17,60.95000076293945
2021-12-20,60.099998474121094
2021-12-21,59.29999923706055
2021-12-22,60.7400016784668
2021-12-23,61.20000076293945
2021-12-27,62.20000076293945
2021-12-28,63.880001068115234
2021-12-29,62.93000030517578
2021-12-30,64.01000213623047
2021-12-31,64.19999694824219
2022-01-03,65.37000274658203
2022-01-04,66.73999786376953
2022-01-05,67.72000122070312
2022-01-06,65.23999786376953
2022-01-07,65.54000091552734
2022-01-10,60.880001068115234
2022-01-11,58.7400016784668
2022-01-12,59.81999969482422
2022-01-13,60.209999084472656
2022-01-14,59.060001373291016
2022-01-18,57.45000076293945
2022-01-19,58.45000076293945
2022-01-20,56.5
2022-01-21,53.25
2022-01-24,52.52000045776367
2022-01-25,54.77000045776367
2022-01-26,57.310001373291016
2022-01-27,56.040000915527344
2022-01-28,55.40999984741211
2022-01-31,56.68000030517578
2022-02-01,60.95000076293945
2022-02-02,66.66000366210938
2022-02-03,67.5
2022-02-04,64.5
2022-02-07,65.20999908447266
2022-02-08,64.63999938964844
2022-02-09,68.72000122070312
2022-02-10,68.43000030517578
2022-02-11,69.55999755859375
2022-02-14,67.5
2022-02-15,68.18000030517578
2022-02-16,69.44999694824219
2022-02-17,69.75
2022-02-18,68.06999969482422
2022-02-22,66.88999938964844
2022-02-23,68.02999877929688
2022-02-24,64.05000305175781
2022-02-25,65.97000122070312
2022-02-28,66.58999633789062
2022-03-01,66.87000274658203
2022-03-02,66.52999877929688
2022-03-03,68.9800033569336
2022-03-04,63.08000183105469
2022-03-07,52.54999923706055
2022-03-08,47.560001373291016
2022-03-09,50.150001525878906
2022-03-10,49.369998931884766
2022-03-11,50.54999923706055
2022-03-14,49.34000015258789
2022-03-15,49.0
2022-03-16,51.65999984741211
2022-03-17,54.34000015258789
2022-03-18,54.86000061035156
2022-03-21,55.77000045776367
2022-03-22,55.369998931884766
2022-03-23,54.31999969482422
2022-03-24,54.220001220703125
2022-03-25,53.790000915527344
2022-03-28,53.7400016784668
2022-03-29,55.61000061035156
2022-03-30,56.29999923706055
2022-03-31,53.52000045776367
2022-04-01,51.83000183105469
2022-04-04,50.81999969482422
2022-04-05,50.369998931884766
2022-04-06,48.43000030517578
2022-04-07,47.72999954223633
2022-04-08,47.27000045776367
2022-04-11,47.880001068115234
2022-04-12,49.369998931884766
2022-04-13,49.86000061035156
2022-04-14,50.689998626708984
2022-04-18,50.0
2022-04-19,50.25
2022-04-20,52.75
2022-04-21,53.0
2022-04-22,49.849998474121094
2022-04-25,47.91999816894531
2022-04-26,47.81999969482422
2022-04-27,45.7599983215332
2022-04-28,48.33000183105469
2022-04-29,48.650001525878906
2022-05-02,47.709999084472656
2022-05-03,49.16999816894531
2022-05-04,48.27000045776367
2022-05-05,47.97999954223633
2022-05-06,44.849998474121094
2022-05-09,43.349998474121094
2022-05-10,42.13999938964844
2022-05-11,41.040000915527344
2022-05-12,38.880001068115234
2022-05-13,41.349998474121094
2022-05-16,42.7400016784668
2022-05-17,44.380001068115234
2022-05-18,43.45000076293945
2022-05-19,41.79999923706055
2022-05-20,43.77000045776367
2022-05-23,42.20000076293945
2022-05-24,41.029998779296875
2022-05-25,38.58000183105469
2022-05-26,43.599998474121094
2022-05-27,45.77000045776367
2022-05-31,47.54999923706055
2022-06-01,51.29999923706055
2022-06-02,49.41999816894531
2022-06-03,48.099998474121094
2022-06-06,49.880001068115234
2022-06-07,49.790000915527344
2022-06-08,51.41999816894531
2022-06-09,50.83000183105469
2022-06-10,49.369998931884766
2022-06-13,46.529998779296875
2022-06-14,45.540000915527344
2022-06-15,47.38999938964844
2022-06-16,45.459999084472656
2022-06-17,43.56999969482422
2022-06-21,46.36000061035156
2022-06-22,43.959999084472656
2022-06-23,44.25
2022-06-24,44.939998626708984
2022-06-27,46.220001220703125
2022-06-28,45.52000045776367
2022-06-29,44.02000045776367
2022-06-30,40.84000015258789
2022-07-01,40.689998626708984
2022-07-05,40.18000030517578
2022-07-06,41.650001525878906
2022-07-07,42.31999969482422
2022-07-08,43.13999938964844
2022-07-11,42.31999969482422
2022-07-12,41.2400016784668
2022-07-13,42.0
2022-07-14,41.650001525878906
2022-07-15,42.34000015258789
2022-07-18,43.599998474121094
2022-07-19,44.619998931884766
2022-07-20,46.0
2022-07-21,47.84000015258789
2022-07-22,48.650001525878906
2022-07-25,48.70000076293945
2022-07-26,47.439998626708984
2022-07-27,46.4900016784668
2022-07-28,49.29999923706055
2022-07-29,48.5
2022-08-01,48.06999969482422
2022-08-02,48.459999084472656
2022-08-03,48.2599983215332
2022-08-04,49.209999084472656
2022-08-05,48.52000045776367
2022-08-08,50.150001525878906
2022-08-09,51.0099983215332
2022-08-10,50.31999969482422
2022-08-11,50.880001068115234
2022-08-12,51.040000915527344
2022-08-15,51.0099983215332
2022-08-16,51.79999923706055
2022-08-17,52.560001373291016
2022-08-18,53.66999816894531
2022-08-19,53.369998931884766
2022-08-22,50.4900016784668
2022-08-23,50.20000076293945
2022-08-24,50.439998626708984
2022-08-25,50.7599983215332
2022-08-26,52.2400016784668
2022-08-29,48.36000061035156
2022-08-30,49.95000076293945
2022-08-31,48.91999816894531
2022-09-01,46.34000015258789
2022-09-02,48.060001373291016
2022-09-06,48.0
2022-09-07,45.939998626708984
2022-09-08,47.119998931884766
2022-09-09,49.130001068115234
2022-09-12,50.54999923706055
2022-09-13,48.540000915527344
2022-09-14,48.02000045776367
2022-09-15,45.91999816894531
2022-09-16,45.439998626708984
2022-09-19,44.25
2022-09-20,44.560001373291016
2022-09-21,44.11000061035156
2022-09-22,43.459999084472656
2022-09-23,41.290000915527344
2022-09-26,39.9900016784668
2022-09-27,39.27000045776367
2022-09-28,38.86000061035156
2022-09-29,38.880001068115234
2022-09-30,38.130001068115234
2022-10-03,39.150001525878906
2022-10-04,41.90999984741211
2022-10-05,42.400001525878906
2022-10-06,43.56999969482422
2022-10-07,42.599998474121094
2022-10-10,42.0099983215332
2022-10-11,41.209999084472656
2022-10-12,42.22999954223633
2022-10-13,41.11000061035156
2022-10-14,42.38999938964844
2022-10-17,42.459999084472656
2022-10-18,44.0
2022-10-19,43.7599983215332
2022-10-20,43.15999984741211
2022-10-21,42.36000061035156
2022-10-24,43.83000183105469
2022-10-25,43.20000076293945
2022-10-26,45.38999938964844
2022-10-27,46.099998474121094
2022-10-28,45.5099983215332
2022-10-31,45.849998474121094
2022-11-01,47.09000015258789
2022-11-02,46.09000015258789
2022-11-03,43.86000061035156
2022-11-04,45.90999984741211
2022-11-07,47.83000183105469
2022-11-08,47.560001373291016
2022-11-09,47.20000076293945
2022-11-10,47.0
2022-11-11,49.61000061035156
2022-11-14,52.849998474121094
2022-11-15,53.599998474121094
2022-11-16,52.400001525878906
2022-11-17,51.66999816894531
2022-11-18,54.0
2022-11-21,51.86000061035156
2022-11-22,52.25
2022-11-23,53.09000015258789
2022-11-25,53.2599983215332
2022-11-28,52.709999084472656
2022-11-29,54.650001525878906
2022-11-30,55.7599983215332
2022-12-01,57.470001220703125
2022-12-02,57.790000915527344
2022-12-05,58.099998474121094
2022-12-06,58.68000030517578
2022-12-07,57.599998474121094
2022-12-08,58.04999923706055
2022-12-09,58.20000076293945
2022-12-12,57.40999984741211
2022-12-13,60.0099983215332
2022-12-14,58.599998474121094
2022-12-15,57.2400016784668
2022-12-16,57.40999984741211
2022-12-19,57.70000076293945
2022-12-20,55.650001525878906
2022-12-21,56.66999816894531
2022-12-22,56.279998779296875
2022-12-23,55.720001220703125
2022-12-27,55.869998931884766
2022-12-28,56.25
2022-12-29,55.939998626708984
2022-12-30,56.349998474121094
2023-01-03,58.77000045776367
2023-01-04,58.47999954223633
2023-01-05,59.38999938964844
2023-01-06,60.66999816894531
2023-01-09,61.54999923706055
2023-01-10,60.97999954223633
2023-01-11,62.849998474121094
2023-01-12,63.29999923706055
2023-01-13,62.959999084472656
2023-01-17,63.7599983215332
2023-01-18,64.08999633789062
2023-01-19,62.380001068115234
2023-01-20,61.70000076293945
2023-01-23,63.29999923706055
2023-01-24,64.41000366210938
2023-01-25,63.36000061035156
2023-01-26,64.44999694824219
2023-01-27,63.59000015258789
2023-01-30,63.630001068115234
2023-01-31,64.9000015258789
2023-02-01,66.70999908447266
2023-02-02,68.55999755859375
2023-02-03,66.83999633789062
2023-02-06,67.11000061035156
2023-02-07,65.69000244140625
2023-02-08,52.869998931884766
2023-02-09,51.34000015258789
2023-02-10,48.650001525878906
2023-02-13,49.529998779296875
2023-02-14,50.54999923706055
2023-02-15,50.630001068115234
2023-02-16,50.34000015258789
2023-02-17,49.95000076293945
2023-02-21,49.279998779296875
2023-02-22,48.720001220703125
2023-02-23,50.0
2023-02-24,49.189998626708984
2023-02-27,50.77000045776367
2023-02-28,50.220001220703125
2023-03-01,49.939998626708984
2023-03-02,48.84000015258789
2023-03-03,50.0099983215332
2023-03-06,49.83000183105469
2023-03-07,48.130001068115234
2023-03-08,47.130001068115234
2023-03-09,46.40999984741211
2023-03-10,44.220001220703125
2023-03-13,41.68000030517578
2023-03-14,42.310001373291016
2023-03-15,40.34000015258789
2023-03-16,40.63999938964844
2023-03-17,41.31999969482422
2023-03-20,42.86000061035156
2023-03-21,44.2599983215332
2023-03-22,44.099998474121094
2023-03-23,43.81999969482422
2023-03-24,42.849998474121094
2023-03-27,43.91999816894531
2023-03-28,43.91999816894531
2023-03-29,45.290000915527344
2023-03-30,46.7400016784668
2023-03-31,46.400001525878906
2023-04-03,47.36000061035156
2023-04-04,47.29999923706055
2023-04-05,45.04999923706055
2023-04-06,44.220001220703125
2023-04-10,42.720001220703125
2023-04-11,43.650001525878906
2023-04-12,44.349998474121094
2023-04-13,43.380001068115234
2023-04-14,44.06999969482422
2023-04-17,44.779998779296875
2023-04-18,44.689998626708984
2023-04-19,44.70000076293945
2023-04-20,45.58000183105469
2023-04-21,45.70000076293945
2023-04-24,45.29999923706055
2023-04-25,43.0099983215332
2023-04-26,42.54999923706055
2023-04-27,41.599998474121094
2023-04-28,41.130001068115234
2023-05-01,41.459999084472656
2023-05-02,40.38999938964844
2023-05-03,39.599998474121094
2023-05-04,39.0099983215332
2023-05-05,38.099998474121094
2023-05-08,38.7599983215332
2023-05-09,37.34000015258789
2023-05-10,37.93000030517578
2023-05-11,37.4900016784668
2023-05-12,38.349998474121094
2023-05-15,39.56999969482422
2023-05-16,39.7400016784668
2023-05-17,39.11000061035156
2023-05-18,40.630001068115234
2023-05-19,40.54999923706055
2023-05-22,39.560001373291016
2023-05-23,39.0099983215332
2023-05-24,39.09000015258789
2023-05-25,39.5099983215332
2023-05-26,39.08000183105469
2023-05-30,40.58000183105469
2023-05-31,38.58000183105469
2023-06-01,35.20000076293945
2023-06-02,34.650001525878906
2023-06-05,36.18000030517578
2023-06-06,35.38999938964844
2023-06-07,37.13999938964844
2023-06-08,38.59000015258789
2023-06-09,38.040000915527344
2023-06-12,37.20000076293945
2023-06-13,36.25
2023-06-14,37.060001373291016
2023-06-15,36.63999938964844
2023-06-16,37.16999816894531
2023-06-20,36.58000183105469
2023-06-21,36.279998779296875
2023-06-22,36.16999816894531
2023-06-23,35.47999954223633
2023-06-26,36.119998931884766
2023-06-27,35.95000076293945
2023-06-28,36.56999969482422
2023-06-29,35.65999984741211
2023-06-30,36.13999938964844
2023-07-03,36.130001068115234
2023-07-05,36.369998931884766
2023-07-06,35.0
2023-07-07,34.70000076293945
2023-07-10,35.119998931884766
2023-07-11,36.130001068115234
2023-07-12,37.0
2023-07-13,36.380001068115234
2023-07-14,36.20000076293945
2023-07-17,34.65999984741211
2023-07-18,34.79999923706055
2023-07-19,36.86000061035156
2023-07-20,37.41999816894531
2023-07-21,36.41999816894531
2023-07-24,35.7400016784668
2023-07-25,36.52000045776367
2023-07-26,36.0
2023-07-27,36.7400016784668
2023-07-28,36.439998626708984
2023-07-31,36.11000061035156
2023-08-01,36.68000030517578
2023-08-02,35.95000076293945
2023-08-03,35.970001220703125
2023-08-04,35.470001220703125
2023-08-07,35.4900016784668
2023-08-08,35.349998474121094
2023-08-09,35.040000915527344
2023-08-10,54.5
2023-08-11,53.439998626708984
2023-08-14,53.0
2023-08-15,52.25
2023-08-16,51.79999923706055
2023-08-17,51.599998474121094
2023-08-18,51.5099983215332
2023-08-21,51.900001525878906
2023-08-22,51.79999923706055
2023-08-23,51.650001525878906
2023-08-24,52.060001373291016
2023-08-25,52.0
2023-08-28,51.97999954223633
2023-08-29,52.47999954223633
2023-08-30,52.45000076293945
2023-08-31,52.54999923706055
2023-09-01,52.650001525878906
2023-09-05,52.560001373291016
2023-09-06,52.650001525878906
2023-09-07,52.709999084472656
2023-09-08,52.75
2023-09-11,52.79999923706055
2023-09-12,52.9900016784668
2023-09-13,52.79999923706055
2023-09-14,52.56999969482422
2023-09-15,52.470001220703125
2023-09-18,52.279998779296875
2023-09-19,52.25
2023-09-20,52.45000076293945
2023-09-21,52.459999084472656
2023-09-22,52.540000915527344
2023-09-25,52.209999084472656
2023-09-26,52.25
2023-09-27,52.349998474121094
2023-09-28,52.31999969482422
2023-09-29,52.880001068115234
2023-10-02,52.599998474121094
2023-10-03,52.11000061035156
2023-10-04,51.790000915527344
2023-10-05,51.63999938964844
2023-10-06,51.349998474121094
2023-10-09,51.43000030517578
2023-10-10,51.65999984741211
2023-10-11,51.220001220703125
2023-10-12,52.0
2023-10-13,51.34000015258789
2023-10-16,51.7599983215332
2023-10-17,51.560001373291016
2023-10-18,51.900001525878906
2023-10-19,51.310001373291016
2023-10-20,51.130001068115234
2023-10-23,51.0
2023-10-24,51.189998626708984
2023-10-25,51.5
2023-10-26,51.20000076293945
2023-10-27,51.220001220703125
2023-10-30,51.13999938964844
2023-10-31,51.11000061035156
2023-11-01,51.099998474121094
2023-11-02,50.83000183105469
2023-11-03,50.88999938964844
2023-11-06,51.09000015258789
2023-11-07,48.86000061035156
2023-11-08,48.95000076293945
2023-11-09,48.5
2023-11-10,46.70000076293945
2023-11-13,47.0
2023-11-14,47.4900016784668
2023-11-15,47.790000915527344
2023-11-16,48.20000076293945
2023-11-17,48.31999969482422
2023-11-20,48.41999816894531
2023-11-21,48.29999923706055
2023-11-22,48.75
2023-11-24,48.9900016784668
2023-11-27,49.220001220703125
2023-11-28,49.290000915527344
2023-11-29,49.310001373291016
2023-11-30,48.900001525878906
2023-12-01,48.45000076293945
2023-12-04,48.5
2023-12-05,48.599998474121094
2023-12-06,48.689998626708984
2023-12-07,47.95000076293945
2023-12-08,48.18000030517578
2023-12-11,48.619998931884766
2023-12-12,49.20000076293945
2023-12-13,49.0
2023-12-14,49.709999084472656
2023-12-15,49.56999969482422
2023-12-18,49.5
2023-12-19,49.400001525878906
2023-12-20,49.56999969482422
2023-12-21,49.7599983215332
2023-12-22,49.72999954223633
2023-12-26,50.150001525878906
2023-12-27,50.349998474121094
2023-12-28,50.38999938964844
2023-12-29,50.47999954223633
2024-01-02,50.06999969482422
2024-01-03,50.16999816894531
2024-01-04,50.04999923706055
2024-01-05,50.20000076293945
2024-01-08,50.54999923706055
2024-01-09,50.4900016784668
2024-01-10,51.0
2024-01-11,51.189998626708984
2024-01-12,51.11000061035156
2024-01-16,50.5
2024-01-17,50.52000045776367
2024-01-18,50.790000915527344
2024-01-19,50.5099983215332
2024-01-22,50.5
2024-01-23,50.20000076293945
2024-01-24,49.4900016784668
2024-01-25,49.0
2024-01-26,48.75
2024-01-29,48.70000076293945
2024-01-30,49.279998779296875
2024-01-31,49.20000076293945
2024-02-01,48.91999816894531
2024-02-02,47.599998474121094
2024-02-05,47.31999969482422
2024-02-06,47.0
2024-02-07,46.90999984741211
2024-02-08,47.11000061035156
2024-02-09,46.63999938964844
2024-02-12,46.810001373291016
2024-02-13,46.79999923706055
2024-02-14,47.209999084472656
2024-02-15,47.52000045776367
2024-02-16,47.31999969482422
2024-02-20,47.25
2024-02-21,47.150001525878906
2024-02-22,46.5
2024-02-23,46.54999923706055
2024-02-26,46.369998931884766
2024-02-27,46.130001068115234
2024-02-28,46.119998931884766
2024-02-29,46.27000045776367
2024-03-01,46.29999923706055
2024-03-04,45.79999923706055
2024-03-05,45.720001220703125
2024-03-06,45.970001220703125
2024-03-07,45.810001373291016
2024-03-08,46.59000015258789
2024-03-11,46.790000915527344
2024-03-12,46.5
2024-03-13,46.75
2024-03-14,46.70000076293945
2024-03-15,46.810001373291016
2024-03-18,46.849998474121094
2024-03-19,45.900001525878906
2024-03-20,46.0
2024-03-21,45.88999938964844
2024-03-22,45.310001373291016
2024-03-25,45.29999923706055
2024-03-26,45.060001373291016
2024-03-27,44.900001525878906
2024-03-28,45.15999984741211
2024-04-01,45.20000076293945
2024-04-02,45.04999923706055
2024-04-03,45.0
2024-04-04,45.4900016784668
2024-04-05,44.66999816894531
2024-04-08,43.900001525878906
2024-04-09,43.90999984741211
2024-04-10,43.83000183105469
2024-04-11,42.869998931884766
2024-04-12,40.779998779296875
2024-04-15,39.25
2024-04-16,38.75
2024-04-17,38.25
2024-04-18,37.95000076293945
2024-04-19,37.59000015258789
2024-04-22,38.599998474121094
2024-04-23,37.20000076293945
2024-04-24,36.27000045776367
2024-04-25,35.0
2024-04-26,34.81999969482422
2024-04-29,35.91999816894531
2024-04-30,35.529998779296875
2024-05-01,35.279998779296875
2024-05-02,35.529998779296875
2024-05-03,35.310001373291016
2024-05-06,36.33000183105469
2024-05-07,35.83000183105469
2024-05-08,36.7400016784668
2024-05-09,36.599998474121094
2024-05-10,36.5
2024-05-13,36.2400016784668
2024-05-14,36.20000076293945
2024-05-15,36.36000061035156
2024-05-16,36.0
2024-05-17,36.47999954223633
2024-05-20,36.060001373291016
2024-05-21,35.529998779296875
2024-05-22,35.2400016784668
2024-05-23,34.790000915527344
2024-05-24,35.0
2024-05-28,34.599998474121094
2024-05-29,34.040000915527344
2024-05-30,33.400001525878906
2024-05-31,33.880001068115234
2024-06-03,34.75
2024-06-04,34.119998931884766
2024-06-05,33.709999084472656
2024-06-06,33.970001220703125
2024-06-07,33.75
2024-06-10,33.65999984741211
2024-06-11,33.540000915527344
2024-06-12,32.84000015258789
2024-06-13,32.560001373291016
2024-06-14,31.959999084472656
2024-06-17,32.7400016784668
2024-06-18,32.0
2024-06-20,31.770000457763672
2024-06-21,30.799999237060547
2024-06-24,31.5
2024-06-25,32.13999938964844
2024-06-26,31.899999618530273
2024-06-27,32.2599983215332
2024-06-28,32.38999938964844
2024-07-01,33.029998779296875
2024-07-02,33.97999954223633
2024-07-03,33.599998474121094
2024-07-05,33.2400016784668
2024-07-08,33.400001525878906
2024-07-09,33.9900016784668
2024-07-10,34.04999923706055
2024-07-11,34.25
2024-07-12,35.4900016784668
2024-07-15,35.90999984741211
2024-07-16,35.16999816894531
2024-07-17,35.09000015258789
2024-07-18,34.900001525878906
2024-07-19,34.20000076293945
2024-07-22,33.70000076293945
2024-07-23,33.93000030517578
2024-07-24,33.59000015258789
2024-07-25,32.959999084472656
2024-07-26,33.5099983215332
2024-07-29,33.75
2024-07-30,33.77000045776367
2024-07-31,33.970001220703125
2024-08-01,33.5
2024-08-02,32.77000045776367
2024-08-05,32.5
2024-08-06,32.369998931884766
2024-08-07,32.70000076293945
2024-08-08,32.599998474121094
2024-08-09,30.75
2024-08-12,30.540000915527344
2024-08-13,29.700000762939453
2024-08-14,30.049999237060547
2024-08-15,31.5
2024-08-16,31.84000015258789
2024-08-19,32.599998474121094
2024-08-20,32.97999954223633
2024-08-21,33.900001525878906
2024-08-22,35.70000076293945
2024-08-23,35.2400016784668
2024-08-26,35.959999084472656
2024-08-27,35.650001525878906
2024-08-28,35.81999969482422
2024-08-29,35.959999084472656
2024-08-30,36.189998626708984
2024-09-03,35.650001525878906
2024-09-04,35.84000015258789
2024-09-05,36.130001068115234
2024-09-06,35.27000045776367
2024-09-09,34.310001373291016
2024-09-10,36.5
2024-09-11,37.709999084472656
2024-09-12,40.45000076293945
2024-09-13,38.54999923706055
2024-09-16,38.25
2024-09-17,39.02000045776367
2024-09-18,39.77000045776367
2024-09-19,39.5
2024-09-20,38.83000183105469
2024-09-23,38.41999816894531
2024-09-24,38.75
2024-09-25,38.29999923706055
2024-09-26,39.0
2024-09-27,38.90999984741211
2024-09-30,39.470001220703125
2024-10-01,42.970001220703125
2024-10-02,42.04999923706055
2024-10-03,42.09000015258789
2024-10-04,42.29999923706055
2024-10-07,42.29999923706055
2024-10-08,42.290000915527344
2024-10-09,42.88999938964844
2024-10-10,42.95000076293945
2024-10-11,43.189998626708984
2024-10-14,43.0099983215332
2024-10-15,43.0
2024-10-16,43.040000915527344
2024-10-17,42.77000045776367
2024-10-18,42.79999923706055
2024-10-21,41.91999816894531
2024-10-22,41.90999984741211
2024-10-23,41.90999984741211
2024-10-24,42.119998931884766
2024-10-25,22.34000015258789
2024-10-28,21.440000534057617
2024-10-29,21.200000762939453
2024-10-30,20.219999313354492
2024-10-31,19.450000762939453
2024-11-01,19.84000015258789
2024-11-04,20.270000457763672
2024-11-05,20.100000381469727
2024-11-06,21.469999313354492
2024-11-07,22.049999237060547
2024-11-08,20.100000381469727
2024-11-11,20.600000381469727
2024-11-12,19.760000228881836
2024-11-13,19.329999923706055
2024-11-14,19.0
2024-11-15,20.389999389648438
2024-11-18,21.079999923706055
2024-11-19,20.350000381469727
2024-11-20,20.0
2024-11-21,20.030000686645508
2024-11-22,19.700000762939453
2024-11-25,21.010000228881836
2024-11-26,22.209999084472656
2024-11-27,22.84000015258789
2024-11-29,23.68000030517578
2024-12-02,23.399999618530273
2024-12-03,23.299999237060547
2024-12-04,22.860000610351562
2024-12-05,23.010000228881836
2024-12-06,22.270000457763672
2024-12-09,22.299999237060547
2024-12-10,22.18000030517578
2024-12-11,22.15999984741211
2024-12-12,21.809999465942383
2024-12-13,21.510000228881836
2024-12-16,22.200000762939453
2024-12-17,22.280000686645508
2024-12-18,22.100000381469727
2024-12-19,21.149999618530273
2024-12-20,20.940000534057617
2024-12-23,21.100000381469727
2024-12-24,21.399999618530273
2024-12-26,20.989999771118164
2024-12-27,21.100000381469727
2024-12-30,20.75
2024-12-31,20.6200008392334
2025-01-02,21.299999237060547
2025-01-03,20.649999618530273
2025-01-06,21.309999465942383
2025-01-07,22.190000534057617
2025-01-08,21.09000015258789
2025-01-10,23.0
2025-01-13,23.549999237060547
2025-01-14,23.84000015258789
2025-01-15,23.899999618530273
2025-01-16,23.3799991607666
2025-01-17,23.860000610351562
2025-01-21,24.0
2025-01-22,24.09000015258789
2025-01-23,24.389999389648438
2025-01-24,25.0
2025-01-27,25.200000762939453
2025-01-28,25.399999618530273
2025-01-29,25.459999084472656
2025-01-30,25.700000762939453
2025-01-31,25.799999237060547
2025-02-03,24.200000762939453
2025-02-04,24.020000457763672
2025-02-05,22.440000534057617
2025-02-06,21.81999969482422
2025-02-07,21.34000015258789
2025-02-10,21.579999923706055
2025-02-11,21.549999237060547
2025-02-12,21.860000610351562
2025-02-13,22.75
2025-02-14,22.639999389648438
2025-02-18,22.469999313354492
2025-02-19,22.100000381469727
2025-02-20,22.75
2025-02-21,21.920000076293945
2025-02-24,21.510000228881836
2025-02-25,21.1200008392334
2025-02-26,20.3799991607666
2025-02-27,21.8799991607666
2025-02-28,21.399999618530273
2025-03-03,23.889999389648438
2025-03-04,22.469999313354492
2025-03-05,22.360000610351562
2025-03-06,21.950000762939453
2025-03-07,21.600000381469727
2025-03-10,20.559999465942383
2025-03-11,19.18000030517578
2025-03-12,19.68000030517578
2025-03-13,19.399999618530273
2025-03-14,21.229999542236328
2025-03-17,21.59000015258789
2025-03-18,21.1200008392334
2025-03-19,20.399999618530273
2025-03-20,20.579999923706055
2025-03-21,20.200000762939453
2025-03-24,20.40999984741211
2025-03-25,21.389999389648438
2025-03-26,20.899999618530273
2025-03-27,20.479999542236328
2025-03-28,20.209999084472656
2025-03-31,19.850000381469727
2025-04-01,19.200000762939453
2025-04-02,19.25
2025-04-03,18.190000534057617
2025-04-04,14.510000228881836
