2014-10-27,90.0
2014-10-28,90.0
2014-10-29,90.0
2014-10-30,90.0
2014-10-31,90.0
2014-11-03,90.0
2014-11-04,90.0
2014-11-05,90.0
2014-11-06,90.0
2014-11-07,90.0
2014-11-10,90.0
2014-11-11,90.0
2014-11-12,90.0
2014-11-13,105.0
2014-11-14,135.0
2014-11-17,97.5
2014-11-18,96.0
2014-11-19,97.5
2014-11-20,99.0
2014-11-21,94.5
2014-11-24,99.0
2014-11-25,90.0
2014-11-26,91.5
2014-11-28,90.0
2014-12-01,90.0
2014-12-02,120.5999984741211
2014-12-03,94.5
2014-12-04,99.0
2014-12-05,94.5
2014-12-08,120.0
2014-12-09,119.69999694824219
2014-12-10,120.0
2014-12-11,119.4000015258789
2014-12-12,115.5
2014-12-15,111.0
2014-12-16,109.5
2014-12-17,109.5
2014-12-18,99.0
2014-12-19,103.5
2014-12-22,93.5999984741211
2014-12-23,91.19999694824219
2014-12-24,88.80000305175781
2014-12-26,86.69999694824219
2014-12-29,89.69999694824219
2014-12-30,89.69999694824219
2014-12-31,85.5
2015-01-02,85.19999694824219
2015-01-05,85.19999694824219
2015-01-06,82.19999694824219
2015-01-07,84.9000015258789
2015-01-08,85.5
2015-01-09,90.0
2015-01-12,90.30000305175781
2015-01-13,78.5999984741211
2015-01-14,76.5
2015-01-15,78.9000015258789
2015-01-16,71.4000015258789
2015-01-20,67.80000305175781
2015-01-21,75.0
2015-01-22,73.80000305175781
2015-01-23,69.0
2015-01-26,69.0
2015-01-27,66.0
2015-01-28,69.0
2015-01-29,68.0999984741211
2015-01-30,65.4000015258789
2015-02-02,63.0
2015-02-03,60.599998474121094
2015-02-04,61.5
2015-02-05,64.5
2015-02-06,66.0
2015-02-09,63.0
2015-02-10,63.0
2015-02-11,63.29999923706055
2015-02-12,63.0
2015-02-13,64.5
2015-02-17,63.599998474121094
2015-02-18,65.4000015258789
2015-02-19,65.4000015258789
2015-02-20,63.0
2015-02-23,65.0999984741211
2015-02-24,66.0
2015-02-25,63.0
2015-02-26,60.29999923706055
2015-02-27,75.0
2015-03-02,76.5
2015-03-03,69.0
2015-03-04,79.5
2015-03-05,87.0
2015-03-06,90.5999984741211
2015-03-09,91.5
2015-03-10,91.5
2015-03-11,91.5
2015-03-12,88.5
2015-03-13,92.4000015258789
2015-03-16,93.0
2015-03-17,88.5
2015-03-18,89.63999938964844
2015-03-19,90.0
2015-03-20,89.69999694824219
2015-03-23,87.0
2015-03-24,85.5
2015-03-25,84.0
2015-03-26,84.0
2015-03-27,86.69999694824219
2015-03-30,87.0
2015-03-31,86.69999694824219
2015-04-01,84.5999984741211
2015-04-02,86.69999694824219
2015-04-06,87.0
2015-04-07,88.5
2015-04-08,85.80000305175781
2015-04-09,85.80000305175781
2015-04-10,85.19999694824219
2015-04-13,84.0
2015-04-14,101.4000015258789
2015-04-15,98.69999694824219
2015-04-16,96.0
2015-04-17,90.0
2015-04-20,90.9000015258789
2015-04-21,83.12999725341797
2015-04-22,88.5
2015-04-23,100.5
2015-04-24,99.9000015258789
2015-04-27,105.0
2015-04-28,94.5
2015-04-29,96.0
2015-04-30,95.8499984741211
2015-05-01,97.5
2015-05-04,97.80000305175781
2015-05-05,93.0
2015-05-06,99.0
2015-05-07,102.5999984741211
2015-05-08,105.30000305175781
2015-05-11,110.0999984741211
2015-05-12,112.5
2015-05-13,124.5
2015-05-14,118.19999694824219
2015-05-15,123.0
2015-05-18,123.0
2015-05-19,127.80000305175781
2015-05-20,121.5
2015-05-21,121.5
2015-05-22,117.0
2015-05-26,115.19999694824219
2015-05-27,114.9000015258789
2015-05-28,102.30000305175781
2015-05-29,102.0
2015-06-01,98.69999694824219
2015-06-02,99.5999984741211
2015-06-03,94.62000274658203
2015-06-04,89.69999694824219
2015-06-05,87.0
2015-06-08,94.5
2015-06-09,93.1500015258789
2015-06-10,91.19999694824219
2015-06-11,93.5999984741211
2015-06-12,108.9000015258789
2015-06-15,95.4000015258789
2015-06-16,100.5
2015-06-17,105.0
2015-06-18,96.30000305175781
2015-06-19,96.30000305175781
2015-06-22,96.0
2015-06-23,96.30000305175781
2015-06-24,96.5999984741211
2015-06-25,95.4000015258789
2015-06-26,96.0
2015-06-29,97.19999694824219
2015-06-30,94.19999694824219
2015-07-01,93.0
2015-07-02,92.69999694824219
2015-07-06,89.4000015258789
2015-07-07,91.5
2015-07-08,92.69999694824219
2015-07-09,90.9000015258789
2015-07-10,90.0
2015-07-13,90.0
2015-07-14,89.37000274658203
2015-07-15,87.0
2015-07-16,84.9000015258789
2015-07-17,87.30000305175781
2015-07-20,86.4000015258789
2015-07-21,86.25
2015-07-22,86.91000366210938
2015-07-23,83.69999694824219
2015-07-24,84.0
2015-07-27,76.80000305175781
2015-07-28,63.0
2015-07-29,59.70000076293945
2015-07-30,61.79999923706055
2015-07-31,60.599998474121094
2015-08-03,60.0
2015-08-04,62.099998474121094
2015-08-05,61.5
2015-08-06,66.5999984741211
2015-08-07,61.5
2015-08-10,55.20000076293945
2015-08-11,54.599998474121094
2015-08-12,60.900001525878906
2015-08-13,56.34000015258789
2015-08-14,55.5
2015-08-17,57.0
2015-08-18,58.20000076293945
2015-08-19,84.0
2015-08-20,73.5
2015-08-21,61.20000076293945
2015-08-24,60.900001525878906
2015-08-25,60.29999923706055
2015-08-26,57.900001525878906
2015-08-27,57.900001525878906
2015-08-28,58.79999923706055
2015-08-31,60.599998474121094
2015-09-01,57.900001525878906
2015-09-02,57.29999923706055
2015-09-03,57.29999923706055
2015-09-04,53.70000076293945
2015-09-08,59.400001525878906
2015-09-09,57.0
2015-09-10,55.5
2015-09-11,54.0
2015-09-14,60.29999923706055
2015-09-15,64.80000305175781
2015-09-16,62.400001525878906
2015-09-17,62.099998474121094
2015-09-18,62.099998474121094
2015-09-21,68.69999694824219
2015-09-22,67.5
2015-09-23,64.5
2015-09-24,63.599998474121094
2015-09-25,59.70000076293945
2015-09-28,59.70000076293945
2015-09-29,52.79999923706055
2015-09-30,48.0
2015-10-01,47.70000076293945
2015-10-02,49.79999923706055
2015-10-05,49.5
2015-10-06,52.79999923706055
2015-10-07,52.20000076293945
2015-10-08,54.599998474121094
2015-10-09,56.400001525878906
2015-10-12,56.70000076293945
2015-10-13,53.099998474121094
2015-10-14,52.11000061035156
2015-10-15,52.5
2015-10-16,55.5
2015-10-19,52.5
2015-10-20,66.0
2015-10-21,55.79999923706055
2015-10-22,54.29999923706055
2015-10-23,53.099998474121094
2015-10-26,51.599998474121094
2015-10-27,50.70000076293945
2015-10-28,51.599998474121094
2015-10-29,51.599998474121094
2015-10-30,50.70000076293945
2015-11-02,51.29999923706055
2015-11-03,50.70000076293945
2015-11-04,53.400001525878906
2015-11-05,53.099998474121094
2015-11-06,49.5
2015-11-09,51.0
2015-11-10,49.79999923706055
2015-11-11,49.79999923706055
2015-11-12,49.5
2015-11-13,51.900001525878906
2015-11-16,50.70000076293945
2015-11-17,51.0
2015-11-18,51.900001525878906
2015-11-19,51.0
2015-11-20,50.099998474121094
2015-11-23,51.0
2015-11-24,53.099998474121094
2015-11-25,52.86000061035156
2015-11-27,52.79999923706055
2015-11-30,54.0
2015-12-01,54.0
2015-12-02,52.79999923706055
2015-12-03,52.79999923706055
2015-12-04,51.599998474121094
2015-12-07,51.0
2015-12-08,51.0
2015-12-09,49.5
2015-12-10,49.20000076293945
2015-12-11,46.5
2015-12-14,47.400001525878906
2015-12-15,45.29999923706055
2015-12-16,48.900001525878906
2015-12-17,47.400001525878906
2015-12-18,47.34000015258789
2015-12-21,47.70000076293945
2015-12-22,48.0
2015-12-23,48.29999923706055
2015-12-24,48.29999923706055
2015-12-28,49.20000076293945
2015-12-29,49.5
2015-12-30,48.599998474121094
2015-12-31,47.400001525878906
2016-01-04,49.79999923706055
2016-01-05,48.29999923706055
2016-01-06,46.20000076293945
2016-01-07,41.099998474121094
2016-01-08,43.5
2016-01-11,43.20000076293945
2016-01-12,45.599998474121094
2016-01-13,42.900001525878906
2016-01-14,40.5
2016-01-15,35.400001525878906
2016-01-19,33.599998474121094
2016-01-20,31.200000762939453
2016-01-21,36.29999923706055
2016-01-22,45.29999923706055
2016-01-25,45.0
2016-01-26,42.900001525878906
2016-01-27,42.599998474121094
2016-01-28,43.79999923706055
2016-01-29,39.29999923706055
2016-02-01,42.599998474121094
2016-02-02,39.599998474121094
2016-02-03,38.849998474121094
2016-02-04,36.900001525878906
2016-02-05,37.20000076293945
2016-02-08,37.79999923706055
2016-02-09,36.0
2016-02-10,35.70000076293945
2016-02-11,32.70000076293945
2016-02-12,36.0
2016-02-16,36.0
2016-02-17,38.099998474121094
2016-02-18,38.400001525878906
2016-02-19,36.599998474121094
2016-02-22,48.0
2016-02-23,43.83000183105469
2016-02-24,39.0
2016-02-25,39.900001525878906
2016-02-26,45.0
2016-02-29,41.70000076293945
2016-03-01,41.400001525878906
2016-03-02,39.599998474121094
2016-03-03,44.400001525878906
2016-03-04,45.599998474121094
2016-03-07,51.29999923706055
2016-03-08,55.5
2016-03-09,51.900001525878906
2016-03-10,51.900001525878906
2016-03-11,51.29999923706055
2016-03-14,52.79999923706055
2016-03-15,53.099998474121094
2016-03-16,54.0
2016-03-17,52.79999923706055
2016-03-18,53.70000076293945
2016-03-21,54.0
2016-03-22,54.0
2016-03-23,54.900001525878906
2016-03-24,54.0
2016-03-28,55.5
2016-03-29,54.0
2016-03-30,55.290000915527344
2016-03-31,52.79999923706055
2016-04-01,54.29999923706055
2016-04-04,53.400001525878906
2016-04-05,55.5
2016-04-06,57.900001525878906
2016-04-07,60.29999923706055
2016-04-08,59.90999984741211
2016-04-11,65.4000015258789
2016-04-12,74.69999694824219
2016-04-13,78.9000015258789
2016-04-14,72.30000305175781
2016-04-15,71.0999984741211
2016-04-18,67.5
2016-04-19,69.5999984741211
2016-04-20,67.5
2016-04-21,67.80000305175781
2016-04-22,70.80000305175781
2016-04-25,72.30000305175781
2016-04-26,67.5
2016-04-27,67.5
2016-04-28,67.5
2016-04-29,69.30000305175781
2016-05-02,66.9000015258789
2016-05-03,66.0
2016-05-04,65.0999984741211
2016-05-05,63.900001525878906
2016-05-06,63.599998474121094
2016-05-09,69.0
2016-05-10,75.0
2016-05-11,74.69999694824219
2016-05-12,72.5999984741211
2016-05-13,73.19999694824219
2016-05-16,68.66999816894531
2016-05-17,70.5
2016-05-18,72.0
2016-05-19,72.0
2016-05-20,76.5
2016-05-23,78.5999984741211
2016-05-24,76.5
2016-05-25,77.4000015258789
2016-05-26,81.0
2016-05-27,90.30000305175781
2016-05-31,88.19999694824219
2016-06-01,97.80000305175781
2016-06-02,111.0
2016-06-03,112.5
2016-06-06,112.5
2016-06-07,98.4000015258789
2016-06-08,96.0
2016-06-09,96.30000305175781
2016-06-10,81.30000305175781
2016-06-13,88.5
2016-06-14,90.30000305175781
2016-06-15,90.0
2016-06-16,90.0
2016-06-17,89.4000015258789
2016-06-20,87.9000015258789
2016-06-21,89.0999984741211
2016-06-22,89.69999694824219
2016-06-23,90.0
2016-06-24,85.80000305175781
2016-06-27,88.5
2016-06-28,88.19999694824219
2016-06-29,90.0
2016-06-30,89.4000015258789
2016-07-01,90.0
2016-07-05,90.0
2016-07-06,87.0
2016-07-07,89.0999984741211
2016-07-08,89.0999984741211
2016-07-11,89.69999694824219
2016-07-12,97.80000305175781
2016-07-13,96.9000015258789
2016-07-14,89.0999984741211
2016-07-15,88.5
2016-07-18,87.0
2016-07-19,82.80000305175781
2016-07-20,82.5
2016-07-21,85.80000305175781
2016-07-22,86.0999984741211
2016-07-25,86.4000015258789
2016-07-26,86.69999694824219
2016-07-27,86.0999984741211
2016-07-28,84.9000015258789
2016-07-29,85.5
2016-08-01,83.4000015258789
2016-08-02,84.30000305175781
2016-08-03,84.5999984741211
2016-08-04,86.69999694824219
2016-08-05,84.0
2016-08-08,85.80000305175781
2016-08-09,89.69999694824219
2016-08-10,90.30000305175781
2016-08-11,93.30000305175781
2016-08-12,93.30000305175781
2016-08-15,96.5999984741211
2016-08-16,92.0999984741211
2016-08-17,91.5
2016-08-18,100.19999694824219
2016-08-19,107.69999694824219
2016-08-22,112.19999694824219
2016-08-23,119.69999694824219
2016-08-24,117.30000305175781
2016-08-25,113.0999984741211
2016-08-26,113.69999694824219
2016-08-29,127.5
2016-08-30,124.19999694824219
2016-08-31,122.0999984741211
2016-09-01,123.9000015258789
2016-09-02,126.30000305175781
2016-09-06,127.5
2016-09-07,142.5
2016-09-08,149.6999969482422
2016-09-09,156.0
2016-09-12,157.5
2016-09-13,162.60000610351562
2016-09-14,182.6999969482422
2016-09-15,194.39999389648438
2016-09-16,213.0
2016-09-19,216.60000610351562
2016-09-20,222.0
2016-09-21,208.5
2016-09-22,224.6999969482422
2016-09-23,207.60000610351562
2016-09-26,186.0
2016-09-27,192.60000610351562
2016-09-28,203.6999969482422
2016-09-29,207.60000610351562
2016-09-30,195.60000610351562
2016-10-03,202.5
2016-10-04,210.0
2016-10-05,230.6999969482422
2016-10-06,260.1000061035156
2016-10-07,267.0
2016-10-10,298.5
2016-10-11,283.5
2016-10-12,290.3999938964844
2016-10-13,298.79998779296875
2016-10-14,280.79998779296875
2016-10-17,265.5
2016-10-18,213.0
2016-10-19,210.0
2016-10-20,237.0
2016-10-21,222.0
2016-10-24,273.0
2016-10-25,207.0
2016-10-26,217.5
2016-10-27,192.0
2016-10-28,177.0
2016-10-31,153.0
2016-11-01,171.0
2016-11-02,160.5
2016-11-03,150.0
2016-11-04,145.5
2016-11-07,150.0
2016-11-08,165.0
2016-11-09,174.0
2016-11-10,198.0
2016-11-11,175.5
2016-11-14,295.5
2016-11-15,240.0
2016-11-16,247.5
2016-11-17,231.0
2016-11-18,211.5
2016-11-21,204.0
2016-11-22,240.0
2016-11-23,244.5
2016-11-25,234.0
2016-11-28,234.0
2016-11-29,247.5
2016-11-30,237.0
2016-12-01,234.0
2016-12-02,216.0
2016-12-05,219.0
2016-12-06,226.5
2016-12-07,238.5
2016-12-08,234.0
2016-12-09,237.0
2016-12-12,234.0
2016-12-13,234.0
2016-12-14,244.5
2016-12-15,262.5
2016-12-16,262.5
2016-12-19,246.0
2016-12-20,259.5
2016-12-21,264.0
2016-12-22,253.5
2016-12-23,250.5
2016-12-27,258.0
2016-12-28,268.5
2016-12-29,270.0
2016-12-30,255.0
2017-01-03,258.0
2017-01-04,255.0
2017-01-05,252.0
2017-01-06,249.0
2017-01-09,250.5
2017-01-10,250.5
2017-01-11,255.0
2017-01-12,241.5
2017-01-13,231.0
2017-01-17,228.0
2017-01-18,220.5
2017-01-19,217.5
2017-01-20,210.0
2017-01-23,208.5
2017-01-24,196.5
2017-01-25,211.5
2017-01-26,211.5
2017-01-27,216.0
2017-01-30,202.5
2017-01-31,196.5
2017-02-01,204.0
2017-02-02,190.5
2017-02-03,199.5
2017-02-06,204.0
2017-02-07,189.0
2017-02-08,187.5
2017-02-09,192.0
2017-02-10,190.5
2017-02-13,220.5
2017-02-14,228.0
2017-02-15,253.5
2017-02-16,252.0
2017-02-17,252.0
2017-02-21,271.5
2017-02-22,265.5
2017-02-23,271.5
2017-02-24,247.5
2017-02-27,261.0
2017-02-28,241.5
2017-03-01,264.0
2017-03-02,273.0
2017-03-03,282.0
2017-03-06,285.0
2017-03-07,273.0
2017-03-08,273.0
2017-03-09,274.5
2017-03-10,283.5
2017-03-13,288.0
2017-03-14,282.0
2017-03-15,277.5
2017-03-16,283.5
2017-03-17,282.0
2017-03-20,292.5
2017-03-21,315.0
2017-03-22,285.0
2017-03-23,274.5
2017-03-24,268.5
2017-03-27,277.5
2017-03-28,289.5
2017-03-29,277.5
2017-03-30,246.0
2017-03-31,234.0
2017-04-03,247.5
2017-04-04,240.0
2017-04-05,252.0
2017-04-06,235.5
2017-04-07,223.5
2017-04-10,217.5
2017-04-11,210.0
2017-04-12,204.0
2017-04-13,205.5
2017-04-17,205.5
2017-04-18,205.5
2017-04-19,205.5
2017-04-20,201.0
2017-04-21,199.5
2017-04-24,193.5
2017-04-25,193.5
2017-04-26,198.0
2017-04-27,199.5
2017-04-28,213.0
2017-05-01,216.0
2017-05-02,214.5
2017-05-03,205.5
2017-05-04,201.0
2017-05-05,189.0
2017-05-08,190.5
2017-05-09,181.5
2017-05-10,178.5
2017-05-11,178.5
2017-05-12,186.0
2017-05-15,193.5
2017-05-16,198.0
2017-05-17,195.0
2017-05-18,180.0
2017-05-19,196.5
2017-05-22,195.0
2017-05-23,199.5
2017-05-24,202.5
2017-05-25,204.0
2017-05-26,201.0
2017-05-30,192.0
2017-05-31,184.5
2017-06-01,186.0
2017-06-02,196.5
2017-06-05,202.5
2017-06-06,210.0
2017-06-07,198.0
2017-06-08,195.0
2017-06-09,193.5
2017-06-12,180.0
2017-06-13,181.5
2017-06-14,181.5
2017-06-15,174.0
2017-06-16,175.5
2017-06-19,175.5
2017-06-20,180.0
2017-06-21,187.5
2017-06-22,180.0
2017-06-23,178.5
2017-06-26,187.5
2017-06-27,187.5
2017-06-28,186.0
2017-06-29,187.5
2017-06-30,189.0
2017-07-03,192.0
2017-07-05,183.0
2017-07-06,187.5
2017-07-07,189.0
2017-07-10,193.5
2017-07-11,192.0
2017-07-12,201.0
2017-07-13,216.0
2017-07-14,205.5
2017-07-17,204.0
2017-07-18,205.5
2017-07-19,201.0
2017-07-20,196.5
2017-07-21,195.0
2017-07-24,195.0
2017-07-25,189.0
2017-07-26,186.0
2017-07-27,181.5
2017-07-28,178.5
2017-07-31,183.0
2017-08-01,181.5
2017-08-02,178.5
2017-08-03,174.0
2017-08-04,171.0
2017-08-07,183.0
2017-08-08,186.0
2017-08-09,181.5
2017-08-10,180.0
2017-08-11,172.5
2017-08-14,187.5
2017-08-15,184.5
2017-08-16,180.0
2017-08-17,181.5
2017-08-18,178.5
2017-08-21,177.0
2017-08-22,174.0
2017-08-23,180.0
2017-08-24,184.5
2017-08-25,199.5
2017-08-28,207.0
2017-08-29,204.0
2017-08-30,211.5
2017-08-31,229.5
2017-09-01,234.0
2017-09-05,229.5
2017-09-06,231.0
2017-09-07,232.5
2017-09-08,210.0
2017-09-11,207.0
2017-09-12,196.5
2017-09-13,196.5
2017-09-14,199.5
2017-09-15,204.0
2017-09-18,202.5
2017-09-19,208.5
2017-09-20,204.0
2017-09-21,201.0
2017-09-22,198.0
2017-09-25,198.0
2017-09-26,202.5
2017-09-27,202.5
2017-09-28,208.5
2017-09-29,225.0
2017-10-02,217.5
2017-10-03,222.0
2017-10-04,214.5
2017-10-05,220.5
2017-10-06,225.0
2017-10-09,228.0
2017-10-10,211.5
2017-10-11,214.5
2017-10-12,214.5
2017-10-13,211.5
2017-10-16,208.5
2017-10-17,205.5
2017-10-18,210.0
2017-10-19,250.5
2017-10-20,231.0
2017-10-23,237.0
2017-10-24,207.0
2017-10-25,207.0
2017-10-26,202.5
2017-10-27,207.0
2017-10-30,216.0
2017-10-31,216.0
2017-11-01,214.5
2017-11-02,205.5
2017-11-03,210.0
2017-11-06,213.0
2017-11-07,208.5
2017-11-08,205.5
2017-11-09,202.5
2017-11-10,210.0
2017-11-13,219.0
2017-11-14,205.5
2017-11-15,198.0
2017-11-16,201.0
2017-11-17,211.5
2017-11-20,211.5
2017-11-21,210.0
2017-11-22,208.5
2017-11-24,211.5
2017-11-27,211.5
2017-11-28,216.0
2017-11-29,231.0
2017-11-30,237.0
2017-12-01,232.5
2017-12-04,237.0
2017-12-05,231.0
2017-12-06,223.5
2017-12-07,217.5
2017-12-08,228.0
2017-12-11,229.5
2017-12-12,213.0
2017-12-13,211.5
2017-12-14,220.5
2017-12-15,217.5
2017-12-18,216.0
2017-12-19,207.0
2017-12-20,201.0
2017-12-21,208.5
2017-12-22,207.0
2017-12-26,205.5
2017-12-27,213.0
2017-12-28,217.5
2017-12-29,222.0
2018-01-02,216.0
2018-01-03,243.0
2018-01-04,255.0
2018-01-05,250.5
2018-01-08,237.0
2018-01-09,247.5
2018-01-10,238.5
2018-01-11,241.5
2018-01-12,250.5
2018-01-16,247.5
2018-01-17,237.0
2018-01-18,247.5
2018-01-19,259.5
2018-01-22,249.0
2018-01-23,264.0
2018-01-24,273.0
2018-01-25,276.0
2018-01-26,267.0
2018-01-29,267.0
2018-01-30,292.5
2018-01-31,246.0
2018-02-01,229.5
2018-02-02,210.0
2018-02-05,210.0
2018-02-06,196.5
2018-02-07,211.5
2018-02-08,213.0
2018-02-09,207.0
2018-02-12,211.5
2018-02-13,210.0
2018-02-14,214.5
2018-02-15,222.0
2018-02-16,244.5
2018-02-20,240.0
2018-02-21,232.5
2018-02-22,235.5
2018-02-23,229.5
2018-02-26,231.0
2018-02-27,234.0
2018-02-28,229.5
2018-03-01,220.5
2018-03-02,211.5
2018-03-05,213.0
2018-03-06,210.0
2018-03-07,199.5
2018-03-08,210.0
2018-03-09,213.0
2018-03-12,213.0
2018-03-13,207.0
2018-03-14,202.5
2018-03-15,207.0
2018-03-16,205.5
2018-03-19,211.5
2018-03-20,210.0
2018-03-21,205.5
2018-03-22,207.0
2018-03-23,202.5
2018-03-26,190.5
2018-03-27,195.0
2018-03-28,178.5
2018-03-29,168.0
2018-04-02,181.5
2018-04-03,177.0
2018-04-04,169.5
2018-04-05,183.0
2018-04-06,171.0
2018-04-09,172.5
2018-04-10,184.5
2018-04-11,189.0
2018-04-12,187.5
2018-04-13,190.5
2018-04-16,192.0
2018-04-17,201.0
2018-04-18,201.0
2018-04-19,204.0
2018-04-20,201.0
2018-04-23,199.5
2018-04-24,198.0
2018-04-25,192.0
2018-04-26,189.0
2018-04-27,195.0
2018-04-30,193.5
2018-05-01,177.0
2018-05-02,178.5
2018-05-03,189.0
2018-05-04,184.5
2018-05-07,187.5
2018-05-08,189.0
2018-05-09,186.0
2018-05-10,187.5
2018-05-11,178.5
2018-05-14,162.0
2018-05-15,175.5
2018-05-16,193.5
2018-05-17,186.0
2018-05-18,181.5
2018-05-21,184.5
2018-05-22,178.5
2018-05-23,177.0
2018-05-24,180.0
2018-05-25,177.0
2018-05-29,177.0
2018-05-30,177.0
2018-05-31,181.5
2018-06-01,186.0
2018-06-04,180.0
2018-06-05,177.0
2018-06-06,178.5
2018-06-07,180.0
2018-06-08,177.0
2018-06-11,172.5
2018-06-12,175.5
2018-06-13,183.0
2018-06-14,183.0
2018-06-15,181.5
2018-06-18,181.5
2018-06-19,181.5
2018-06-20,183.0
2018-06-21,181.5
2018-06-22,174.0
2018-06-25,175.5
2018-06-26,172.5
2018-06-27,174.0
2018-06-28,159.0
2018-06-29,153.0
2018-07-02,150.0
2018-07-03,156.0
2018-07-05,159.0
2018-07-06,157.5
2018-07-09,171.0
2018-07-10,163.5
2018-07-11,159.0
2018-07-12,163.5
2018-07-13,163.5
2018-07-16,169.5
2018-07-17,157.5
2018-07-18,156.0
2018-07-19,159.0
2018-07-20,166.5
2018-07-23,157.5
2018-07-24,159.0
2018-07-25,156.0
2018-07-26,154.5
2018-07-27,151.5
2018-07-30,148.5
2018-07-31,144.0
2018-08-01,151.5
2018-08-02,144.0
2018-08-03,147.0
2018-08-06,141.0
2018-08-07,142.5
2018-08-08,144.0
2018-08-09,138.0
2018-08-10,144.0
2018-08-13,153.0
2018-08-14,147.0
2018-08-15,144.0
2018-08-16,141.0
2018-08-17,142.5
2018-08-20,145.5
2018-08-21,145.5
2018-08-22,153.0
2018-08-23,150.0
2018-08-24,150.0
2018-08-27,151.5
2018-08-28,163.5
2018-08-29,163.5
2018-08-30,165.0
2018-08-31,171.0
2018-09-04,175.5
2018-09-05,163.5
2018-09-06,169.5
2018-09-07,157.5
2018-09-10,163.5
2018-09-11,162.0
2018-09-12,160.5
2018-09-13,154.5
2018-09-14,159.0
2018-09-17,150.0
2018-09-18,150.0
2018-09-19,154.5
2018-09-20,160.5
2018-09-21,219.0
2018-09-24,210.0
2018-09-25,217.5
2018-09-26,202.5
2018-09-27,217.5
2018-09-28,216.0
2018-10-01,230.39999389648438
2018-10-02,220.8000030517578
2018-10-03,252.0
2018-10-04,228.0
2018-10-05,214.5
2018-10-08,210.0
2018-10-09,202.8000030517578
2018-10-10,206.39999389648438
2018-10-11,197.10000610351562
2018-10-12,203.39999389648438
2018-10-15,201.60000610351562
2018-10-16,211.1999969482422
2018-10-17,216.60000610351562
2018-10-18,223.8000030517578
2018-10-19,233.6999969482422
2018-10-22,216.60000610351562
2018-10-23,209.39999389648438
2018-10-24,225.89999389648438
2018-10-25,208.1999969482422
2018-10-26,203.10000610351562
2018-10-29,207.0
2018-10-30,195.0
2018-10-31,201.89999389648438
2018-11-01,200.6999969482422
2018-11-02,216.0
2018-11-05,219.0
2018-11-06,215.10000610351562
2018-11-07,221.10000610351562
2018-11-08,228.0
2018-11-09,205.8000030517578
2018-11-12,200.39999389648438
2018-11-13,196.1999969482422
2018-11-14,193.5
2018-11-15,180.0
2018-11-16,181.1999969482422
2018-11-19,181.5
2018-11-20,179.10000610351562
2018-11-21,183.60000610351562
2018-11-23,182.39999389648438
2018-11-26,191.10000610351562
2018-11-27,186.60000610351562
2018-11-28,191.6999969482422
2018-11-29,202.8000030517578
2018-11-30,199.1999969482422
2018-12-03,214.5
2018-12-04,207.0
2018-12-06,198.0
2018-12-07,209.6999969482422
2018-12-10,208.1999969482422
2018-12-11,204.89999389648438
2018-12-12,207.0
2018-12-13,206.39999389648438
2018-12-14,196.5
2018-12-17,202.5
2018-12-18,189.3000030517578
2018-12-19,179.39999389648438
2018-12-20,179.10000610351562
2018-12-21,171.3000030517578
2018-12-24,157.8000030517578
2018-12-26,163.5
2018-12-27,162.89999389648438
2018-12-28,178.5
2018-12-31,177.60000610351562
2019-01-02,172.5
2019-01-03,196.5
2019-01-04,210.0
2019-01-07,213.0
2019-01-08,241.8000030517578
2019-01-09,225.0
2019-01-10,228.0
2019-01-11,246.0
2019-01-14,241.8000030517578
2019-01-15,239.6999969482422
2019-01-16,239.39999389648438
2019-01-17,236.6999969482422
2019-01-18,231.3000030517578
2019-01-22,224.39999389648438
2019-01-23,234.0
2019-01-24,222.0
2019-01-25,212.6999969482422
2019-01-28,208.8000030517578
2019-01-29,212.10000610351562
2019-01-30,207.0
2019-01-31,217.5
2019-02-01,227.39999389648438
2019-02-04,220.8000030517578
2019-02-05,234.89999389648438
2019-02-06,237.60000610351562
2019-02-07,229.5
2019-02-08,217.8000030517578
2019-02-11,231.60000610351562
2019-02-12,229.5
2019-02-13,261.29998779296875
2019-02-14,247.5
2019-02-15,246.60000610351562
2019-02-19,267.8999938964844
2019-02-20,258.6000061035156
2019-02-21,251.10000610351562
2019-02-22,249.0
2019-02-25,261.6000061035156
2019-02-26,257.1000061035156
2019-02-27,243.60000610351562
2019-02-28,246.3000030517578
2019-03-01,209.6999969482422
2019-03-04,190.8000030517578
2019-03-05,181.8000030517578
2019-03-06,174.0
2019-03-07,174.60000610351562
2019-03-08,175.8000030517578
2019-03-11,175.5
2019-03-12,177.89999389648438
2019-03-13,182.39999389648438
2019-03-14,194.6999969482422
2019-03-15,206.39999389648438
2019-03-18,199.8000030517578
2019-03-19,220.5
2019-03-20,227.39999389648438
2019-03-21,216.89999389648438
2019-03-22,229.5
2019-03-25,211.5
2019-03-26,218.39999389648438
2019-03-27,213.89999389648438
2019-03-28,208.5
2019-03-29,209.6999969482422
2019-04-01,209.10000610351562
2019-04-02,219.0
2019-04-03,218.10000610351562
2019-04-04,211.5
2019-04-05,221.39999389648438
2019-04-08,238.8000030517578
2019-04-09,219.89999389648438
2019-04-10,213.89999389648438
2019-04-11,210.60000610351562
2019-04-12,213.3000030517578
2019-04-15,209.6999969482422
2019-04-16,216.0
2019-04-17,217.8000030517578
2019-04-18,213.60000610351562
2019-04-22,211.5
2019-04-23,207.60000610351562
2019-04-24,219.0
2019-04-25,212.6999969482422
2019-04-26,215.10000610351562
2019-04-29,222.60000610351562
2019-04-30,222.89999389648438
2019-05-01,214.1999969482422
2019-05-02,211.8000030517578
2019-05-03,214.1999969482422
2019-05-06,220.8000030517578
2019-05-07,225.3000030517578
2019-05-08,217.8000030517578
2019-05-09,223.1999969482422
2019-05-10,211.5
2019-05-13,218.6999969482422
2019-05-14,213.0
2019-05-15,215.6999969482422
2019-05-16,224.10000610351562
2019-05-17,217.5
2019-05-20,212.39999389648438
2019-05-21,221.10000610351562
2019-05-22,219.89999389648438
2019-05-23,219.3000030517578
2019-05-24,219.0
2019-05-28,220.5
2019-05-29,215.39999389648438
2019-05-30,215.10000610351562
2019-05-31,213.0
2019-06-03,211.1999969482422
2019-06-04,213.60000610351562
2019-06-05,213.0
2019-06-06,204.0
2019-06-07,198.0
2019-06-10,205.5
2019-06-11,210.0
2019-06-12,204.0
2019-06-13,207.0
2019-06-14,212.10000610351562
2019-06-17,208.8000030517578
2019-06-18,214.5
2019-06-19,211.1999969482422
2019-06-20,213.0
2019-06-21,217.5
2019-06-24,221.10000610351562
2019-06-25,213.89999389648438
2019-06-26,206.10000610351562
2019-06-27,201.3000030517578
2019-06-28,206.39999389648438
2019-07-01,210.0
2019-07-02,212.10000610351562
2019-07-03,207.3000030517578
2019-07-05,206.39999389648438
2019-07-08,205.1999969482422
2019-07-09,201.0
2019-07-10,205.1999969482422
2019-07-11,203.6999969482422
2019-07-12,200.39999389648438
2019-07-15,197.39999389648438
2019-07-16,195.60000610351562
2019-07-17,191.6999969482422
2019-07-18,190.8000030517578
2019-07-19,186.3000030517578
2019-07-22,182.10000610351562
2019-07-23,185.10000610351562
2019-07-24,179.6999969482422
2019-07-25,184.8000030517578
2019-07-26,181.1999969482422
2019-07-29,183.0
2019-07-30,180.0
2019-07-31,182.10000610351562
2019-08-01,180.3000030517578
2019-08-02,179.39999389648438
2019-08-05,165.0
2019-08-06,168.89999389648438
2019-08-07,168.3000030517578
2019-08-08,189.0
2019-08-09,177.3000030517578
2019-08-12,176.6999969482422
2019-08-13,180.0
2019-08-14,181.1999969482422
2019-08-15,172.5
2019-08-16,165.0
2019-08-19,173.6999969482422
2019-08-20,172.1999969482422
2019-08-21,170.6999969482422
2019-08-22,174.0
2019-08-23,167.6999969482422
2019-08-26,160.8000030517578
2019-08-27,162.3000030517578
2019-08-28,157.1999969482422
2019-08-29,162.60000610351562
2019-08-30,159.89999389648438
2019-09-03,156.0
2019-09-04,154.1999969482422
2019-09-05,156.0
2019-09-06,158.10000610351562
2019-09-09,164.10000610351562
2019-09-10,158.39999389648438
2019-09-11,162.3000030517578
2019-09-12,173.10000610351562
2019-09-13,169.5
2019-09-16,172.8000030517578
2019-09-17,171.60000610351562
2019-09-18,167.6999969482422
2019-09-19,167.39999389648438
2019-09-20,164.39999389648438
2019-09-23,158.6999969482422
2019-09-24,159.0
2019-09-25,154.5
2019-09-26,153.89999389648438
2019-09-27,151.8000030517578
2019-09-30,150.0
2019-10-01,147.0
2019-10-02,145.8000030517578
2019-10-03,151.1999969482422
2019-10-04,151.1999969482422
2019-10-07,146.6999969482422
2019-10-08,142.5
2019-10-09,136.1999969482422
2019-10-10,138.3000030517578
2019-10-11,139.5
2019-10-14,139.8000030517578
2019-10-15,138.89999389648438
2019-10-16,145.5
2019-10-17,145.1999969482422
2019-10-18,147.0
2019-10-21,150.60000610351562
2019-10-22,156.89999389648438
2019-10-23,153.0
2019-10-24,156.3000030517578
2019-10-25,158.39999389648438
2019-10-28,164.10000610351562
2019-10-29,160.1999969482422
2019-10-30,161.6999969482422
2019-10-31,153.89999389648438
2019-11-01,155.39999389648438
2019-11-04,158.10000610351562
2019-11-05,156.3000030517578
2019-11-06,153.0
2019-11-07,154.5
2019-11-08,134.39999389648438
2019-11-11,136.8000030517578
2019-11-12,132.0
2019-11-13,129.3000030517578
2019-11-14,127.5
2019-11-15,129.89999389648438
2019-11-18,133.8000030517578
2019-11-19,131.39999389648438
2019-11-20,132.3000030517578
2019-11-21,135.89999389648438
2019-11-22,144.0
2019-11-25,138.0
2019-11-26,140.39999389648438
2019-11-27,136.8000030517578
2019-11-29,137.6999969482422
2019-12-02,141.60000610351562
2019-12-03,137.6999969482422
2019-12-04,143.6999969482422
2019-12-05,152.6999969482422
2019-12-06,149.10000610351562
2019-12-09,153.89999389648438
2019-12-10,146.10000610351562
2019-12-11,146.10000610351562
2019-12-12,147.3000030517578
2019-12-13,152.39999389648438
2019-12-16,151.1999969482422
2019-12-17,154.5
2019-12-18,152.6999969482422
2019-12-19,158.10000610351562
2019-12-20,154.8000030517578
2019-12-23,155.6999969482422
2019-12-24,163.8000030517578
2019-12-26,166.8000030517578
2019-12-27,170.10000610351562
2019-12-30,161.6999969482422
2019-12-31,160.5
2020-01-02,165.0
2020-01-03,158.39999389648438
2020-01-06,163.8000030517578
2020-01-07,171.89999389648438
2020-01-08,174.60000610351562
2020-01-09,183.89999389648438
2020-01-10,189.89999389648438
2020-01-13,187.1999969482422
2020-01-14,189.60000610351562
2020-01-15,200.39999389648438
2020-01-16,209.6999969482422
2020-01-17,214.5
2020-01-21,210.0
2020-01-22,214.1999969482422
2020-01-23,215.6999969482422
2020-01-24,211.5
2020-01-27,197.6999969482422
2020-01-28,199.8000030517578
2020-01-29,200.10000610351562
2020-01-30,197.39999389648438
2020-01-31,194.39999389648438
2020-02-03,193.8000030517578
2020-02-04,209.10000610351562
2020-02-05,207.3000030517578
2020-02-06,207.60000610351562
2020-02-07,182.39999389648438
2020-02-10,189.89999389648438
2020-02-11,189.60000610351562
2020-02-12,190.5
2020-02-13,178.8000030517578
2020-02-14,175.5
2020-02-18,165.3000030517578
2020-02-19,171.0
2020-02-20,172.1999969482422
2020-02-21,169.1999969482422
2020-02-24,162.89999389648438
2020-02-25,165.60000610351562
2020-02-26,155.6999969482422
2020-02-27,156.0
2020-02-28,140.39999389648438
2020-03-02,144.0
2020-03-03,147.89999389648438
2020-03-04,146.6999969482422
2020-03-05,145.5
2020-03-06,136.5
2020-03-09,128.39999389648438
2020-03-10,132.0
2020-03-11,132.0
2020-03-12,105.0
2020-03-13,119.0999984741211
2020-03-16,108.30000305175781
2020-03-17,103.80000305175781
2020-03-18,116.69999694824219
2020-03-19,120.5999984741211
2020-03-20,133.1999969482422
2020-03-23,140.39999389648438
2020-03-24,147.3000030517578
2020-03-25,142.8000030517578
2020-03-26,152.10000610351562
2020-03-27,159.60000610351562
2020-03-30,158.10000610351562
2020-03-31,166.1999969482422
2020-04-01,148.8000030517578
2020-04-02,144.3000030517578
2020-04-03,146.6999969482422
2020-04-06,153.89999389648438
2020-04-07,159.60000610351562
2020-04-08,155.6999969482422
2020-04-09,159.0
2020-04-13,175.1999969482422
2020-04-14,180.0
2020-04-15,176.10000610351562
2020-04-16,181.1999969482422
2020-04-17,176.39999389648438
2020-04-20,176.6999969482422
2020-04-21,177.3000030517578
2020-04-22,174.89999389648438
2020-04-23,179.6999969482422
2020-04-24,178.5
2020-04-27,182.39999389648438
2020-04-28,188.39999389648438
2020-04-29,189.60000610351562
2020-04-30,194.39999389648438
2020-05-01,192.60000610351562
2020-05-04,178.8000030517578
2020-05-05,194.6999969482422
2020-05-06,195.60000610351562
2020-05-07,202.8000030517578
2020-05-08,201.60000610351562
2020-05-11,197.6999969482422
2020-05-12,202.1999969482422
2020-05-13,208.1999969482422
2020-05-14,190.8000030517578
2020-05-15,192.89999389648438
2020-05-18,209.6999969482422
2020-05-19,210.3000030517578
2020-05-20,217.5
2020-05-21,220.5
2020-05-22,235.5
2020-05-26,250.5
2020-05-27,243.3000030517578
2020-05-28,236.10000610351562
2020-05-29,230.6999969482422
2020-06-01,222.0
2020-06-02,219.60000610351562
2020-06-03,214.5
2020-06-04,210.60000610351562
2020-06-05,214.5
2020-06-08,210.0
2020-06-09,214.5
2020-06-10,214.5
2020-06-11,217.5
2020-06-12,207.60000610351562
2020-06-15,205.1999969482422
2020-06-16,219.60000610351562
2020-06-17,236.10000610351562
2020-06-18,232.5
2020-06-19,241.5
2020-06-22,233.6999969482422
2020-06-23,240.0
2020-06-24,243.60000610351562
2020-06-25,238.8000030517578
2020-06-26,235.5
2020-06-29,235.5
2020-06-30,239.10000610351562
2020-07-01,255.3000030517578
2020-07-02,253.1999969482422
2020-07-06,244.5
2020-07-07,244.8000030517578
2020-07-08,240.89999389648438
2020-07-09,240.0
2020-07-10,230.39999389648438
2020-07-13,231.0
2020-07-14,215.10000610351562
2020-07-15,219.0
2020-07-16,213.0
2020-07-17,208.5
2020-07-20,208.5
2020-07-21,209.10000610351562
2020-07-22,204.0
2020-07-23,199.8000030517578
2020-07-24,203.6999969482422
2020-07-27,208.5
2020-07-28,216.0
2020-07-29,208.1999969482422
2020-07-30,193.5
2020-07-31,201.0
2020-08-03,192.60000610351562
2020-08-04,204.3000030517578
2020-08-05,208.5
2020-08-06,216.89999389648438
2020-08-07,195.3000030517578
2020-08-10,199.5
2020-08-11,207.3000030517578
2020-08-12,211.5
2020-08-13,212.6999969482422
2020-08-14,220.5
2020-08-17,210.89999389648438
2020-08-18,216.0
2020-08-19,226.5
2020-08-20,227.97000122070312
2020-08-21,244.5
2020-08-24,240.3000030517578
2020-08-25,238.1999969482422
2020-08-26,246.60000610351562
2020-08-27,258.8999938964844
2020-08-28,256.79998779296875
2020-08-31,278.489990234375
2020-09-01,280.5
2020-09-02,267.0
2020-09-03,277.5
2020-09-04,280.79998779296875
2020-09-08,66.9000015258789
2020-09-09,68.0999984741211
2020-09-10,75.9000015258789
2020-09-11,69.0
2020-09-14,58.04999923706055
2020-09-15,59.099998474121094
2020-09-16,59.099998474121094
2020-09-17,58.5
2020-09-18,59.099998474121094
2020-09-21,55.5
2020-09-22,54.0
2020-09-23,49.5
2020-09-24,43.5
2020-09-25,47.099998474121094
2020-09-28,49.79999923706055
2020-09-29,50.099998474121094
2020-09-30,59.70000076293945
2020-10-01,54.29999923706055
2020-10-02,53.400001525878906
2020-10-05,53.099998474121094
2020-10-06,33.29999923706055
2020-10-07,36.29999923706055
2020-10-08,35.400001525878906
2020-10-09,37.5
2020-10-12,36.599998474121094
2020-10-13,33.900001525878906
2020-10-14,33.900001525878906
2020-10-15,33.29999923706055
2020-10-16,33.0
2020-10-19,33.119998931884766
2020-10-20,30.299999237060547
2020-10-21,30.0
2020-10-22,28.6200008392334
2020-10-23,30.75
2020-10-26,30.600000381469727
2020-10-27,29.81999969482422
2020-10-28,28.979999542236328
2020-10-29,29.399999618530273
2020-10-30,29.520000457763672
2020-11-02,28.5
2020-11-03,30.899999618530273
2020-11-04,32.400001525878906
2020-11-05,33.900001525878906
2020-11-06,33.900001525878906
2020-11-09,34.79999923706055
2020-11-10,35.63999938964844
2020-11-11,35.400001525878906
2020-11-12,36.599998474121094
2020-11-13,41.70000076293945
2020-11-16,38.400001525878906
2020-11-17,36.599998474121094
2020-11-18,36.29999923706055
2020-11-19,37.5
2020-11-20,36.29999923706055
2020-11-23,36.29999923706055
2020-11-24,36.93000030517578
2020-11-25,36.599998474121094
2020-11-27,36.599998474121094
2020-11-30,37.5
2020-12-01,47.70000076293945
2020-12-02,41.099998474121094
2020-12-03,40.5
2020-12-04,39.900001525878906
2020-12-07,41.70000076293945
2020-12-08,41.189998626708984
2020-12-09,40.79999923706055
2020-12-10,39.0
2020-12-11,39.0
2020-12-14,40.79999923706055
2020-12-15,40.79999923706055
2020-12-16,40.5
2020-12-17,39.29999923706055
2020-12-18,40.79999923706055
2020-12-21,52.5
2020-12-22,46.5
2020-12-23,43.5
2020-12-24,42.599998474121094
2020-12-28,41.790000915527344
2020-12-29,37.5
2020-12-30,37.79999923706055
2020-12-31,38.400001525878906
2021-01-04,37.79999923706055
2021-01-05,38.70000076293945
2021-01-06,43.20000076293945
2021-01-07,43.5
2021-01-08,44.099998474121094
2021-01-11,42.0
2021-01-12,44.099998474121094
2021-01-13,46.20000076293945
2021-01-14,48.0
2021-01-15,53.63999938964844
2021-01-19,52.560001373291016
2021-01-20,51.900001525878906
2021-01-21,52.86000061035156
2021-01-22,65.0999984741211
2021-01-25,64.5
2021-01-26,61.20000076293945
2021-01-27,56.70000076293945
2021-01-28,59.70000076293945
2021-01-29,56.70000076293945
2021-02-01,58.79999923706055
2021-02-02,73.5
2021-02-03,84.9000015258789
2021-02-04,89.4000015258789
2021-02-05,83.69999694824219
2021-02-08,79.19999694824219
2021-02-09,84.0
2021-02-10,101.4000015258789
2021-02-11,119.0999984741211
2021-02-12,89.4000015258789
2021-02-16,93.0
2021-02-17,91.5
2021-02-18,84.0
2021-02-19,85.5
2021-02-22,87.30000305175781
2021-02-23,69.0
2021-02-24,73.19999694824219
2021-02-25,73.91999816894531
2021-02-26,68.69999694824219
2021-03-01,68.8499984741211
2021-03-02,72.5999984741211
2021-03-03,69.66000366210938
2021-03-04,64.5
2021-03-05,56.70000076293945
2021-03-08,56.099998474121094
2021-03-09,57.599998474121094
2021-03-10,63.900001525878906
2021-03-11,65.4000015258789
2021-03-12,66.5999984741211
2021-03-15,72.30000305175781
2021-03-16,70.80000305175781
2021-03-17,62.70000076293945
2021-03-18,68.0999984741211
2021-03-19,65.0999984741211
2021-03-22,70.73999786376953
2021-03-23,68.45999908447266
2021-03-24,65.45999908447266
2021-03-25,57.9900016784668
2021-03-26,59.81999969482422
2021-03-29,57.84000015258789
2021-03-30,52.5
2021-03-31,56.099998474121094
2021-04-01,59.54999923706055
2021-04-05,61.20000076293945
2021-04-06,58.5
2021-04-07,56.099998474121094
2021-04-08,55.5
2021-04-09,55.79999923706055
2021-04-12,55.2599983215332
2021-04-13,52.20000076293945
2021-04-14,53.099998474121094
2021-04-15,52.79999923706055
2021-04-16,52.5
2021-04-19,50.400001525878906
2021-04-20,49.20000076293945
2021-04-21,50.099998474121094
2021-04-22,51.599998474121094
2021-04-23,52.709999084472656
2021-04-26,52.5
2021-04-27,55.439998626708984
2021-04-28,54.0
2021-04-29,57.29999923706055
2021-04-30,54.900001525878906
2021-05-03,53.70000076293945
2021-05-04,51.29999923706055
2021-05-05,49.79999923706055
2021-05-06,49.20000076293945
2021-05-07,46.20000076293945
2021-05-10,48.689998626708984
2021-05-11,42.599998474121094
2021-05-12,44.099998474121094
2021-05-13,44.400001525878906
2021-05-14,40.79999923706055
2021-05-17,49.20000076293945
2021-05-18,47.70000076293945
2021-05-19,46.79999923706055
2021-05-20,48.0
2021-05-21,51.29999923706055
2021-05-24,53.099998474121094
2021-05-25,50.70000076293945
2021-05-26,52.79999923706055
2021-05-27,55.5
2021-05-28,60.18000030517578
2021-06-01,67.5
2021-06-02,61.79999923706055
2021-06-03,59.400001525878906
2021-06-04,61.79999923706055
2021-06-07,59.70000076293945
2021-06-08,61.79999923706055
2021-06-09,66.5999984741211
2021-06-10,65.25
2021-06-11,65.0999984741211
2021-06-14,65.0999984741211
2021-06-15,63.209999084472656
2021-06-16,61.04999923706055
2021-06-17,63.29999923706055
2021-06-18,61.20000076293945
2021-06-21,59.70000076293945
2021-06-22,58.349998474121094
2021-06-23,57.45000076293945
2021-06-24,50.400001525878906
2021-06-25,57.599998474121094
2021-06-28,57.29999923706055
2021-06-29,57.27000045776367
2021-06-30,55.20000076293945
2021-07-01,54.720001220703125
2021-07-02,54.0
2021-07-06,52.95000076293945
2021-07-07,51.900001525878906
2021-07-08,49.79999923706055
2021-07-09,50.70000076293945
2021-07-12,51.119998931884766
2021-07-13,48.900001525878906
2021-07-14,48.0
2021-07-15,46.619998931884766
2021-07-16,45.599998474121094
2021-07-19,43.79999923706055
2021-07-20,42.599998474121094
2021-07-21,45.599998474121094
2021-07-22,45.599998474121094
2021-07-23,43.79999923706055
2021-07-26,42.36000061035156
2021-07-27,41.099998474121094
2021-07-28,42.0
2021-07-29,44.400001525878906
2021-07-30,42.0
2021-08-02,40.79999923706055
2021-08-03,42.900001525878906
2021-08-04,41.099998474121094
2021-08-05,40.20000076293945
2021-08-06,40.20000076293945
2021-08-09,39.900001525878906
2021-08-10,41.4900016784668
2021-08-11,40.79999923706055
2021-08-12,39.599998474121094
2021-08-13,37.20000076293945
2021-08-16,36.900001525878906
2021-08-17,35.099998474121094
2021-08-18,36.900001525878906
2021-08-19,36.0
2021-08-20,33.599998474121094
2021-08-23,33.84000015258789
2021-08-24,35.400001525878906
2021-08-25,37.79999923706055
2021-08-26,37.79999923706055
2021-08-27,36.29999923706055
2021-08-30,36.599998474121094
2021-08-31,35.939998626708984
2021-09-01,38.099998474121094
2021-09-02,37.79999923706055
2021-09-03,39.09000015258789
2021-09-07,37.5
2021-09-08,36.29999923706055
2021-09-09,35.400001525878906
2021-09-10,36.0
2021-09-13,36.209999084472656
2021-09-14,34.5
2021-09-15,33.84000015258789
2021-09-16,33.29999923706055
2021-09-17,33.599998474121094
2021-09-20,32.099998474121094
2021-09-21,31.200000762939453
2021-09-22,30.0
2021-09-23,32.70000076293945
2021-09-24,32.400001525878906
2021-09-27,30.600000381469727
2021-09-28,32.099998474121094
2021-09-29,31.5
2021-09-30,30.299999237060547
2021-10-01,30.899999618530273
2021-10-04,30.809999465942383
2021-10-05,32.099998474121094
2021-10-06,30.299999237060547
2021-10-07,30.899999618530273
2021-10-08,32.70000076293945
2021-10-11,30.600000381469727
2021-10-12,30.899999618530273
2021-10-13,30.600000381469727
2021-10-14,30.899999618530273
2021-10-15,30.600000381469727
2021-10-18,30.600000381469727
2021-10-19,30.299999237060547
2021-10-20,31.799999237060547
2021-10-21,30.299999237060547
2021-10-22,30.899999618530273
2021-10-25,29.100000381469727
2021-10-26,30.899999618530273
2021-10-27,30.299999237060547
2021-10-28,30.0
2021-10-29,30.0
2021-11-01,30.299999237060547
2021-11-02,31.5
2021-11-03,30.600000381469727
2021-11-04,31.200000762939453
2021-11-05,30.899999618530273
2021-11-08,31.200000762939453
2021-11-09,32.099998474121094
2021-11-10,31.200000762939453
2021-11-11,30.299999237060547
2021-11-12,31.5
2021-11-15,32.939998626708984
2021-11-16,33.29999923706055
2021-11-17,31.5
2021-11-18,30.299999237060547
2021-11-19,27.84000015258789
2021-11-22,27.959999084472656
2021-11-23,26.399999618530273
2021-11-24,26.309999465942383
2021-11-26,27.0
2021-11-29,26.399999618530273
2021-11-30,25.649999618530273
2021-12-01,26.100000381469727
2021-12-02,24.299999237060547
2021-12-03,24.899999618530273
2021-12-06,21.600000381469727
2021-12-07,22.920000076293945
2021-12-08,24.0
2021-12-09,24.899999618530273
2021-12-10,24.0
2021-12-13,22.229999542236328
2021-12-14,21.56999969482422
2021-12-15,20.25
2021-12-16,20.81999969482422
2021-12-17,20.639999389648438
2021-12-20,20.700000762939453
2021-12-21,20.040000915527344
2021-12-22,20.100000381469727
2021-12-23,20.399999618530273
2021-12-27,20.850000381469727
2021-12-28,19.350000381469727
2021-12-29,18.600000381469727
2021-12-30,18.030000686645508
2021-12-31,18.059999465942383
2022-01-03,18.299999237060547
2022-01-04,19.979999542236328
2022-01-05,19.200000762939453
2022-01-06,17.700000762939453
2022-01-07,17.100000381469727
2022-01-10,16.799999237060547
2022-01-11,16.799999237060547
2022-01-12,17.219999313354492
2022-01-13,16.5
2022-01-14,15.449999809265137
2022-01-18,16.260000228881836
2022-01-19,15.449999809265137
2022-01-20,15.779999732971191
2022-01-21,15.180000305175781
2022-01-24,13.199999809265137
2022-01-25,14.100000381469727
2022-01-26,14.880000114440918
2022-01-27,14.100000381469727
2022-01-28,12.779999732971191
2022-01-31,12.329999923706055
2022-02-01,13.800000190734863
2022-02-02,14.819999694824219
2022-02-03,13.199999809265137
2022-02-04,12.75
2022-02-07,12.0
2022-02-08,12.899999618530273
2022-02-09,12.65999984741211
2022-02-10,12.899999618530273
2022-02-11,12.300000190734863
2022-02-14,11.399999618530273
2022-02-15,11.399999618530273
2022-02-16,11.850000381469727
2022-02-17,12.0
2022-02-18,10.800000190734863
2022-02-22,10.289999961853027
2022-02-23,9.899999618530273
2022-02-24,9.180000305175781
2022-02-25,9.899999618530273
2022-02-28,10.5
2022-03-01,10.4399995803833
2022-03-02,9.899999618530273
2022-03-03,10.649999618530273
2022-03-04,11.1899995803833
2022-03-07,10.109999656677246
2022-03-08,9.75
2022-03-09,10.920000076293945
2022-03-10,11.039999961853027
2022-03-11,11.699999809265137
2022-03-14,12.0
2022-03-15,12.0
2022-03-16,11.670000076293945
2022-03-17,12.119999885559082
2022-03-18,13.079999923706055
2022-03-21,12.600000381469727
2022-03-22,14.100000381469727
2022-03-23,13.800000190734863
2022-03-24,14.430000305175781
2022-03-25,16.799999237060547
2022-03-28,14.640000343322754
2022-03-29,14.760000228881836
2022-03-30,16.530000686645508
2022-03-31,15.359999656677246
2022-04-01,16.079999923706055
2022-04-04,16.3799991607666
2022-04-05,15.0
2022-04-06,14.399999618530273
2022-04-07,13.199999809265137
2022-04-08,12.899999618530273
2022-04-11,12.390000343322754
2022-04-12,12.899999618530273
2022-04-13,12.899999618530273
2022-04-14,12.09000015258789
2022-04-18,11.399999618530273
2022-04-19,10.800000190734863
2022-04-20,11.100000381469727
2022-04-21,11.399999618530273
2022-04-22,11.130000114440918
2022-04-25,10.800000190734863
2022-04-26,10.199999809265137
2022-04-27,10.350000381469727
2022-04-28,10.529999732971191
2022-04-29,10.350000381469727
2022-05-02,10.199999809265137
2022-05-03,10.199999809265137
2022-05-04,10.4399995803833
2022-05-05,9.989999771118164
2022-05-06,9.569999694824219
2022-05-09,9.300000190734863
2022-05-10,8.9399995803833
2022-05-11,8.100000381469727
2022-05-12,6.900000095367432
2022-05-13,6.900000095367432
2022-05-16,7.46999979019165
2022-05-17,8.489999771118164
2022-05-18,9.210000038146973
2022-05-19,9.899999618530273
2022-05-20,10.5
2022-05-23,9.569999694824219
2022-05-24,9.600000381469727
2022-05-25,9.510000228881836
2022-05-26,9.0
2022-05-27,9.119999885559082
2022-05-31,9.0
2022-06-01,9.0
2022-06-02,8.9399995803833
2022-06-03,8.819999694824219
2022-06-06,9.270000457763672
2022-06-07,9.119999885559082
2022-06-08,8.430000305175781
2022-06-09,8.819999694824219
2022-06-10,8.9399995803833
2022-06-13,8.699999809265137
2022-06-14,8.1899995803833
2022-06-15,7.590000152587891
2022-06-16,7.710000038146973
2022-06-17,7.349999904632568
2022-06-21,8.550000190734863
2022-06-22,8.699999809265137
2022-06-23,8.670000076293945
2022-06-24,8.880000114440918
2022-06-27,8.1899995803833
2022-06-28,8.100000381469727
2022-06-29,8.25
2022-06-30,7.710000038146973
2022-07-01,8.3100004196167
2022-07-05,7.800000190734863
2022-07-06,8.699999809265137
2022-07-07,8.369999885559082
2022-07-08,9.149999618530273
2022-07-11,8.699999809265137
2022-07-12,8.699999809265137
2022-07-13,8.399999618530273
2022-07-14,9.0
2022-07-15,8.729999542236328
2022-07-18,9.0
2022-07-19,8.699999809265137
2022-07-20,8.460000038146973
2022-07-21,8.699999809265137
2022-07-22,8.970000267028809
2022-07-25,8.3100004196167
2022-07-26,8.460000038146973
2022-07-27,7.949999809265137
2022-07-28,8.100000381469727
2022-07-29,7.5
2022-08-01,7.889999866485596
2022-08-02,7.800000190734863
2022-08-03,8.100000381469727
2022-08-04,8.1899995803833
2022-08-05,8.100000381469727
2022-08-08,8.100000381469727
2022-08-09,8.3100004196167
2022-08-10,7.889999866485596
2022-08-11,8.100000381469727
2022-08-12,7.949999809265137
2022-08-15,7.650000095367432
2022-08-16,7.650000095367432
2022-08-17,7.800000190734863
2022-08-18,7.050000190734863
2022-08-19,6.960000038146973
2022-08-22,6.78000020980835
2022-08-23,6.570000171661377
2022-08-24,6.599999904632568
2022-08-25,6.599999904632568
2022-08-26,6.539999961853027
2022-08-29,6.420000076293945
2022-08-30,6.389999866485596
2022-08-31,6.389999866485596
2022-09-01,6.0
2022-09-02,6.0
2022-09-06,6.150000095367432
2022-09-07,5.789999961853027
2022-09-08,6.0
2022-09-09,6.0
2022-09-12,6.389999866485596
2022-09-13,6.300000190734863
2022-09-14,6.480000019073486
2022-09-15,6.300000190734863
2022-09-16,6.239999771118164
2022-09-19,6.03000020980835
2022-09-20,5.550000190734863
2022-09-21,5.519999980926514
2022-09-22,5.579999923706055
2022-09-23,5.400000095367432
2022-09-26,5.309999942779541
2022-09-27,4.739999771118164
2022-09-28,4.769999980926514
2022-09-29,5.159999847412109
2022-09-30,5.369999885559082
2022-10-03,5.369999885559082
2022-10-04,4.949999809265137
2022-10-05,5.099999904632568
2022-10-06,5.340000152587891
2022-10-07,5.099999904632568
2022-10-10,4.800000190734863
2022-10-11,4.409999847412109
2022-10-12,4.320000171661377
2022-10-13,4.230000019073486
2022-10-14,3.9000000953674316
2022-10-17,3.75
2022-10-18,3.5999999046325684
2022-10-19,3.450000047683716
2022-10-20,3.990000009536743
2022-10-21,3.75
2022-10-24,3.690000057220459
2022-10-25,3.9000000953674316
2022-10-26,3.5999999046325684
2022-10-27,3.8399999141693115
2022-10-28,3.9600000381469727
2022-10-31,3.7200000286102295
2022-11-01,3.9600000381469727
2022-11-02,4.050000190734863
2022-11-03,3.75
2022-11-04,3.75
2022-11-07,3.809999942779541
2022-11-08,3.930000066757202
2022-11-09,3.869999885559082
2022-11-10,3.75
2022-11-11,3.9000000953674316
2022-11-14,3.9000000953674316
2022-11-15,4.139999866485596
2022-11-16,4.050000190734863
2022-11-17,3.8399999141693115
2022-11-18,3.6600000858306885
2022-11-21,3.509999990463257
2022-11-22,3.509999990463257
2022-11-23,3.359999895095825
2022-11-25,3.869999885559082
2022-11-28,3.390000104904175
2022-11-29,3.509999990463257
2022-11-30,4.679999828338623
2022-12-01,4.46999979019165
2022-12-02,4.53000020980835
2022-12-05,3.930000066757202
2022-12-06,3.75
2022-12-07,3.630000114440918
2022-12-08,3.8399999141693115
2022-12-09,3.809999942779541
2022-12-12,3.75
2022-12-13,3.690000057220459
2022-12-14,3.7200000286102295
2022-12-15,3.569999933242798
2022-12-16,3.5999999046325684
2022-12-19,3.509999990463257
2022-12-20,3.450000047683716
2022-12-21,3.299999952316284
2022-12-22,3.4200000762939453
2022-12-23,3.450000047683716
2022-12-27,3.5399999618530273
2022-12-28,3.2100000381469727
2022-12-29,3.180000066757202
2022-12-30,3.299999952316284
2023-01-03,3.5399999618530273
2023-01-04,3.5399999618530273
2023-01-05,4.019999980926514
2023-01-06,3.9000000953674316
2023-01-09,4.230000019073486
2023-01-10,4.139999866485596
2023-01-11,3.990000009536743
2023-01-12,4.199999809265137
2023-01-13,4.170000076293945
2023-01-17,4.320000171661377
2023-01-18,4.5
2023-01-19,4.139999866485596
2023-01-20,4.199999809265137
2023-01-23,4.349999904632568
2023-01-24,4.230000019073486
2023-01-25,4.409999847412109
2023-01-26,4.409999847412109
2023-01-27,4.199999809265137
2023-01-30,4.409999847412109
2023-01-31,4.559999942779541
2023-02-01,4.800000190734863
2023-02-02,5.099999904632568
2023-02-03,5.25
2023-02-06,5.670000076293945
2023-02-07,5.190000057220459
2023-02-08,5.070000171661377
2023-02-09,5.159999847412109
2023-02-10,5.070000171661377
2023-02-13,4.949999809265137
2023-02-14,3.7200000286102295
2023-02-15,3.319999933242798
2023-02-16,3.0799999237060547
2023-02-17,3.200000047683716
2023-02-21,3.059999942779541
2023-02-22,2.8499999046325684
2023-02-23,2.8399999141693115
2023-02-24,2.799999952316284
2023-02-27,2.799999952316284
2023-02-28,2.930000066757202
2023-03-01,2.990000009536743
2023-03-02,2.869999885559082
2023-03-03,2.9200000762939453
2023-03-06,2.9200000762939453
2023-03-07,2.869999885559082
2023-03-08,2.809999942779541
2023-03-09,2.4700000286102295
2023-03-10,2.380000114440918
2023-03-13,2.130000114440918
2023-03-14,2.3499999046325684
2023-03-15,3.0
2023-03-16,2.8299999237060547
2023-03-17,6.239999771118164
2023-03-20,5.670000076293945
2023-03-21,7.489999771118164
2023-03-22,6.320000171661377
2023-03-23,6.639999866485596
2023-03-24,6.380000114440918
2023-03-27,6.96999979019165
2023-03-28,6.690000057220459
2023-03-29,7.630000114440918
2023-03-30,8.050000190734863
2023-03-31,8.829999923706055
2023-04-03,7.150000095367432
2023-04-04,6.25
2023-04-05,6.760000228881836
2023-04-06,7.550000190734863
2023-04-10,7.599999904632568
2023-04-11,7.929999828338623
2023-04-12,8.260000228881836
2023-04-13,8.199999809265137
2023-04-14,8.279999732971191
2023-04-17,9.470000267028809
2023-04-18,10.390000343322754
2023-04-19,12.039999961853027
2023-04-20,10.100000381469727
2023-04-21,8.010000228881836
2023-04-24,9.279999732971191
2023-04-25,10.170000076293945
2023-04-26,9.010000228881836
2023-04-27,7.650000095367432
2023-04-28,7.590000152587891
2023-05-01,8.779999732971191
2023-05-02,8.329999923706055
2023-05-03,8.0
2023-05-04,8.680000305175781
2023-05-05,8.869999885559082
2023-05-08,10.199999809265137
2023-05-09,9.8100004196167
2023-05-10,9.789999961853027
2023-05-11,9.210000038146973
2023-05-12,9.399999618530273
2023-05-15,9.579999923706055
2023-05-16,10.449999809265137
2023-05-17,10.539999961853027
2023-05-18,10.390000343322754
2023-05-19,10.0
2023-05-22,10.600000381469727
2023-05-23,11.0
2023-05-24,10.859999656677246
2023-05-25,11.300000190734863
2023-05-26,10.569999694824219
2023-05-30,10.039999961853027
2023-05-31,9.149999618530273
2023-06-01,9.479999542236328
2023-06-02,9.869999885559082
2023-06-05,9.569999694824219
2023-06-06,9.640000343322754
2023-06-07,9.960000038146973
2023-06-08,9.430000305175781
2023-06-09,9.319999694824219
2023-06-12,9.09000015258789
2023-06-13,8.819999694824219
2023-06-14,8.649999618530273
2023-06-15,8.239999771118164
2023-06-16,7.510000228881836
2023-06-20,7.309999942779541
2023-06-21,7.150000095367432
2023-06-22,7.510000228881836
2023-06-23,7.800000190734863
2023-06-26,8.3100004196167
2023-06-27,8.25
2023-06-28,8.0
2023-06-29,7.619999885559082
2023-06-30,8.020000457763672
2023-07-03,7.820000171661377
2023-07-05,7.800000190734863
2023-07-06,7.699999809265137
2023-07-07,7.570000171661377
2023-07-10,7.840000152587891
2023-07-11,7.900000095367432
2023-07-12,7.940000057220459
2023-07-13,7.809999942779541
2023-07-14,7.849999904632568
2023-07-17,7.610000133514404
2023-07-18,7.750999927520752
2023-07-19,7.619999885559082
2023-07-20,7.269999980926514
2023-07-21,7.289999961853027
2023-07-24,6.760000228881836
2023-07-25,6.510000228881836
2023-07-26,6.505000114440918
2023-07-27,6.579999923706055
2023-07-28,6.409999847412109
2023-07-31,6.519999980926514
2023-08-01,7.199999809265137
2023-08-02,7.039999961853027
2023-08-03,7.050000190734863
2023-08-04,6.659999847412109
2023-08-07,6.710000038146973
2023-08-08,6.269999980926514
2023-08-09,6.284999847412109
2023-08-10,6.099999904632568
2023-08-11,6.309999942779541
2023-08-14,6.710000038146973
2023-08-15,6.25
2023-08-16,6.21999979019165
2023-08-17,6.590000152587891
2023-08-18,6.619999885559082
2023-08-21,6.800000190734863
2023-08-22,6.413000106811523
2023-08-23,6.460000038146973
2023-08-24,6.489999771118164
2023-08-25,6.519999980926514
2023-08-28,6.650000095367432
2023-08-29,6.75
2023-08-30,7.139999866485596
2023-08-31,7.139999866485596
2023-09-01,7.300000190734863
2023-09-05,6.880000114440918
2023-09-06,6.860000133514404
2023-09-07,7.079999923706055
2023-09-08,6.96999979019165
2023-09-11,6.800000190734863
2023-09-12,7.139999866485596
2023-09-13,6.809999942779541
2023-09-14,6.989999771118164
2023-09-15,6.78000020980835
2023-09-18,6.820000171661377
2023-09-19,7.099999904632568
2023-09-20,6.889999866485596
2023-09-21,6.599999904632568
2023-09-22,6.5
2023-09-25,6.519999980926514
2023-09-26,6.400000095367432
2023-09-27,6.429999828338623
2023-09-28,6.289999961853027
2023-09-29,6.28000020980835
2023-10-02,6.460000038146973
2023-10-03,6.440000057220459
2023-10-04,6.110000133514404
2023-10-05,6.159999847412109
2023-10-06,6.199999809265137
2023-10-09,6.300000190734863
2023-10-10,6.182000160217285
2023-10-11,6.170000076293945
2023-10-12,6.0289998054504395
2023-10-13,6.329999923706055
2023-10-16,6.179999828338623
2023-10-17,6.0
2023-10-18,6.0
2023-10-19,6.010000228881836
2023-10-20,6.130000114440918
2023-10-23,6.0
2023-10-24,5.730000019073486
2023-10-25,5.710000038146973
2023-10-26,5.71999979019165
2023-10-27,5.019999980926514
2023-10-30,5.5920000076293945
2023-10-31,5.25
2023-11-01,5.010000228881836
2023-11-02,5.236000061035156
2023-11-03,4.75
2023-11-06,5.199999809265137
2023-11-07,4.679999828338623
2023-11-08,4.400000095367432
2023-11-09,3.7899999618530273
2023-11-10,3.5399999618530273
2023-11-13,3.0799999237060547
2023-11-14,3.390000104904175
2023-11-15,3.700000047683716
2023-11-16,4.75
2023-11-17,4.449999809265137
2023-11-20,4.53000020980835
2023-11-21,4.514999866485596
2023-11-22,4.429999828338623
2023-11-24,4.139999866485596
2023-11-27,4.309999942779541
2023-11-28,4.059999942779541
2023-11-29,4.230000019073486
2023-11-30,4.829999923706055
2023-12-01,6.5
2023-12-04,6.119999885559082
2023-12-05,6.25
2023-12-06,6.0
2023-12-07,5.920000076293945
2023-12-08,5.071000099182129
2023-12-11,5.360000133514404
2023-12-12,5.550000190734863
2023-12-13,5.480000019073486
2023-12-14,5.769999980926514
2023-12-15,6.159999847412109
2023-12-18,5.510000228881836
2023-12-19,5.699999809265137
2023-12-20,5.400000095367432
2023-12-21,5.199999809265137
2023-12-22,5.25
2023-12-26,5.5
2023-12-27,5.300000190734863
2023-12-28,5.849999904632568
2023-12-29,6.179999828338623
2024-01-02,6.010000228881836
2024-01-03,6.079999923706055
2024-01-04,6.131999969482422
2024-01-05,6.25
2024-01-08,6.389999866485596
2024-01-09,7.400000095367432
2024-01-10,7.190000057220459
2024-01-11,6.449999809265137
2024-01-12,6.239999771118164
2024-01-16,5.900000095367432
2024-01-17,5.96999979019165
2024-01-18,6.199999809265137
2024-01-19,7.090000152587891
2024-01-22,6.96999979019165
2024-01-23,7.989999771118164
2024-01-24,7.440000057220459
2024-01-25,7.800000190734863
2024-01-26,16.809999465942383
2024-01-29,24.899999618530273
2024-01-30,21.010000228881836
2024-01-31,28.450000762939453
2024-02-01,25.899999618530273
2024-02-02,26.360000610351562
2024-02-05,25.600000381469727
2024-02-06,25.040000915527344
2024-02-07,26.700000762939453
2024-02-08,23.709999084472656
2024-02-09,21.59000015258789
2024-02-12,21.049999237060547
2024-02-13,21.8799991607666
2024-02-14,22.65999984741211
2024-02-15,22.280000686645508
2024-02-16,22.309999465942383
2024-02-20,23.799999237060547
2024-02-21,23.760000228881836
2024-02-22,27.200000762939453
2024-02-23,25.260000228881836
2024-02-26,25.959999084472656
2024-02-27,28.649999618530273
2024-02-28,25.610000610351562
2024-02-29,28.25
2024-03-01,30.809999465942383
2024-03-04,34.790000915527344
2024-03-05,36.0
2024-03-06,38.95000076293945
2024-03-07,35.86000061035156
2024-03-08,39.619998931884766
2024-03-11,43.4900016784668
2024-03-12,40.119998931884766
2024-03-13,46.36000061035156
2024-03-14,45.310001373291016
2024-03-15,45.54999923706055
2024-03-18,43.130001068115234
2024-03-19,39.5
2024-03-20,42.560001373291016
2024-03-21,38.70000076293945
2024-03-22,37.02000045776367
2024-03-25,35.79999923706055
2024-03-26,35.41999816894531
2024-03-27,36.029998779296875
2024-03-28,35.41999816894531
2024-04-01,39.2400016784668
2024-04-02,37.209999084472656
2024-04-03,37.0099983215332
2024-04-04,39.59000015258789
2024-04-05,39.619998931884766
2024-04-08,40.060001373291016
2024-04-09,40.33000183105469
2024-04-10,36.029998779296875
2024-04-11,38.099998474121094
2024-04-12,39.650001525878906
2024-04-15,40.68000030517578
2024-04-16,42.709999084472656
2024-04-17,41.119998931884766
2024-04-18,36.16999816894531
2024-04-19,35.790000915527344
2024-04-22,38.72999954223633
2024-04-23,37.83000183105469
2024-04-24,37.970001220703125
2024-04-25,34.5099983215332
2024-04-26,33.33000183105469
2024-04-29,34.529998779296875
2024-04-30,35.13999938964844
2024-05-01,36.77000045776367
2024-05-02,38.09000015258789
2024-05-03,38.790000915527344
2024-05-06,38.779998779296875
2024-05-07,37.970001220703125
2024-05-08,39.9900016784668
2024-05-09,43.52000045776367
2024-05-10,43.650001525878906
2024-05-13,44.79999923706055
2024-05-14,42.439998626708984
2024-05-15,43.52000045776367
2024-05-16,44.4900016784668
2024-05-17,45.810001373291016
2024-05-20,45.0
2024-05-21,48.29999923706055
2024-05-22,44.75
2024-05-23,45.06999969482422
2024-05-24,40.970001220703125
2024-05-28,46.22999954223633
2024-05-29,42.040000915527344
2024-05-30,42.77000045776367
2024-05-31,41.4900016784668
2024-06-03,45.0
2024-06-04,46.83000183105469
2024-06-05,47.45000076293945
2024-06-06,47.290000915527344
2024-06-07,45.0
2024-06-10,44.06999969482422
2024-06-11,43.869998931884766
2024-06-12,51.0
2024-06-13,51.06999969482422
2024-06-14,52.33000183105469
2024-06-17,48.310001373291016
2024-06-18,43.029998779296875
2024-06-20,43.369998931884766
2024-06-21,42.68000030517578
2024-06-24,42.630001068115234
2024-06-25,43.7400016784668
2024-06-26,46.29999923706055
2024-06-27,43.779998779296875
2024-06-28,44.040000915527344
2024-07-01,44.900001525878906
2024-07-02,49.060001373291016
2024-07-03,48.279998779296875
2024-07-05,49.5099983215332
2024-07-08,51.150001525878906
2024-07-09,51.9900016784668
2024-07-10,51.31999969482422
2024-07-11,52.72999954223633
2024-07-12,54.099998474121094
2024-07-15,59.0
2024-07-16,59.869998931884766
2024-07-17,58.880001068115234
2024-07-18,58.959999084472656
2024-07-19,53.04999923706055
2024-07-22,59.79999923706055
2024-07-23,58.5
2024-07-24,57.029998779296875
2024-07-25,54.0
2024-07-26,56.70000076293945
2024-07-29,58.86000061035156
2024-07-30,58.0099983215332
2024-07-31,60.27000045776367
2024-08-01,59.61000061035156
2024-08-02,55.02000045776367
2024-08-05,50.0
2024-08-06,55.369998931884766
2024-08-07,54.5099983215332
2024-08-08,48.91999816894531
2024-08-09,53.59000015258789
2024-08-12,57.22999954223633
2024-08-13,52.880001068115234
2024-08-14,53.439998626708984
2024-08-15,52.47999954223633
2024-08-16,55.20000076293945
2024-08-19,53.16999816894531
2024-08-20,58.900001525878906
2024-08-21,58.16999816894531
2024-08-22,61.47999954223633
2024-08-23,60.0
2024-08-26,60.4900016784668
2024-08-27,59.459999084472656
2024-08-28,56.5
2024-08-29,56.02000045776367
2024-08-30,58.099998474121094
2024-09-03,60.91999816894531
2024-09-04,55.0
2024-09-05,54.959999084472656
2024-09-06,50.38999938964844
2024-09-09,50.5099983215332
2024-09-10,52.310001373291016
2024-09-11,54.939998626708984
2024-09-12,52.709999084472656
2024-09-13,51.75
2024-09-16,56.15999984741211
2024-09-17,54.0
2024-09-18,50.900001525878906
2024-09-19,50.77000045776367
2024-09-20,17.719999313354492
2024-09-23,20.770000457763672
2024-09-24,19.079999923706055
2024-09-25,19.1200008392334
2024-09-26,21.81999969482422
2024-09-27,21.229999542236328
2024-09-30,20.90999984741211
2024-10-01,20.6299991607666
2024-10-02,19.229999542236328
2024-10-03,19.969999313354492
2024-10-04,20.06999969482422
2024-10-07,19.030000686645508
2024-10-08,19.0
2024-10-09,19.450000762939453
2024-10-10,18.459999084472656
2024-10-11,18.270000457763672
2024-10-14,18.690000534057617
2024-10-15,18.5
2024-10-16,18.8700008392334
2024-10-17,19.280000686645508
2024-10-18,18.690000534057617
2024-10-21,18.239999771118164
2024-10-22,17.479999542236328
2024-10-23,17.360000610351562
2024-10-24,16.770000457763672
2024-10-25,16.700000762939453
2024-10-28,16.420000076293945
2024-10-29,16.18000030517578
2024-10-30,15.930000305175781
2024-10-31,16.149999618530273
2024-11-01,16.1200008392334
2024-11-04,17.440000534057617
2024-11-05,18.43000030517578
2024-11-06,19.209999084472656
2024-11-07,19.309999465942383
2024-11-08,18.459999084472656
2024-11-11,18.829999923706055
2024-11-12,18.350000381469727
2024-11-13,17.770000457763672
2024-11-14,18.399999618530273
2024-11-15,17.639999389648438
2024-11-18,16.6200008392334
2024-11-19,16.40999984741211
2024-11-20,16.350000381469727
2024-11-21,16.079999923706055
2024-11-22,16.75
2024-11-25,17.729999542236328
2024-11-26,18.1299991607666
2024-11-27,17.93000030517578
2024-11-29,17.639999389648438
2024-12-02,18.68000030517578
2024-12-03,18.809999465942383
2024-12-04,16.809999465942383
2024-12-05,16.100000381469727
2024-12-06,15.4399995803833
2024-12-09,15.550000190734863
2024-12-10,15.289999961853027
2024-12-11,16.18000030517578
2024-12-12,15.710000038146973
2024-12-13,15.0
2024-12-16,15.0
2024-12-17,14.210000038146973
2024-12-18,14.220000267028809
2024-12-19,13.359999656677246
2024-12-20,13.140000343322754
2024-12-23,13.050000190734863
2024-12-24,13.069999694824219
2024-12-26,13.050000190734863
2024-12-27,13.039999961853027
2024-12-30,12.5
2024-12-31,12.029999732971191
2025-01-02,11.970000267028809
2025-01-03,12.210000038146973
2025-01-06,12.989999771118164
2025-01-07,12.880000114440918
2025-01-08,12.65999984741211
2025-01-10,12.4399995803833
2025-01-13,11.720000267028809
2025-01-14,11.350000381469727
2025-01-15,11.859999656677246
2025-01-16,12.470000267028809
2025-01-17,13.170000076293945
2025-01-21,12.0
2025-01-22,12.010000228881836
2025-01-23,11.1899995803833
2025-01-24,10.600000381469727
2025-01-27,10.15999984741211
2025-01-28,9.75
2025-01-29,9.800000190734863
2025-01-30,9.720000267028809
2025-01-31,9.880000114440918
2025-02-03,9.5
2025-02-04,9.5
2025-02-05,9.600000381469727
2025-02-06,11.569999694824219
2025-02-07,11.260000228881836
2025-02-10,10.350000381469727
2025-02-11,9.800000190734863
2025-02-12,8.65999984741211
2025-02-13,9.1899995803833
2025-02-14,8.270000457763672
2025-02-18,8.699999809265137
2025-02-19,8.109999656677246
2025-02-20,7.71999979019165
2025-02-21,8.4399995803833
2025-02-24,8.229999542236328
2025-02-25,7.760000228881836
2025-02-26,7.570000171661377
2025-02-27,7.53000020980835
2025-02-28,7.880000114440918
2025-03-03,7.559999942779541
2025-03-04,6.650000095367432
2025-03-05,6.789999961853027
2025-03-06,6.75
2025-03-07,6.909999847412109
2025-03-10,6.659999847412109
2025-03-11,7.099999904632568
2025-03-12,6.849999904632568
2025-03-13,6.929999828338623
2025-03-14,6.510000228881836
2025-03-17,6.840000152587891
2025-03-18,6.889999866485596
2025-03-19,6.449999809265137
2025-03-20,5.989999771118164
2025-03-21,5.909999847412109
2025-03-24,5.909999847412109
2025-03-25,5.949999809265137
2025-03-26,6.099999904632568
2025-03-27,5.929999828338623
2025-03-28,5.840000152587891
2025-03-31,5.420000076293945
2025-04-01,5.340000152587891
2025-04-02,4.920000076293945
2025-04-03,5.199999809265137
2025-04-04,4.75
