2019-06-12,63.5
2019-06-13,63.86000061035156
2019-06-14,69.77999877929688
2019-06-17,64.75
2019-06-18,73.0
2019-06-19,78.75
2019-06-20,78.0
2019-06-21,72.45999908447266
2019-06-24,71.05000305175781
2019-06-25,67.0999984741211
2019-06-26,63.29999923706055
2019-06-27,63.38999938964844
2019-06-28,64.36000061035156
2019-07-01,69.0999984741211
2019-07-02,63.29999923706055
2019-07-03,64.68000030517578
2019-07-05,67.1500015258789
2019-07-08,68.26000213623047
2019-07-09,67.41999816894531
2019-07-10,70.0
2019-07-11,74.5
2019-07-12,71.5999984741211
2019-07-15,74.0
2019-07-16,71.93000030517578
2019-07-17,70.0
2019-07-18,71.0
2019-07-19,85.16000366210938
2019-07-22,82.2699966430664
2019-07-23,88.31999969482422
2019-07-24,86.79000091552734
2019-07-25,87.5
2019-07-26,93.04000091552734
2019-07-29,93.69000244140625
2019-07-30,86.0
2019-07-31,93.94999694824219
2019-08-01,90.06999969482422
2019-08-02,91.54000091552734
2019-08-05,83.33999633789062
2019-08-06,87.19999694824219
2019-08-07,83.69000244140625
2019-08-08,85.48999786376953
2019-08-09,90.25
2019-08-12,94.25
2019-08-13,92.83999633789062
2019-08-14,96.5199966430664
2019-08-15,95.98999786376953
2019-08-16,95.0
2019-08-19,98.80000305175781
2019-08-20,99.2300033569336
2019-08-21,100.58999633789062
2019-08-22,96.29000091552734
2019-08-23,91.37000274658203
2019-08-26,90.23999786376953
2019-08-27,89.27999877929688
2019-08-28,84.0
2019-08-29,88.30000305175781
2019-08-30,84.0199966430664
2019-09-03,80.8499984741211
2019-09-04,85.0
2019-09-05,86.25
2019-09-06,79.69999694824219
2019-09-09,76.1050033569336
2019-09-10,65.69999694824219
2019-09-11,69.20999908447266
2019-09-12,69.68000030517578
2019-09-13,69.86000061035156
2019-09-16,63.709999084472656
2019-09-17,68.63999938964844
2019-09-18,70.12000274658203
2019-09-19,71.5
2019-09-20,68.94999694824219
2019-09-23,67.12000274658203
2019-09-24,67.0199966430664
2019-09-25,62.0
2019-09-26,62.04999923706055
2019-09-27,58.27000045776367
2019-09-30,53.5
2019-10-01,58.29999923706055
2019-10-02,56.80500030517578
2019-10-03,59.47999954223633
2019-10-04,62.0
2019-10-07,63.36000061035156
2019-10-08,67.4000015258789
2019-10-09,66.3499984741211
2019-10-10,62.599998474121094
2019-10-11,58.77000045776367
2019-10-14,55.79999923706055
2019-10-15,55.0099983215332
2019-10-16,53.56999969482422
2019-10-17,51.7599983215332
2019-10-18,50.0
2019-10-21,46.93000030517578
2019-10-22,47.25
2019-10-23,47.0
2019-10-24,48.599998474121094
2019-10-25,50.880001068115234
2019-10-28,50.2599983215332
2019-10-29,47.43000030517578
2019-10-30,47.720001220703125
2019-10-31,51.20000076293945
2019-11-01,49.939998626708984
2019-11-04,49.150001525878906
2019-11-05,50.18000030517578
2019-11-06,48.560001373291016
2019-11-07,48.2599983215332
2019-11-08,45.02000045776367
2019-11-11,46.5
2019-11-12,47.5
2019-11-13,46.83000183105469
2019-11-14,51.310001373291016
2019-11-15,53.0
2019-11-18,60.0
2019-11-19,57.45000076293945
2019-11-20,55.2400016784668
2019-11-21,55.459999084472656
2019-11-22,54.189998626708984
2019-11-25,55.31999969482422
2019-11-26,56.5
2019-11-27,56.369998931884766
2019-11-29,56.959999084472656
2019-12-02,58.5
2019-12-03,53.290000915527344
2019-12-04,56.61000061035156
2019-12-05,55.0
2019-12-06,54.0
2019-12-09,49.13999938964844
2019-12-10,49.91999816894531
2019-12-11,47.0099983215332
2019-12-12,47.95000076293945
2019-12-13,47.5
2019-12-16,50.0
2019-12-17,49.34000015258789
2019-12-18,48.959999084472656
2019-12-19,50.45000076293945
2019-12-20,49.90999984741211
2019-12-23,49.25
2019-12-24,48.0
2019-12-26,48.40999984741211
2019-12-27,50.29999923706055
2019-12-30,50.0
2019-12-31,49.34000015258789
2020-01-02,50.029998779296875
2020-01-03,48.91999816894531
2020-01-06,51.849998474121094
2020-01-07,54.54999923706055
2020-01-08,54.20000076293945
2020-01-09,56.95000076293945
2020-01-10,56.4900016784668
2020-01-13,57.36000061035156
2020-01-14,59.22999954223633
2020-01-15,59.22999954223633
2020-01-16,61.5
2020-01-17,63.04999923706055
2020-01-21,63.02000045776367
2020-01-22,63.0
2020-01-23,62.56999969482422
2020-01-24,62.0
2020-01-27,56.58000183105469
2020-01-28,58.65999984741211
2020-01-29,60.0
2020-01-30,60.0
2020-01-31,62.5
2020-02-03,61.130001068115234
2020-02-04,61.91999816894531
2020-02-05,64.20999908447266
2020-02-06,61.599998474121094
2020-02-07,62.0
2020-02-10,62.33000183105469
2020-02-11,66.0
2020-02-12,65.19000244140625
2020-02-13,64.25
2020-02-14,65.80999755859375
2020-02-18,65.0
2020-02-19,66.62999725341797
2020-02-20,65.69999694824219
2020-02-21,62.58000183105469
2020-02-24,56.400001525878906
2020-02-25,59.5
2020-02-26,58.38999938964844
2020-02-27,56.150001525878906
2020-02-28,55.599998474121094
2020-03-02,60.20000076293945
2020-03-03,59.61000061035156
2020-03-04,57.18000030517578
2020-03-05,56.08000183105469
2020-03-06,54.2400016784668
2020-03-09,46.810001373291016
2020-03-10,48.470001220703125
2020-03-11,45.959999084472656
2020-03-12,38.599998474121094
2020-03-13,39.900001525878906
2020-03-16,36.0
2020-03-17,33.93000030517578
2020-03-18,35.7599983215332
2020-03-19,40.43000030517578
2020-03-20,49.95500183105469
2020-03-23,46.2400016784668
2020-03-24,54.91999816894531
2020-03-25,56.0
2020-03-26,55.84000015258789
2020-03-27,57.02000045776367
2020-03-30,58.810001373291016
2020-03-31,57.029998779296875
2020-04-01,54.0
2020-04-02,54.5099983215332
2020-04-03,55.849998474121094
2020-04-06,59.08000183105469
2020-04-07,59.45000076293945
2020-04-08,59.650001525878906
2020-04-09,60.47999954223633
2020-04-13,58.0
2020-04-14,59.9900016784668
2020-04-15,59.34000015258789
2020-04-16,62.0
2020-04-17,64.45999908447266
2020-04-20,64.87000274658203
2020-04-21,68.66000366210938
2020-04-22,67.66999816894531
2020-04-23,68.05999755859375
2020-04-24,69.0
2020-04-27,73.0
2020-04-28,74.0
2020-04-29,71.0
2020-04-30,69.27999877929688
2020-05-01,66.27999877929688
2020-05-04,68.3499984741211
2020-05-05,74.2699966430664
2020-05-06,71.94000244140625
2020-05-07,74.0
2020-05-08,76.55000305175781
2020-05-11,77.05000305175781
2020-05-12,77.0
2020-05-13,77.86000061035156
2020-05-14,76.0
2020-05-15,77.5
2020-05-18,78.11000061035156
2020-05-19,76.52999877929688
2020-05-20,80.72000122070312
2020-05-21,81.62000274658203
2020-05-22,81.0
2020-05-26,83.38999938964844
2020-05-27,79.0
2020-05-28,78.19999694824219
2020-05-29,83.19000244140625
2020-06-01,90.55999755859375
2020-06-02,96.58999633789062
2020-06-03,99.9800033569336
2020-06-04,94.2300033569336
2020-06-05,92.7300033569336
2020-06-08,93.87000274658203
2020-06-09,96.0
2020-06-10,95.0
2020-06-11,94.8499984741211
2020-06-12,97.98699951171875
2020-06-15,92.6500015258789
2020-06-16,100.0
2020-06-17,101.63999938964844
2020-06-18,98.18000030517578
2020-06-19,103.0
2020-06-22,101.33999633789062
2020-06-23,105.80000305175781
2020-06-24,103.83000183105469
2020-06-25,103.80000305175781
2020-06-26,104.0
2020-06-29,99.7699966430664
2020-06-30,98.44000244140625
2020-07-01,100.0
2020-07-02,103.6500015258789
2020-07-06,109.33899688720703
2020-07-07,107.0
2020-07-08,107.37000274658203
2020-07-09,115.51000213623047
2020-07-10,117.56999969482422
2020-07-13,118.0199966430664
2020-07-14,107.13999938964844
2020-07-15,105.58000183105469
2020-07-16,102.0999984741211
2020-07-17,101.40499877929688
2020-07-20,101.88999938964844
2020-07-21,108.44000244140625
2020-07-22,106.5999984741211
2020-07-23,104.55999755859375
2020-07-24,99.0999984741211
2020-07-27,101.31999969482422
2020-07-28,104.4000015258789
2020-07-29,107.61000061035156
2020-07-30,111.0
2020-07-31,112.91000366210938
2020-08-03,114.4800033569336
2020-08-04,115.55999755859375
2020-08-05,114.97000122070312
2020-08-06,114.55999755859375
2020-08-07,107.19999694824219
2020-08-10,102.80999755859375
2020-08-11,97.0999984741211
2020-08-12,98.61000061035156
2020-08-13,99.44000244140625
2020-08-14,103.20999908447266
2020-08-17,102.01000213623047
2020-08-18,106.5199966430664
2020-08-19,107.6500015258789
2020-08-20,107.55000305175781
2020-08-21,112.0
2020-08-24,113.4000015258789
2020-08-25,110.30000305175781
2020-08-26,115.01000213623047
2020-08-27,117.4000015258789
2020-08-28,118.26000213623047
2020-08-31,120.0
2020-09-01,134.44000244140625
2020-09-02,152.0399932861328
2020-09-03,131.0
2020-09-04,125.27999877929688
2020-09-08,118.86000061035156
2020-09-09,129.61099243164062
2020-09-10,130.27999877929688
2020-09-11,131.1199951171875
2020-09-14,127.77999877929688
2020-09-15,130.6510009765625
2020-09-16,132.0
2020-09-17,127.4800033569336
2020-09-18,130.22000122070312
2020-09-21,127.25
2020-09-22,138.52000427246094
2020-09-23,141.0
2020-09-24,137.1199951171875
2020-09-25,135.8000030517578
2020-09-28,137.82000732421875
2020-09-29,137.6999969482422
2020-09-30,135.30999755859375
2020-10-01,139.5
2020-10-02,139.72999572753906
2020-10-05,143.80999755859375
2020-10-06,146.0
2020-10-07,146.0
2020-10-08,146.4499969482422
2020-10-09,144.10000610351562
2020-10-12,146.5
2020-10-13,147.0800018310547
2020-10-14,153.60000610351562
2020-10-15,143.38999938964844
2020-10-16,148.0
2020-10-19,146.72000122070312
2020-10-20,145.28500366210938
2020-10-21,143.07000732421875
2020-10-22,136.8300018310547
2020-10-23,134.91000366210938
2020-10-26,134.00999450683594
2020-10-27,134.0780029296875
2020-10-28,132.0500030517578
2020-10-29,132.36000061035156
2020-10-30,125.4000015258789
2020-11-02,124.55000305175781
2020-11-03,125.70999908447266
2020-11-04,133.97999572753906
2020-11-05,140.48500061035156
2020-11-06,138.5800018310547
2020-11-09,136.25
2020-11-10,127.08000183105469
2020-11-11,128.13299560546875
2020-11-12,132.9199981689453
2020-11-13,137.75
2020-11-16,129.38999938964844
2020-11-17,132.74000549316406
2020-11-18,137.72999572753906
2020-11-19,138.38999938964844
2020-11-20,145.19000244140625
2020-11-23,146.5
2020-11-24,145.6999969482422
2020-11-25,150.0
2020-11-27,150.3800048828125
2020-11-30,154.5500030517578
2020-12-01,153.5
2020-12-02,144.36000061035156
2020-12-03,159.52000427246094
2020-12-04,160.36000061035156
2020-12-07,168.0
2020-12-08,171.2899932861328
2020-12-09,175.44000244140625
2020-12-10,165.35000610351562
2020-12-11,177.1699981689453
2020-12-14,176.81199645996094
2020-12-15,175.4029998779297
2020-12-16,177.0500030517578
2020-12-17,182.13999938964844
2020-12-18,193.6999969482422
2020-12-21,202.24000549316406
2020-12-22,213.01499938964844
2020-12-23,225.6300048828125
2020-12-24,223.5
2020-12-28,225.08900451660156
2020-12-29,210.60000610351562
2020-12-30,207.77000427246094
2020-12-31,211.47000122070312
2021-01-04,209.9600067138672
2021-01-05,200.2449951171875
2021-01-06,204.0
2021-01-07,213.02499389648438
2021-01-08,225.8300018310547
2021-01-11,223.64999389648438
2021-01-12,233.40499877929688
2021-01-13,236.5
2021-01-14,228.64999389648438
2021-01-15,228.0800018310547
2021-01-19,224.0
2021-01-20,227.0
2021-01-21,228.0
2021-01-22,220.97000122070312
2021-01-25,227.72000122070312
2021-01-26,217.1300048828125
2021-01-27,200.0
2021-01-28,202.0
2021-01-29,211.3300018310547
2021-02-01,216.55999755859375
2021-02-02,218.52999877929688
2021-02-03,223.0
2021-02-04,219.74000549316406
2021-02-05,226.0
2021-02-08,225.5050048828125
2021-02-09,221.1999969482422
2021-02-10,225.0
2021-02-11,233.49000549316406
2021-02-12,236.5500030517578
2021-02-16,248.5399932861328
2021-02-17,238.89999389648438
2021-02-18,236.7830047607422
2021-02-19,241.8300018310547
2021-02-22,235.65199279785156
2021-02-23,211.1999969482422
2021-02-24,219.77999877929688
2021-02-25,216.42999267578125
2021-02-26,209.3000030517578
2021-03-01,220.81900024414062
2021-03-02,226.5
2021-03-03,220.85699462890625
2021-03-04,204.7899932861328
2021-03-05,194.63999938964844
2021-03-08,184.2899932861328
2021-03-09,192.64999389648438
2021-03-10,204.0
2021-03-11,203.99000549316406
2021-03-12,200.89999389648438
2021-03-15,199.5
2021-03-16,203.80999755859375
2021-03-17,199.0
2021-03-18,203.58999633789062
2021-03-19,192.8800048828125
2021-03-22,191.91000366210938
2021-03-23,195.74000549316406
2021-03-24,191.0
2021-03-25,175.6699981689453
2021-03-26,179.02999877929688
2021-03-29,177.69000244140625
2021-03-30,171.0800018310547
2021-03-31,179.24000549316406
2021-04-01,188.76699829101562
2021-04-05,191.42999267578125
2021-04-06,186.6199951171875
2021-04-07,195.07000732421875
2021-04-08,197.5449981689453
2021-04-09,201.44000244140625
2021-04-12,201.52999877929688
2021-04-13,206.52000427246094
2021-04-14,216.38999938964844
2021-04-15,215.5
2021-04-16,213.5070037841797
2021-04-19,211.0500030517578
2021-04-20,216.08999633789062
2021-04-21,205.47999572753906
2021-04-22,212.0
2021-04-23,219.50999450683594
2021-04-26,220.0500030517578
2021-04-27,225.47999572753906
2021-04-28,217.8699951171875
2021-04-29,221.0
2021-04-30,207.33399963378906
2021-05-03,209.0
2021-05-04,201.9499969482422
2021-05-05,202.25999450683594
2021-05-06,191.52000427246094
2021-05-07,194.27999877929688
2021-05-10,189.17999267578125
2021-05-11,178.9199981689453
2021-05-12,192.0
2021-05-13,190.96499633789062
2021-05-14,187.51199340820312
2021-05-17,189.75999450683594
2021-05-18,191.3300018310547
2021-05-19,189.6300048828125
2021-05-20,201.5500030517578
2021-05-21,207.83999633789062
2021-05-24,212.44000244140625
2021-05-25,214.5800018310547
2021-05-26,217.9600067138672
2021-05-27,218.0
2021-05-28,222.85000610351562
2021-06-01,223.22999572753906
2021-06-02,221.35000610351562
2021-06-03,220.0500030517578
2021-06-04,216.99000549316406
2021-06-07,206.44000244140625
2021-06-08,217.73500061035156
2021-06-09,215.69000244140625
2021-06-10,214.88999938964844
2021-06-11,226.61000061035156
2021-06-14,231.5
2021-06-15,233.75
2021-06-16,229.0
2021-06-17,233.0
2021-06-18,241.1999969482422
2021-06-21,238.0399932861328
2021-06-22,243.8300018310547
2021-06-23,255.30999755859375
2021-06-24,255.77200317382812
2021-06-25,255.0
2021-06-28,255.0
2021-06-29,255.08999633789062
2021-06-30,257.13800048828125
2021-07-01,251.0
2021-07-02,254.2689971923828
2021-07-06,257.8399963378906
2021-07-07,268.7300109863281
2021-07-08,259.6499938964844
2021-07-09,262.9549865722656
2021-07-12,267.6969909667969
2021-07-13,261.1400146484375
2021-07-14,263.1600036621094
2021-07-15,255.74000549316406
2021-07-16,252.00999450683594
2021-07-19,245.0500030517578
2021-07-20,254.89500427246094
2021-07-21,252.4499969482422
2021-07-22,254.72000122070312
2021-07-23,261.32000732421875
2021-07-26,267.55999755859375
2021-07-27,266.0
2021-07-28,260.17999267578125
2021-07-29,263.510009765625
2021-07-30,256.07000732421875
2021-08-02,254.25999450683594
2021-08-03,255.30999755859375
2021-08-04,255.3800048828125
2021-08-05,265.30999755859375
2021-08-06,264.29998779296875
2021-08-09,258.95001220703125
2021-08-10,266.25
2021-08-11,254.2050018310547
2021-08-12,240.0
2021-08-13,245.82000732421875
2021-08-16,243.3300018310547
2021-08-17,234.0
2021-08-18,233.47500610351562
2021-08-19,231.97500610351562
2021-08-20,236.5399932861328
2021-08-23,242.10000610351562
2021-08-24,260.57000732421875
2021-08-25,267.0299987792969
2021-08-26,269.5799865722656
2021-08-27,279.5450134277344
2021-08-30,285.30999755859375
2021-08-31,281.989990234375
2021-09-01,273.2200012207031
2021-09-02,272.25
2021-09-03,272.5899963378906
2021-09-07,279.3699951171875
2021-09-08,270.2300109863281
2021-09-09,265.010009765625
2021-09-10,268.07000732421875
2021-09-13,258.7200012207031
2021-09-14,256.0400085449219
2021-09-15,257.8900146484375
2021-09-16,260.2300109863281
2021-09-17,266.3299865722656
2021-09-20,254.35000610351562
2021-09-21,254.64999389648438
2021-09-22,252.88999938964844
2021-09-23,262.489990234375
2021-09-24,262.04998779296875
2021-09-27,259.29998779296875
2021-09-28,249.0500030517578
2021-09-29,243.6999969482422
2021-09-30,240.8800048828125
2021-10-01,246.64999389648438
2021-10-04,245.57000732421875
2021-10-05,240.08999633789062
2021-10-06,243.33999633789062
2021-10-07,251.3280029296875
2021-10-08,250.15199279785156
2021-10-11,243.2100067138672
2021-10-12,246.19000244140625
2021-10-13,253.80999755859375
2021-10-14,270.05999755859375
2021-10-15,276.0
2021-10-18,273.0
2021-10-19,283.2300109863281
2021-10-20,282.7090148925781
2021-10-21,283.0
2021-10-22,284.2300109863281
2021-10-25,284.0
2021-10-26,284.0
2021-10-27,287.8590087890625
2021-10-28,278.0
2021-10-29,281.0
2021-11-01,275.5409851074219
2021-11-02,266.5799865722656
2021-11-03,269.8999938964844
2021-11-04,272.7099914550781
2021-11-05,281.0
2021-11-08,274.2900085449219
2021-11-09,285.6759948730469
2021-11-10,290.989990234375
2021-11-11,285.44000244140625
2021-11-12,283.9599914550781
2021-11-15,270.8599853515625
2021-11-16,255.30999755859375
2021-11-17,265.3900146484375
2021-11-18,270.4200134277344
2021-11-19,269.3999938964844
2021-11-22,252.7550048828125
2021-11-23,231.0
2021-11-24,229.63999938964844
2021-11-26,235.72000122070312
2021-11-29,235.0
2021-11-30,226.8249969482422
2021-12-01,220.68800354003906
2021-12-02,207.97500610351562
2021-12-03,212.83999633789062
2021-12-06,190.0500030517578
2021-12-07,200.6199951171875
2021-12-08,205.60499572753906
2021-12-09,209.9600067138672
2021-12-10,201.7480010986328
2021-12-13,198.58999633789062
2021-12-14,197.00799560546875
2021-12-15,198.5500030517578
2021-12-16,211.69500732421875
2021-12-17,196.21200561523438
2021-12-20,200.23699951171875
2021-12-21,207.3300018310547
2021-12-22,205.47999572753906
2021-12-23,207.60000610351562
2021-12-27,211.47999572753906
2021-12-28,210.0
2021-12-29,206.69000244140625
2021-12-30,207.0
2021-12-31,208.9499969482422
2022-01-03,205.0
2022-01-04,195.88999938964844
2022-01-05,185.0
2022-01-06,180.25
2022-01-07,185.0
2022-01-10,182.61000061035156
2022-01-11,189.61000061035156
2022-01-12,196.61000061035156
2022-01-13,188.14999389648438
2022-01-14,173.8699951171875
2022-01-18,172.72999572753906
2022-01-19,171.7100067138672
2022-01-20,177.3300018310547
2022-01-21,171.8800048828125
2022-01-24,157.1750030517578
2022-01-25,167.0
2022-01-26,162.25999450683594
2022-01-27,164.16000366210938
2022-01-28,160.60000610351562
2022-01-31,170.6999969482422
2022-02-01,182.00999450683594
2022-02-02,183.0
2022-02-03,171.97300720214844
2022-02-04,170.88999938964844
2022-02-07,176.8000030517578
2022-02-08,175.97999572753906
2022-02-09,182.10000610351562
2022-02-10,182.22999572753906
2022-02-11,188.49000549316406
2022-02-14,180.06300354003906
2022-02-15,185.10299682617188
2022-02-16,186.23599243164062
2022-02-17,181.86000061035156
2022-02-18,169.05999755859375
2022-02-22,161.5
2022-02-23,170.61500549316406
2022-02-24,153.5
2022-02-25,182.50999450683594
2022-02-28,187.35000610351562
2022-03-01,201.3300018310547
2022-03-02,198.60000610351562
2022-03-03,200.0
2022-03-04,193.75999450683594
2022-03-07,180.99000549316406
2022-03-08,165.0
2022-03-09,161.30999755859375
2022-03-10,187.89999389648438
2022-03-11,191.1199951171875
2022-03-14,188.00999450683594
2022-03-15,183.5
2022-03-16,191.58999633789062
2022-03-17,189.27999877929688
2022-03-18,201.60000610351562
2022-03-21,203.0
2022-03-22,204.1999969482422
2022-03-23,213.2449951171875
2022-03-24,220.0
2022-03-25,225.0
2022-03-28,220.14999389648438
2022-03-29,224.4499969482422
2022-03-30,220.74000549316406
2022-03-31,225.0500030517578
2022-04-01,225.3000030517578
2022-04-04,228.0
2022-04-05,229.99000549316406
2022-04-06,212.53500366210938
2022-04-07,210.77999877929688
2022-04-08,221.5
2022-04-11,213.77000427246094
2022-04-12,227.35000610351562
2022-04-13,224.11000061035156
2022-04-14,238.02000427246094
2022-04-18,234.0
2022-04-19,224.99000549316406
2022-04-20,229.32000732421875
2022-04-21,223.80999755859375
2022-04-22,209.0
2022-04-25,202.83999633789062
2022-04-26,211.74000549316406
2022-04-27,200.08999633789062
2022-04-28,202.80999755859375
2022-04-29,206.61000061035156
2022-05-02,198.5
2022-05-03,203.64999389648438
2022-05-04,200.36000061035156
2022-05-05,199.02000427246094
2022-05-06,178.6649932861328
2022-05-09,159.00999450683594
2022-05-10,150.6699981689453
2022-05-11,148.32400512695312
2022-05-12,134.1999969482422
2022-05-13,143.05999755859375
2022-05-16,154.0
2022-05-17,151.3300018310547
2022-05-18,144.17999267578125
2022-05-19,138.60000610351562
2022-05-20,151.77999877929688
2022-05-23,147.75999450683594
2022-05-24,146.69000244140625
2022-05-25,138.8249969482422
2022-05-26,145.6999969482422
2022-05-27,158.88999938964844
2022-05-31,167.57000732421875
2022-06-01,163.00999450683594
2022-06-02,161.0
2022-06-03,165.86399841308594
2022-06-06,167.47999572753906
2022-06-07,166.10000610351562
2022-06-08,176.0
2022-06-09,176.5
2022-06-10,168.125
2022-06-13,158.7100067138672
2022-06-14,156.0
2022-06-15,161.3300018310547
2022-06-16,157.0399932861328
2022-06-17,158.5
2022-06-21,165.0
2022-06-22,162.61000061035156
2022-06-23,168.58999633789062
2022-06-24,177.99000549316406
2022-06-27,185.02000427246094
2022-06-28,181.44000244140625
2022-06-29,174.375
2022-06-30,173.6199951171875
2022-07-01,168.24000549316406
2022-07-05,179.1999969482422
2022-07-06,188.2899932861328
2022-07-07,185.32000732421875
2022-07-08,185.0
2022-07-11,188.0
2022-07-12,186.89999389648438
2022-07-13,169.97999572753906
2022-07-14,172.33999633789062
2022-07-15,174.07000732421875
2022-07-18,183.52000427246094
2022-07-19,180.35000610351562
2022-07-20,182.97999572753906
2022-07-21,183.5500030517578
2022-07-22,190.0
2022-07-25,182.8000030517578
2022-07-26,182.1699981689453
2022-07-27,175.3000030517578
2022-07-28,176.77999877929688
2022-07-29,182.91000366210938
2022-08-01,180.77999877929688
2022-08-02,180.52000427246094
2022-08-03,191.07000732421875
2022-08-04,191.30999755859375
2022-08-05,186.0
2022-08-08,193.69000244140625
2022-08-09,188.16000366210938
2022-08-10,193.33999633789062
2022-08-11,204.0
2022-08-12,203.0
2022-08-15,199.25999450683594
2022-08-16,200.0
2022-08-17,196.39999389648438
2022-08-18,195.3300018310547
2022-08-19,192.74000549316406
2022-08-22,186.36000061035156
2022-08-23,191.4600067138672
2022-08-24,196.1999969482422
2022-08-25,199.2949981689453
2022-08-26,202.63999938964844
2022-08-29,191.0050048828125
2022-08-30,196.32000732421875
2022-08-31,197.2100067138672
2022-09-01,178.4499969482422
2022-09-02,174.27999877929688
2022-09-06,172.4499969482422
2022-09-07,170.69000244140625
2022-09-08,170.1699981689453
2022-09-09,183.74000549316406
2022-09-12,191.27999877929688
2022-09-13,186.6300048828125
2022-09-14,184.6999969482422
2022-09-15,181.82000732421875
2022-09-16,174.14999389648438
2022-09-19,170.22000122070312
2022-09-20,173.8000030517578
2022-09-21,173.6699981689453
2022-09-22,167.0399932861328
2022-09-23,159.0800018310547
2022-09-26,159.99000549316406
2022-09-27,163.9499969482422
2022-09-28,164.11000061035156
2022-09-29,163.47999572753906
2022-09-30,166.14999389648438
2022-10-03,166.6300048828125
2022-10-04,174.5800018310547
2022-10-05,171.00999450683594
2022-10-06,178.4199981689453
2022-10-07,174.44000244140625
2022-10-10,171.74000549316406
2022-10-11,158.72000122070312
2022-10-12,154.32000732421875
2022-10-13,145.45199584960938
2022-10-14,155.75
2022-10-17,149.35000610351562
2022-10-18,157.25999450683594
2022-10-19,155.41000366210938
2022-10-20,152.10000610351562
2022-10-21,152.49000549316406
2022-10-24,158.11000061035156
2022-10-25,159.22000122070312
2022-10-26,158.0500030517578
2022-10-27,164.75
2022-10-28,162.5500030517578
2022-10-31,161.6199951171875
2022-11-01,165.0
2022-11-02,161.0
2022-11-03,146.13999938964844
2022-11-04,140.9600067138672
2022-11-07,129.8300018310547
2022-11-08,126.0
2022-11-09,124.55000305175781
2022-11-10,132.49000549316406
2022-11-11,136.75
2022-11-14,141.5500030517578
2022-11-15,148.99000549316406
2022-11-16,146.7050018310547
2022-11-17,139.6199951171875
2022-11-18,146.5050048828125
2022-11-21,137.11000061035156
2022-11-22,135.82000732421875
2022-11-23,135.5800018310547
2022-11-25,139.85000610351562
2022-11-28,139.67999267578125
2022-11-29,140.0
2022-11-30,112.29000091552734
2022-12-01,118.63999938964844
2022-12-02,121.75
2022-12-05,122.45999908447266
2022-12-06,118.33999633789062
2022-12-07,114.33000183105469
2022-12-08,113.52999877929688
2022-12-09,113.76000213623047
2022-12-12,114.76000213623047
2022-12-13,124.2300033569336
2022-12-14,121.0
2022-12-15,118.9000015258789
2022-12-16,114.00199890136719
2022-12-19,110.81999969482422
2022-12-20,107.0510025024414
2022-12-21,108.83999633789062
2022-12-22,104.75
2022-12-23,103.0
2022-12-27,101.06999969482422
2022-12-28,99.5999984741211
2022-12-29,101.43000030517578
2022-12-30,103.5
2023-01-03,107.5
2023-01-04,104.7699966430664
2023-01-05,98.0
2023-01-06,94.38500213623047
2023-01-09,97.04000091552734
2023-01-10,94.72000122070312
2023-01-11,96.91999816894531
2023-01-12,97.05999755859375
2023-01-13,96.43000030517578
2023-01-17,100.4000015258789
2023-01-18,106.66500091552734
2023-01-19,99.30999755859375
2023-01-20,100.31999969482422
2023-01-23,102.06999969482422
2023-01-24,107.15499877929688
2023-01-25,101.72000122070312
2023-01-26,102.62999725341797
2023-01-27,103.61000061035156
2023-01-30,102.9800033569336
2023-01-31,101.0
2023-02-01,105.9000015258789
2023-02-02,117.58999633789062
2023-02-03,112.46199798583984
2023-02-06,111.38999938964844
2023-02-07,109.73500061035156
2023-02-08,118.33000183105469
2023-02-09,117.04000091552734
2023-02-10,111.9000015258789
2023-02-13,110.2300033569336
2023-02-14,111.94000244140625
2023-02-15,116.70999908447266
2023-02-16,117.86000061035156
2023-02-17,113.93000030517578
2023-02-21,112.0199966430664
2023-02-22,114.41999816894531
2023-02-23,119.69000244140625
2023-02-24,115.77999877929688
2023-02-27,118.63500213623047
2023-02-28,120.19999694824219
2023-03-01,120.2300033569336
2023-03-02,119.0
2023-03-03,123.30000305175781
2023-03-06,130.0
2023-03-07,127.0
2023-03-08,132.8800048828125
2023-03-09,128.11000061035156
2023-03-10,119.87999725341797
2023-03-13,119.11000061035156
2023-03-14,124.87999725341797
2023-03-15,126.55999755859375
2023-03-16,130.3000030517578
2023-03-17,133.75
2023-03-20,132.30999755859375
2023-03-21,131.75
2023-03-22,135.6999969482422
2023-03-23,135.9600067138672
2023-03-24,134.39999389648438
2023-03-27,131.9199981689453
2023-03-28,131.0
2023-03-29,131.0800018310547
2023-03-30,131.1300048828125
2023-03-31,132.52000427246094
2023-04-03,135.5
2023-04-04,137.5
2023-04-05,135.3699951171875
2023-04-06,126.0
2023-04-10,126.72000122070312
2023-04-11,127.54000091552734
2023-04-12,132.5
2023-04-13,136.60499572753906
2023-04-14,134.4499969482422
2023-04-17,136.66000366210938
2023-04-18,139.0500030517578
2023-04-19,135.0
2023-04-20,131.02999877929688
2023-04-21,130.5800018310547
2023-04-24,132.4949951171875
2023-04-25,128.19000244140625
2023-04-26,123.81999969482422
2023-04-27,125.19000244140625
2023-04-28,123.19999694824219
2023-05-01,118.55999755859375
2023-05-02,118.9000015258789
2023-05-03,116.45999908447266
2023-05-04,118.38999938964844
2023-05-05,119.2300033569336
2023-05-08,126.0
2023-05-09,132.41000366210938
2023-05-10,132.35000610351562
2023-05-11,134.39500427246094
2023-05-12,132.75999450683594
2023-05-15,130.88999938964844
2023-05-16,134.0
2023-05-17,134.83999633789062
2023-05-18,137.44000244140625
2023-05-19,142.74000549316406
2023-05-22,144.25999450683594
2023-05-23,146.11000061035156
2023-05-24,144.0500030517578
2023-05-25,150.64999389648438
2023-05-26,150.2899932861328
2023-05-30,159.5399932861328
2023-05-31,158.8300018310547
2023-06-01,146.72000122070312
2023-06-02,158.66000366210938
2023-06-05,151.0500030517578
2023-06-06,153.77999877929688
2023-06-07,154.75
2023-06-08,149.1199951171875
2023-06-09,153.52999877929688
2023-06-12,150.23500061035156
2023-06-13,153.05999755859375
2023-06-14,153.14999389648438
2023-06-15,153.22999572753906
2023-06-16,162.10000610351562
2023-06-20,152.60000610351562
2023-06-21,150.5800018310547
2023-06-22,142.55999755859375
2023-06-23,143.42999267578125
2023-06-26,143.0399932861328
2023-06-27,142.49000549316406
2023-06-28,143.88999938964844
2023-06-29,145.77000427246094
2023-06-30,145.08999633789062
2023-07-03,147.17999267578125
2023-07-05,145.55999755859375
2023-07-06,142.75
2023-07-07,143.50999450683594
2023-07-10,143.8000030517578
2023-07-11,150.75
2023-07-12,153.19000244140625
2023-07-13,147.97999572753906
2023-07-14,150.4499969482422
2023-07-17,149.07000732421875
2023-07-18,153.0
2023-07-19,155.0
2023-07-20,154.92999267578125
2023-07-21,149.92999267578125
2023-07-24,150.97000122070312
2023-07-25,150.6199951171875
2023-07-26,150.27999877929688
2023-07-27,156.9499969482422
2023-07-28,155.5
2023-07-31,157.88999938964844
2023-08-01,161.0
2023-08-02,161.51300048828125
2023-08-03,154.0
2023-08-04,155.22999572753906
2023-08-07,151.25999450683594
2023-08-08,147.1699981689453
2023-08-09,145.11000061035156
2023-08-10,147.35000610351562
2023-08-11,147.22000122070312
2023-08-14,147.35000610351562
2023-08-15,150.52000427246094
2023-08-16,149.0
2023-08-17,149.0
2023-08-18,141.66000366210938
2023-08-21,150.75999450683594
2023-08-22,154.33999633789062
2023-08-23,153.47999572753906
2023-08-24,155.5500030517578
2023-08-25,146.0
2023-08-28,146.02000427246094
2023-08-29,142.92999267578125
2023-08-30,147.0
2023-08-31,154.11000061035156
2023-09-01,163.1199951171875
2023-09-05,161.02999877929688
2023-09-06,164.99000549316406
2023-09-07,164.39999389648438
2023-09-08,166.47500610351562
2023-09-11,169.5
2023-09-12,170.44000244140625
2023-09-13,169.52000427246094
2023-09-14,169.35000610351562
2023-09-15,166.1199951171875
2023-09-18,164.97999572753906
2023-09-19,166.9499969482422
2023-09-20,165.5
2023-09-21,168.19000244140625
2023-09-22,162.63999938964844
2023-09-25,161.89999389648438
2023-09-26,158.11000061035156
2023-09-27,161.02999877929688
2023-09-28,162.2899932861328
2023-09-29,167.52999877929688
2023-10-02,168.0
2023-10-03,167.30999755859375
2023-10-04,163.6199951171875
2023-10-05,164.07000732421875
2023-10-06,163.50999450683594
2023-10-09,176.5
2023-10-10,181.52000427246094
2023-10-11,183.85000610351562
2023-10-12,188.22000122070312
2023-10-13,187.55999755859375
2023-10-16,185.52999877929688
2023-10-17,185.99000549316406
2023-10-18,186.22000122070312
2023-10-19,191.75
2023-10-20,183.0
2023-10-23,176.0
2023-10-24,181.0
2023-10-25,181.19000244140625
2023-10-26,176.1199951171875
2023-10-27,174.22000122070312
2023-10-30,174.60000610351562
2023-10-31,175.1649932861328
2023-11-01,178.1199951171875
2023-11-02,180.88999938964844
2023-11-03,182.6699981689453
2023-11-06,188.97999572753906
2023-11-07,191.14999389648438
2023-11-08,192.52000427246094
2023-11-09,193.44000244140625
2023-11-10,192.3699951171875
2023-11-13,198.0
2023-11-14,205.0
2023-11-15,208.7100067138672
2023-11-16,200.3300018310547
2023-11-17,204.27000427246094
2023-11-20,208.0
2023-11-21,207.74000549316406
2023-11-22,209.89999389648438
2023-11-24,208.86000061035156
2023-11-27,209.6199951171875
2023-11-28,208.92999267578125
2023-11-29,220.0
2023-11-30,231.19000244140625
2023-12-01,235.72000122070312
2023-12-04,234.0800018310547
2023-12-05,233.9600067138672
2023-12-06,240.0
2023-12-07,239.6300048828125
2023-12-08,238.33999633789062
2023-12-11,242.6300048828125
2023-12-12,244.63999938964844
2023-12-13,249.75
2023-12-14,253.8249969482422
2023-12-15,256.6000061035156
2023-12-18,260.1700134277344
2023-12-19,260.1199951171875
2023-12-20,255.89999389648438
2023-12-21,254.25
2023-12-22,256.9700012207031
2023-12-26,254.8300018310547
2023-12-27,258.2650146484375
2023-12-28,257.4100036621094
2023-12-29,255.8300018310547
2024-01-02,251.47000122070312
2024-01-03,240.32000732421875
2024-01-04,246.0
2024-01-05,245.0
2024-01-08,251.89999389648438
2024-01-09,265.69500732421875
2024-01-10,274.8699951171875
2024-01-11,284.0
2024-01-12,287.0
2024-01-16,279.3900146484375
2024-01-17,279.5400085449219
2024-01-18,281.6700134277344
2024-01-19,285.0
2024-01-22,300.4800109863281
2024-01-23,298.1700134277344
2024-01-24,300.5799865722656
2024-01-25,305.6099853515625
2024-01-26,290.489990234375
2024-01-29,294.0
2024-01-30,301.0
2024-01-31,298.0
2024-02-01,296.1400146484375
2024-02-02,299.75
2024-02-05,305.0
2024-02-06,305.3699951171875
2024-02-07,307.7300109863281
2024-02-08,316.7099914550781
2024-02-09,330.0
2024-02-12,329.70001220703125
2024-02-13,307.5400085449219
2024-02-14,327.760009765625
2024-02-15,337.5
2024-02-16,331.7900085449219
2024-02-20,327.0
2024-02-21,283.0299987792969
2024-02-22,304.92999267578125
2024-02-23,313.7799987792969
2024-02-26,313.1600036621094
2024-02-27,323.3999938964844
2024-02-28,318.8599853515625
2024-02-29,324.9100036621094
2024-03-01,319.25
2024-03-04,317.3299865722656
2024-03-05,307.5299987792969
2024-03-06,360.04998779296875
2024-03-07,329.75
2024-03-08,331.0
2024-03-11,319.1499938964844
2024-03-12,318.6099853515625
2024-03-13,329.7300109863281
2024-03-14,333.0
2024-03-15,325.5799865722656
2024-03-18,319.0299987792969
2024-03-19,318.1499938964844
2024-03-20,321.0
2024-03-21,325.8900146484375
2024-03-22,327.7300109863281
2024-03-25,326.0
2024-03-26,326.0
2024-03-27,333.3399963378906
2024-03-28,322.4200134277344
2024-04-01,321.0
2024-04-02,312.9200134277344
2024-04-03,316.57000732421875
2024-04-04,324.29998779296875
2024-04-05,309.7200012207031
2024-04-08,316.17999267578125
2024-04-09,314.989990234375
2024-04-10,305.989990234375
2024-04-11,313.5400085449219
2024-04-12,313.8900146484375
2024-04-15,310.0299987792969
2024-04-16,297.54998779296875
2024-04-17,304.0
2024-04-18,293.0
2024-04-19,291.95001220703125
2024-04-22,285.739990234375
2024-04-23,292.2099914550781
2024-04-24,303.6000061035156
2024-04-25,289.55999755859375
2024-04-26,300.3399963378906
2024-04-29,312.57000732421875
2024-04-30,302.0
2024-05-01,290.44000244140625
2024-05-02,303.7550048828125
2024-05-03,304.760009765625
2024-05-06,307.3800048828125
2024-05-07,315.7099914550781
2024-05-08,311.8800048828125
2024-05-09,313.0299987792969
2024-05-10,320.0
2024-05-13,325.0
2024-05-14,319.19000244140625
2024-05-15,333.2099914550781
2024-05-16,343.0
2024-05-17,340.0
2024-05-20,346.0
2024-05-21,343.05499267578125
2024-05-22,350.0
2024-05-23,350.0
2024-05-24,342.6700134277344
2024-05-28,358.6400146484375
2024-05-29,342.010009765625
2024-05-30,346.1499938964844
2024-05-31,329.760009765625
2024-06-03,319.3699951171875
2024-06-04,310.0
2024-06-05,334.6099853515625
2024-06-06,342.92999267578125
2024-06-07,343.0
2024-06-10,367.1000061035156
2024-06-11,372.8599853515625
2024-06-12,390.25
2024-06-13,387.8500061035156
2024-06-14,382.0
2024-06-17,382.75
2024-06-18,390.0
2024-06-20,390.260009765625
2024-06-21,380.6300048828125
2024-06-24,375.1000061035156
2024-06-25,379.75
2024-06-26,385.5899963378906
2024-06-27,381.0
2024-06-28,389.3299865722656
2024-07-01,385.2799987792969
2024-07-02,382.2699890136719
2024-07-03,384.25
2024-07-05,387.8699951171875
2024-07-08,390.3680114746094
2024-07-09,392.510009765625
2024-07-10,385.0
2024-07-11,375.69000244140625
2024-07-12,368.20001220703125
2024-07-15,371.6700134277344
2024-07-16,378.239990234375
2024-07-17,360.0
2024-07-18,351.739990234375
2024-07-19,294.510009765625
2024-07-22,285.010009765625
2024-07-23,269.0199890136719
2024-07-24,270.0
2024-07-25,258.3900146484375
2024-07-26,259.95001220703125
2024-07-29,259.510009765625
2024-07-30,247.5500030517578
2024-07-31,234.6699981689453
2024-08-01,232.0
2024-08-02,217.14999389648438
2024-08-05,201.53500366210938
2024-08-06,230.19000244140625
2024-08-07,238.3699951171875
2024-08-08,233.8800048828125
2024-08-09,242.17999267578125
2024-08-12,242.0
2024-08-13,242.0
2024-08-14,250.0
2024-08-15,260.25
2024-08-16,260.44000244140625
2024-08-19,264.0
2024-08-20,269.3599853515625
2024-08-21,267.010009765625
2024-08-22,275.239990234375
2024-08-23,270.1000061035156
2024-08-26,271.05999755859375
2024-08-27,261.80999755859375
2024-08-28,269.79998779296875
2024-08-29,262.010009765625
2024-08-30,277.7799987792969
2024-09-03,275.7799987792969
2024-09-04,260.44000244140625
2024-09-05,255.39999389648438
2024-09-06,255.8000030517578
2024-09-09,249.11500549316406
2024-09-10,248.75
2024-09-11,247.72999572753906
2024-09-12,255.67999267578125
2024-09-13,257.0
2024-09-16,260.7699890136719
2024-09-17,270.20001220703125
2024-09-18,269.489990234375
2024-09-19,276.0
2024-09-20,284.1300048828125
2024-09-23,297.7799987792969
2024-09-24,294.8900146484375
2024-09-25,290.0
2024-09-26,291.25
2024-09-27,283.79998779296875
2024-09-30,284.0
2024-10-01,282.260009765625
2024-10-02,274.885009765625
2024-10-03,279.0
2024-10-04,288.1600036621094
2024-10-07,291.0
2024-10-08,287.8800048828125
2024-10-09,293.739990234375
2024-10-10,297.7200012207031
2024-10-11,314.9200134277344
2024-10-14,321.57000732421875
2024-10-15,309.54998779296875
2024-10-16,303.8500061035156
2024-10-17,310.0
2024-10-18,310.3399963378906
2024-10-21,309.6600036621094
2024-10-22,309.0
2024-10-23,307.1400146484375
2024-10-24,302.1099853515625
2024-10-25,305.2200012207031
2024-10-28,301.1449890136719
2024-10-29,303.239990234375
2024-10-30,311.5
2024-10-31,306.1199951171875
2024-11-01,296.7900085449219
2024-11-04,300.5199890136719
2024-11-05,300.0
2024-11-06,317.1700134277344
2024-11-07,322.5
2024-11-08,330.54998779296875
2024-11-11,334.0
2024-11-12,339.80999755859375
2024-11-13,345.6000061035156
2024-11-14,347.8900146484375
2024-11-15,340.3999938964844
2024-11-18,339.9700012207031
2024-11-19,341.5400085449219
2024-11-20,357.30999755859375
2024-11-21,354.5
2024-11-22,359.67999267578125
2024-11-25,375.0
2024-11-26,363.0
2024-11-27,359.2200012207031
2024-11-29,349.5
2024-12-02,344.8999938964844
2024-12-03,345.0
2024-12-04,353.1000061035156
2024-12-05,361.20001220703125
2024-12-06,364.0
2024-12-09,365.6499938964844
2024-12-10,353.6000061035156
2024-12-11,348.19000244140625
2024-12-12,360.4700012207031
2024-12-13,366.0
2024-12-16,368.760009765625
2024-12-17,386.75
2024-12-18,376.4200134277344
2024-12-19,364.92999267578125
2024-12-20,347.0
2024-12-23,358.489990234375
2024-12-24,361.07000732421875
2024-12-26,365.75
2024-12-27,361.1499938964844
2024-12-30,347.6099853515625
2024-12-31,351.8599853515625
2025-01-02,346.5199890136719
2025-01-03,349.2300109863281
2025-01-06,362.5
2025-01-07,366.05999755859375
2025-01-08,356.1940002441406
2025-01-10,354.9100036621094
2025-01-13,342.864990234375
2025-01-14,344.9949951171875
2025-01-15,355.0
2025-01-16,366.260009765625
2025-01-17,370.1400146484375
2025-01-21,360.8699951171875
2025-01-22,368.760009765625
2025-01-23,376.80999755859375
2025-01-24,378.29998779296875
2025-01-27,366.5
2025-01-28,372.6700134277344
2025-01-29,404.3500061035156
2025-01-30,399.7300109863281
2025-01-31,398.3999938964844
2025-02-03,386.94500732421875
2025-02-04,396.5199890136719
2025-02-05,408.0
2025-02-06,415.5
2025-02-07,424.0
2025-02-10,424.7749938964844
2025-02-11,426.6499938964844
2025-02-12,425.20001220703125
2025-02-13,435.0
2025-02-14,449.4700012207031
2025-02-18,451.6700134277344
2025-02-19,455.3599853515625
2025-02-20,441.9200134277344
2025-02-21,428.8599853515625
2025-02-24,405.489990234375
2025-02-25,387.2699890136719
2025-02-26,384.69000244140625
2025-02-27,401.6400146484375
2025-02-28,379.0
2025-03-03,399.0
2025-03-04,376.9750061035156
2025-03-05,361.67999267578125
2025-03-06,356.5799865722656
2025-03-07,344.55999755859375
2025-03-10,322.6499938964844
2025-03-11,310.4100036621094
2025-03-12,343.5899963378906
2025-03-13,346.57000732421875
2025-03-14,338.510009765625
2025-03-17,353.0
2025-03-18,362.1000061035156
2025-03-19,366.2200012207031
2025-03-20,371.2799987792969
2025-03-21,358.9100036621094
2025-03-24,370.0
2025-03-25,378.0799865722656
2025-03-26,383.8949890136719
2025-03-27,368.7200012207031
2025-03-28,365.82000732421875
2025-03-31,345.7850036621094
2025-04-01,358.94000244140625
2025-04-02,353.1600036621094
2025-04-03,350.9419860839844
2025-04-04,328.0199890136719
