2017-04-27,30.25
2017-04-28,31.639999389648438
2017-05-01,32.400001525878906
2017-05-02,34.0
2017-05-03,33.45000076293945
2017-05-04,36.5
2017-05-05,37.209999084472656
2017-05-08,36.380001068115234
2017-05-09,35.68000030517578
2017-05-10,36.349998474121094
2017-05-11,36.84000015258789
2017-05-12,36.93000030517578
2017-05-15,37.619998931884766
2017-05-16,38.13999938964844
2017-05-17,36.7400016784668
2017-05-18,36.34000015258789
2017-05-19,37.439998626708984
2017-05-22,37.22999954223633
2017-05-23,36.45000076293945
2017-05-24,37.25
2017-05-25,37.349998474121094
2017-05-26,39.0
2017-05-30,41.18000030517578
2017-05-31,39.36000061035156
2017-06-01,38.560001373291016
2017-06-02,39.91999816894531
2017-06-05,40.189998626708984
2017-06-06,41.599998474121094
2017-06-07,40.52000045776367
2017-06-08,40.81999969482422
2017-06-09,41.02000045776367
2017-06-12,40.97999954223633
2017-06-13,39.72999954223633
2017-06-14,39.45000076293945
2017-06-15,40.709999084472656
2017-06-16,40.630001068115234
2017-06-19,41.310001373291016
2017-06-20,44.38999938964844
2017-06-21,44.599998474121094
2017-06-22,46.81999969482422
2017-06-23,44.68000030517578
2017-06-26,42.25
2017-06-27,43.779998779296875
2017-06-28,43.20000076293945
2017-06-29,41.93000030517578
2017-06-30,40.560001373291016
2017-07-03,39.29999923706055
2017-07-05,38.209999084472656
2017-07-06,37.88999938964844
2017-07-07,38.540000915527344
2017-07-10,39.5
2017-07-11,38.0
2017-07-12,38.25
2017-07-13,38.119998931884766
2017-07-14,38.279998779296875
2017-07-17,39.52000045776367
2017-07-18,37.29100036621094
2017-07-19,39.56999969482422
2017-07-20,40.099998474121094
2017-07-21,38.380001068115234
2017-07-24,38.150001525878906
2017-07-25,37.93000030517578
2017-07-26,38.779998779296875
2017-07-27,37.529998779296875
2017-07-28,36.529998779296875
2017-07-31,35.08000183105469
2017-08-01,35.15999984741211
2017-08-02,34.86000061035156
2017-08-03,33.45000076293945
2017-08-04,34.0
2017-08-07,34.709999084472656
2017-08-08,35.11000061035156
2017-08-09,34.709999084472656
2017-08-10,34.650001525878906
2017-08-11,34.4900016784668
2017-08-14,36.150001525878906
2017-08-15,35.619998931884766
2017-08-16,33.880001068115234
2017-08-17,34.09000015258789
2017-08-18,34.13999938964844
2017-08-21,33.22999954223633
2017-08-22,33.13999938964844
2017-08-23,33.5
2017-08-24,33.88999938964844
2017-08-25,34.29999923706055
2017-08-28,34.75
2017-08-29,35.22999954223633
2017-08-30,35.91999816894531
2017-08-31,35.220001220703125
2017-09-01,36.099998474121094
2017-09-05,36.099998474121094
2017-09-06,36.900001525878906
2017-09-07,39.099998474121094
2017-09-08,39.5
2017-09-11,39.779998779296875
2017-09-12,40.099998474121094
2017-09-13,40.0
2017-09-14,39.81999969482422
2017-09-15,38.779998779296875
2017-09-18,38.880001068115234
2017-09-19,38.189998626708984
2017-09-20,38.849998474121094
2017-09-21,39.40999984741211
2017-09-22,38.7599983215332
2017-09-25,39.689998626708984
2017-09-26,40.150001525878906
2017-09-27,39.459999084472656
2017-09-28,38.349998474121094
2017-09-29,38.529998779296875
2017-10-02,38.959999084472656
2017-10-03,37.970001220703125
2017-10-04,37.439998626708984
2017-10-05,37.52000045776367
2017-10-06,37.0
2017-10-09,37.18000030517578
2017-10-10,37.279998779296875
2017-10-11,37.029998779296875
2017-10-12,37.27000045776367
2017-10-13,37.130001068115234
2017-10-16,38.130001068115234
2017-10-17,37.90999984741211
2017-10-18,37.52000045776367
2017-10-19,38.0099983215332
2017-10-20,38.0
2017-10-23,37.90999984741211
2017-10-24,37.939998626708984
2017-10-25,39.189998626708984
2017-10-26,38.31999969482422
2017-10-27,38.029998779296875
2017-10-30,37.81999969482422
2017-10-31,37.9900016784668
2017-11-01,37.83000183105469
2017-11-02,39.0
2017-11-03,41.20000076293945
2017-11-06,39.810001373291016
2017-11-07,40.5
2017-11-08,40.13999938964844
2017-11-09,40.58000183105469
2017-11-10,40.599998474121094
2017-11-13,39.95000076293945
2017-11-14,38.130001068115234
2017-11-15,38.20000076293945
2017-11-16,36.7599983215332
2017-11-17,38.5099983215332
2017-11-20,38.5099983215332
2017-11-21,39.20000076293945
2017-11-22,39.650001525878906
2017-11-24,38.29999923706055
2017-11-27,38.560001373291016
2017-11-28,38.869998931884766
2017-11-29,38.93000030517578
2017-11-30,39.15999984741211
2017-12-01,40.369998931884766
2017-12-04,42.0
2017-12-05,43.90999984741211
2017-12-06,43.869998931884766
2017-12-07,42.79999923706055
2017-12-08,43.47999954223633
2017-12-11,45.040000915527344
2017-12-12,44.29999923706055
2017-12-13,43.61000061035156
2017-12-14,44.060001373291016
2017-12-15,43.9900016784668
2017-12-18,43.779998779296875
2017-12-19,43.79999923706055
2017-12-20,43.81999969482422
2017-12-21,44.150001525878906
2017-12-22,44.779998779296875
2017-12-26,44.689998626708984
2017-12-27,45.529998779296875
2017-12-28,49.0
2017-12-29,49.650001525878906
2018-01-02,48.790000915527344
2018-01-03,46.16999816894531
2018-01-04,44.79999923706055
2018-01-05,46.810001373291016
2018-01-08,47.13999938964844
2018-01-09,46.709999084472656
2018-01-10,46.08000183105469
2018-01-11,46.349998474121094
2018-01-12,47.0
2018-01-16,48.689998626708984
2018-01-17,47.880001068115234
2018-01-18,49.29999923706055
2018-01-19,49.86000061035156
2018-01-22,51.47999954223633
2018-01-23,50.709999084472656
2018-01-24,50.08000183105469
2018-01-25,50.0
2018-01-26,49.0
2018-01-29,49.310001373291016
2018-01-30,50.4900016784668
2018-01-31,49.09000015258789
2018-02-01,46.470001220703125
2018-02-02,47.0
2018-02-05,45.0
2018-02-06,43.34000015258789
2018-02-07,45.79999923706055
2018-02-08,46.38999938964844
2018-02-09,44.90999984741211
2018-02-12,45.2599983215332
2018-02-13,44.630001068115234
2018-02-14,44.08000183105469
2018-02-15,45.5
2018-02-16,45.38999938964844
2018-02-20,45.18000030517578
2018-02-21,45.86000061035156
2018-02-22,45.06999969482422
2018-02-23,45.83000183105469
2018-02-26,46.52000045776367
2018-02-27,46.31999969482422
2018-02-28,45.11000061035156
2018-03-01,43.25
2018-03-02,43.25
2018-03-05,43.810001373291016
2018-03-06,45.27000045776367
2018-03-07,45.54999923706055
2018-03-08,47.720001220703125
2018-03-09,47.4900016784668
2018-03-12,46.599998474121094
2018-03-13,46.369998931884766
2018-03-14,46.77000045776367
2018-03-15,47.310001373291016
2018-03-16,46.220001220703125
2018-03-19,46.689998626708984
2018-03-20,47.45000076293945
2018-03-21,49.900001525878906
2018-03-22,50.40999984741211
2018-03-23,51.31999969482422
2018-03-26,52.02000045776367
2018-03-27,51.959999084472656
2018-03-28,50.86000061035156
2018-03-29,50.20000076293945
2018-04-02,52.08000183105469
2018-04-03,51.849998474121094
2018-04-04,51.16999816894531
2018-04-05,56.52000045776367
2018-04-06,56.810001373291016
2018-04-09,55.939998626708984
2018-04-10,55.95000076293945
2018-04-11,54.22999954223633
2018-04-12,54.099998474121094
2018-04-13,54.599998474121094
2018-04-16,55.040000915527344
2018-04-17,54.84000015258789
2018-04-18,56.59000015258789
2018-04-19,56.2400016784668
2018-04-20,56.2599983215332
2018-04-23,56.72999954223633
2018-04-24,56.83000183105469
2018-04-25,54.0
2018-04-26,53.47999954223633
2018-04-27,55.15999984741211
2018-04-30,55.41999816894531
2018-05-01,55.29999923706055
2018-05-02,54.959999084472656
2018-05-03,49.869998931884766
2018-05-04,46.459999084472656
2018-05-07,47.02000045776367
2018-05-08,44.849998474121094
2018-05-09,46.040000915527344
2018-05-10,47.119998931884766
2018-05-11,46.650001525878906
2018-05-14,46.13999938964844
2018-05-15,45.65999984741211
2018-05-16,45.41999816894531
2018-05-17,45.25
2018-05-18,46.36000061035156
2018-05-21,47.11000061035156
2018-05-22,46.5
2018-05-23,45.34000015258789
2018-05-24,46.400001525878906
2018-05-25,48.15999984741211
2018-05-29,48.20000076293945
2018-05-30,48.209999084472656
2018-05-31,47.459999084472656
2018-06-01,47.04999923706055
2018-06-04,48.709999084472656
2018-06-05,49.41999816894531
2018-06-06,51.15999984741211
2018-06-07,52.75
2018-06-08,52.31999969482422
2018-06-11,53.40999984741211
2018-06-12,54.4900016784668
2018-06-13,54.7599983215332
2018-06-14,54.77000045776367
2018-06-15,54.83000183105469
2018-06-18,55.36000061035156
2018-06-19,54.689998626708984
2018-06-20,54.150001525878906
2018-06-21,51.790000915527344
2018-06-22,50.880001068115234
2018-06-25,50.13999938964844
2018-06-26,49.220001220703125
2018-06-27,50.130001068115234
2018-06-28,49.97999954223633
2018-06-29,49.880001068115234
2018-07-02,49.2599983215332
2018-07-03,49.66999816894531
2018-07-05,50.349998474121094
2018-07-06,50.599998474121094
2018-07-09,51.290000915527344
2018-07-10,51.52000045776367
2018-07-11,51.27000045776367
2018-07-12,48.81999969482422
2018-07-13,48.939998626708984
2018-07-16,48.47999954223633
2018-07-17,47.75
2018-07-18,48.95000076293945
2018-07-19,49.470001220703125
2018-07-20,50.65999984741211
2018-07-23,50.220001220703125
2018-07-24,50.40999984741211
2018-07-25,48.95000076293945
2018-07-26,48.91999816894531
2018-07-27,48.810001373291016
2018-07-30,47.56999969482422
2018-07-31,47.790000915527344
2018-08-01,47.349998474121094
2018-08-02,39.14500045776367
2018-08-03,39.505001068115234
2018-08-06,37.439998626708984
2018-08-07,36.939998626708984
2018-08-08,38.90999984741211
2018-08-09,37.560001373291016
2018-08-10,38.959999084472656
2018-08-13,37.81999969482422
2018-08-14,38.439998626708984
2018-08-15,37.349998474121094
2018-08-16,36.97999954223633
2018-08-17,37.900001525878906
2018-08-20,36.720001220703125
2018-08-21,37.52000045776367
2018-08-22,37.86000061035156
2018-08-23,37.400001525878906
2018-08-24,38.08000183105469
2018-08-27,37.79999923706055
2018-08-28,37.709999084472656
2018-08-29,37.400001525878906
2018-08-30,37.439998626708984
2018-08-31,36.869998931884766
2018-09-04,36.65999984741211
2018-09-05,37.13999938964844
2018-09-06,36.56999969482422
2018-09-07,34.61000061035156
2018-09-10,35.209999084472656
2018-09-11,35.81999969482422
2018-09-12,36.77000045776367
2018-09-13,36.88999938964844
2018-09-14,36.709999084472656
2018-09-17,34.5
2018-09-18,34.63999938964844
2018-09-19,34.869998931884766
2018-09-20,35.15999984741211
2018-09-21,35.58000183105469
2018-09-24,34.029998779296875
2018-09-25,33.9900016784668
2018-09-26,32.40999984741211
2018-09-27,31.81999969482422
2018-09-28,30.770000457763672
2018-10-01,30.399999618530273
2018-10-02,30.309999465942383
2018-10-03,28.850000381469727
2018-10-04,29.81999969482422
2018-10-05,28.700000762939453
2018-10-08,28.270000457763672
2018-10-09,28.729999542236328
2018-10-10,28.829999923706055
2018-10-11,27.6200008392334
2018-10-12,28.979999542236328
2018-10-15,27.350000381469727
2018-10-16,28.079999923706055
2018-10-17,27.709999084472656
2018-10-18,26.979999542236328
2018-10-19,26.8799991607666
2018-10-22,25.93000030517578
2018-10-23,25.670000076293945
2018-10-24,26.850000381469727
2018-10-25,26.510000228881836
2018-10-26,25.90999984741211
2018-10-29,25.56999969482422
2018-10-30,24.18000030517578
2018-10-31,25.670000076293945
2018-11-01,29.979999542236328
2018-11-02,32.630001068115234
2018-11-05,31.899999618530273
2018-11-06,31.59000015258789
2018-11-07,32.97999954223633
2018-11-08,32.77000045776367
2018-11-09,32.45000076293945
2018-11-12,31.579999923706055
2018-11-13,31.18000030517578
2018-11-14,32.27000045776367
2018-11-15,31.959999084472656
2018-11-16,33.099998474121094
2018-11-19,33.75
2018-11-20,31.540000915527344
2018-11-21,32.119998931884766
2018-11-23,32.540000915527344
2018-11-26,33.16999816894531
2018-11-27,33.060001373291016
2018-11-28,31.719999313354492
2018-11-29,33.5
2018-11-30,33.400001525878906
2018-12-03,34.220001220703125
2018-12-04,34.290000915527344
2018-12-06,31.469999313354492
2018-12-07,31.959999084472656
2018-12-10,30.06999969482422
2018-12-11,29.920000076293945
2018-12-12,29.739999771118164
2018-12-13,28.68000030517578
2018-12-14,26.979999542236328
2018-12-17,26.510000228881836
2018-12-18,26.399999618530273
2018-12-19,26.559999465942383
2018-12-20,25.3700008392334
2018-12-21,24.709999084472656
2018-12-24,24.0
2018-12-26,24.09000015258789
2018-12-27,25.479999542236328
2018-12-28,26.100000381469727
2018-12-31,26.31999969482422
2019-01-02,25.649999618530273
2019-01-03,25.969999313354492
2019-01-04,26.440000534057617
2019-01-07,27.719999313354492
2019-01-08,29.649999618530273
2019-01-09,30.040000915527344
2019-01-10,30.8799991607666
2019-01-11,31.010000228881836
2019-01-14,30.940000534057617
2019-01-15,30.610000610351562
2019-01-16,29.219999313354492
2019-01-17,29.100000381469727
2019-01-18,31.5
2019-01-22,31.170000076293945
2019-01-23,30.700000762939453
2019-01-24,31.110000610351562
2019-01-25,32.5
2019-01-28,32.880001068115234
2019-01-29,33.13999938964844
2019-01-30,33.16999816894531
2019-01-31,33.529998779296875
2019-02-01,32.83000183105469
2019-02-04,33.33000183105469
2019-02-05,33.75
2019-02-06,32.939998626708984
2019-02-07,32.619998931884766
2019-02-08,32.459999084472656
2019-02-11,31.309999465942383
2019-02-12,32.4900016784668
2019-02-13,33.959999084472656
2019-02-14,34.36000061035156
2019-02-15,35.0099983215332
2019-02-19,34.81999969482422
2019-02-20,35.25
2019-02-21,36.31999969482422
2019-02-22,37.310001373291016
2019-02-25,38.29999923706055
2019-02-26,37.209999084472656
2019-02-27,38.029998779296875
2019-02-28,37.599998474121094
2019-03-01,37.75
2019-03-04,38.959999084472656
2019-03-05,38.4900016784668
2019-03-06,38.790000915527344
2019-03-07,38.369998931884766
2019-03-08,37.970001220703125
2019-03-11,39.33000183105469
2019-03-12,40.0
2019-03-13,40.220001220703125
2019-03-14,39.7599983215332
2019-03-15,38.4900016784668
2019-03-18,38.810001373291016
2019-03-19,38.529998779296875
2019-03-20,38.529998779296875
2019-03-21,38.95000076293945
2019-03-22,40.720001220703125
2019-03-25,39.56999969482422
2019-03-26,40.33000183105469
2019-03-27,40.18000030517578
2019-03-28,40.810001373291016
2019-03-29,41.70000076293945
2019-04-01,41.56999969482422
2019-04-02,41.40999984741211
2019-04-03,41.58000183105469
2019-04-04,42.0099983215332
2019-04-05,42.66999816894531
2019-04-08,43.45000076293945
2019-04-09,44.529998779296875
2019-04-10,44.279998779296875
2019-04-11,45.2599983215332
2019-04-12,46.16999816894531
2019-04-15,45.349998474121094
2019-04-16,46.209999084472656
2019-04-17,46.91999816894531
2019-04-18,46.189998626708984
2019-04-22,46.33000183105469
2019-04-23,45.81999969482422
2019-04-24,47.86000061035156
2019-04-25,47.779998779296875
2019-04-26,47.869998931884766
2019-04-29,47.91999816894531
2019-04-30,47.25
2019-05-01,48.220001220703125
2019-05-02,47.2400016784668
2019-05-03,42.11000061035156
2019-05-06,42.720001220703125
2019-05-07,43.619998931884766
2019-05-08,42.540000915527344
2019-05-09,41.93000030517578
2019-05-10,41.95000076293945
2019-05-13,39.970001220703125
2019-05-14,39.11000061035156
2019-05-15,40.540000915527344
2019-05-16,42.43000030517578
2019-05-17,40.86000061035156
2019-05-20,40.189998626708984
2019-05-21,39.869998931884766
2019-05-22,40.0099983215332
2019-05-23,38.439998626708984
2019-05-24,37.349998474121094
2019-05-28,38.0
2019-05-29,36.0
2019-05-30,36.41999816894531
2019-05-31,36.040000915527344
2019-06-03,35.43000030517578
2019-06-04,36.540000915527344
2019-06-05,38.0
2019-06-06,37.75
2019-06-07,37.20000076293945
2019-06-10,36.90999984741211
2019-06-11,37.09000015258789
2019-06-12,36.220001220703125
2019-06-13,38.11000061035156
2019-06-14,38.08000183105469
2019-06-17,39.459999084472656
2019-06-18,40.209999084472656
2019-06-19,41.459999084472656
2019-06-20,42.20000076293945
2019-06-21,41.93000030517578
2019-06-24,41.33000183105469
2019-06-25,40.650001525878906
2019-06-26,39.08000183105469
2019-06-27,39.47999954223633
2019-06-28,40.52000045776367
2019-07-01,42.86000061035156
2019-07-02,42.2599983215332
2019-07-03,42.02000045776367
2019-07-05,41.66999816894531
2019-07-08,41.70000076293945
2019-07-09,42.2599983215332
2019-07-10,42.54999923706055
2019-07-11,42.84000015258789
2019-07-12,42.66999816894531
2019-07-15,43.619998931884766
2019-07-16,41.790000915527344
2019-07-17,42.02000045776367
2019-07-18,41.25
2019-07-19,40.119998931884766
2019-07-22,39.630001068115234
2019-07-23,39.93000030517578
2019-07-24,38.93000030517578
2019-07-25,39.22999954223633
2019-07-26,39.459999084472656
2019-07-29,38.790000915527344
2019-07-30,39.599998474121094
2019-07-31,39.900001525878906
2019-08-01,39.400001525878906
2019-08-02,40.720001220703125
2019-08-05,42.11000061035156
2019-08-06,42.970001220703125
2019-08-07,41.599998474121094
2019-08-08,42.099998474121094
2019-08-09,42.36000061035156
2019-08-12,41.91999816894531
2019-08-13,43.08000183105469
2019-08-14,44.599998474121094
2019-08-15,43.310001373291016
2019-08-16,43.11000061035156
2019-08-19,44.45000076293945
2019-08-20,45.41999816894531
2019-08-21,46.279998779296875
2019-08-22,48.86000061035156
2019-08-23,48.439998626708984
2019-08-26,47.400001525878906
2019-08-27,48.18000030517578
2019-08-28,46.150001525878906
2019-08-29,47.56999969482422
2019-08-30,48.380001068115234
2019-09-03,48.59000015258789
2019-09-04,48.29999923706055
2019-09-05,48.209999084472656
2019-09-06,49.540000915527344
2019-09-09,49.09000015258789
2019-09-10,47.72999954223633
2019-09-11,48.86000061035156
2019-09-12,48.75
2019-09-13,49.540000915527344
2019-09-16,48.540000915527344
2019-09-17,49.20000076293945
2019-09-18,48.90999984741211
2019-09-19,48.689998626708984
2019-09-20,49.150001525878906
2019-09-23,48.77000045776367
2019-09-24,49.900001525878906
2019-09-25,50.83000183105469
2019-09-26,51.29999923706055
2019-09-27,51.630001068115234
2019-09-30,50.790000915527344
2019-10-01,51.290000915527344
2019-10-02,49.06999969482422
2019-10-03,47.029998779296875
2019-10-04,47.84000015258789
2019-10-07,47.61000061035156
2019-10-08,47.63999938964844
2019-10-09,47.540000915527344
2019-10-10,47.27000045776367
2019-10-11,49.0
2019-10-14,49.06999969482422
2019-10-15,48.310001373291016
2019-10-16,46.58000183105469
2019-10-17,46.119998931884766
2019-10-18,45.189998626708984
2019-10-21,44.849998474121094
2019-10-22,44.63999938964844
2019-10-23,44.75
2019-10-24,45.130001068115234
2019-10-25,44.93000030517578
2019-10-28,45.650001525878906
2019-10-29,46.25
2019-10-30,46.709999084472656
2019-10-31,46.88999938964844
2019-11-01,40.0099983215332
2019-11-04,46.25
2019-11-05,44.529998779296875
2019-11-06,43.810001373291016
2019-11-07,43.47999954223633
2019-11-08,42.709999084472656
2019-11-11,42.31999969482422
2019-11-12,43.61000061035156
2019-11-13,44.060001373291016
2019-11-14,43.709999084472656
2019-11-15,44.900001525878906
2019-11-18,44.70000076293945
2019-11-19,44.41999816894531
2019-11-20,43.880001068115234
2019-11-21,44.040000915527344
2019-11-22,43.68000030517578
2019-11-25,44.900001525878906
2019-11-26,46.689998626708984
2019-11-27,47.310001373291016
2019-11-29,48.040000915527344
2019-12-02,48.029998779296875
2019-12-03,45.97999954223633
2019-12-04,46.27000045776367
2019-12-05,47.7599983215332
2019-12-06,47.529998779296875
2019-12-09,48.09000015258789
2019-12-10,47.04999923706055
2019-12-11,47.18000030517578
2019-12-12,49.04999923706055
2019-12-13,50.119998931884766
2019-12-16,50.72999954223633
2019-12-17,50.68000030517578
2019-12-18,49.470001220703125
2019-12-19,50.400001525878906
2019-12-20,50.5099983215332
2019-12-23,51.16999816894531
2019-12-24,49.9900016784668
2019-12-26,50.560001373291016
2019-12-27,50.31999969482422
2019-12-30,50.459999084472656
2019-12-31,49.970001220703125
2020-01-02,51.0
2020-01-03,49.77000045776367
2020-01-06,50.0
2020-01-07,51.47999954223633
2020-01-08,49.459999084472656
2020-01-09,50.790000915527344
2020-01-10,50.11000061035156
2020-01-13,47.529998779296875
2020-01-14,46.97999954223633
2020-01-15,47.209999084472656
2020-01-16,48.459999084472656
2020-01-17,49.0
2020-01-21,48.13999938964844
2020-01-22,48.47999954223633
2020-01-23,49.060001373291016
2020-01-24,50.029998779296875
2020-01-27,47.540000915527344
2020-01-28,48.220001220703125
2020-01-29,49.779998779296875
2020-01-30,50.18000030517578
2020-01-31,50.970001220703125
2020-02-03,49.65999984741211
2020-02-04,51.22999954223633
2020-02-05,52.97999954223633
2020-02-06,51.939998626708984
2020-02-07,50.09000015258789
2020-02-10,49.66999816894531
2020-02-11,49.880001068115234
2020-02-12,50.880001068115234
2020-02-13,52.61000061035156
2020-02-14,53.09000015258789
2020-02-18,53.08000183105469
2020-02-19,53.58000183105469
2020-02-20,53.4900016784668
2020-02-21,59.189998626708984
2020-02-24,54.31999969482422
2020-02-25,58.13999938964844
2020-02-26,57.209999084472656
2020-02-27,54.099998474121094
2020-02-28,51.61000061035156
2020-03-02,51.58000183105469
2020-03-03,52.90999984741211
2020-03-04,52.79999923706055
2020-03-05,53.150001525878906
2020-03-06,50.91999816894531
2020-03-09,48.0
2020-03-10,47.400001525878906
2020-03-11,46.18000030517578
2020-03-12,40.95000076293945
2020-03-13,40.91999816894531
2020-03-16,33.310001373291016
2020-03-17,30.440000534057617
2020-03-18,28.889999389648438
2020-03-19,26.65999984741211
2020-03-20,29.3799991607666
2020-03-23,28.350000381469727
2020-03-24,30.899999618530273
2020-03-25,32.0
2020-03-26,34.209999084472656
2020-03-27,33.97999954223633
2020-03-30,32.779998779296875
2020-03-31,33.38999938964844
2020-04-01,30.049999237060547
2020-04-02,28.059999465942383
2020-04-03,28.100000381469727
2020-04-06,28.649999618530273
2020-04-07,32.56999969482422
2020-04-08,32.220001220703125
2020-04-09,35.209999084472656
2020-04-13,36.540000915527344
2020-04-14,35.689998626708984
2020-04-15,35.619998931884766
2020-04-16,34.209999084472656
2020-04-17,34.65999984741211
2020-04-20,35.939998626708984
2020-04-21,34.27000045776367
2020-04-22,34.4900016784668
2020-04-23,34.540000915527344
2020-04-24,36.11000061035156
2020-04-27,36.939998626708984
2020-04-28,39.459999084472656
2020-04-29,41.29999923706055
2020-04-30,42.220001220703125
2020-05-01,41.68000030517578
2020-05-04,40.02000045776367
2020-05-05,40.58000183105469
2020-05-06,42.88999938964844
2020-05-07,43.209999084472656
2020-05-08,42.08000183105469
2020-05-11,42.4900016784668
2020-05-12,44.86000061035156
2020-05-13,43.540000915527344
2020-05-14,41.0099983215332
2020-05-15,42.459999084472656
2020-05-18,46.5
2020-05-19,46.970001220703125
2020-05-20,44.290000915527344
2020-05-21,46.83000183105469
2020-05-22,48.849998474121094
2020-05-26,50.25
2020-05-27,52.84000015258789
2020-05-28,54.0
2020-05-29,51.36000061035156
2020-06-01,52.79999923706055
2020-06-02,51.83000183105469
2020-06-03,53.58000183105469
2020-06-04,54.939998626708984
2020-06-05,56.88999938964844
2020-06-08,56.45000076293945
2020-06-09,55.11000061035156
2020-06-10,57.13999938964844
2020-06-11,54.189998626708984
2020-06-12,53.52000045776367
2020-06-15,50.54999923706055
2020-06-16,55.88999938964844
2020-06-17,58.0
2020-06-18,56.880001068115234
2020-06-19,58.849998474121094
2020-06-22,56.189998626708984
2020-06-23,58.4900016784668
2020-06-24,57.7400016784668
2020-06-25,55.31999969482422
2020-06-26,55.86000061035156
2020-06-29,54.95000076293945
2020-06-30,56.900001525878906
2020-07-01,58.04999923706055
2020-07-02,58.849998474121094
2020-07-06,58.90999984741211
2020-07-07,58.150001525878906
2020-07-08,58.65999984741211
2020-07-09,58.900001525878906
2020-07-10,58.2599983215332
2020-07-13,60.70000076293945
2020-07-14,57.599998474121094
2020-07-15,61.400001525878906
2020-07-16,61.22999954223633
2020-07-17,61.40999984741211
2020-07-20,61.0099983215332
2020-07-21,62.5
2020-07-22,64.38999938964844
2020-07-23,66.9000015258789
2020-07-24,66.12999725341797
2020-07-27,68.29000091552734
2020-07-28,71.55000305175781
2020-07-29,68.56999969482422
2020-07-30,69.97000122070312
2020-07-31,69.93000030517578
2020-08-03,66.5
2020-08-04,68.44999694824219
2020-08-05,68.43000030517578
2020-08-06,68.68000030517578
2020-08-07,68.19999694824219
2020-08-10,68.05999755859375
2020-08-11,67.94999694824219
2020-08-12,67.1500015258789
2020-08-13,66.86000061035156
2020-08-14,68.8499984741211
2020-08-17,70.0
2020-08-18,71.58999633789062
2020-08-19,71.0
2020-08-20,71.12000274658203
2020-08-21,70.98999786376953
2020-08-24,73.18000030517578
2020-08-25,73.37000274658203
2020-08-26,72.94999694824219
2020-08-27,73.91000366210938
2020-08-28,72.91000366210938
2020-08-31,73.5999984741211
2020-09-01,73.20999908447266
2020-09-02,76.23999786376953
2020-09-03,75.06999969482422
2020-09-04,72.12999725341797
2020-09-08,68.62000274658203
2020-09-09,71.11000061035156
2020-09-10,72.7300033569336
2020-09-11,73.11000061035156
2020-09-14,72.3499984741211
2020-09-15,75.0
2020-09-16,76.0
2020-09-17,74.54000091552734
2020-09-18,74.8499984741211
2020-09-21,71.51000213623047
2020-09-22,72.7699966430664
2020-09-23,74.5
2020-09-24,72.26000213623047
2020-09-25,71.16999816894531
2020-09-28,73.33999633789062
2020-09-29,74.37999725341797
2020-09-30,74.12999725341797
2020-10-01,75.7699966430664
2020-10-02,74.66999816894531
2020-10-05,76.0199966430664
2020-10-06,74.79000091552734
2020-10-07,74.5199966430664
2020-10-08,77.05000305175781
2020-10-09,79.80000305175781
2020-10-12,81.0199966430664
2020-10-13,80.19999694824219
2020-10-14,83.31999969482422
2020-10-15,82.83999633789062
2020-10-16,84.97000122070312
2020-10-19,85.41999816894531
2020-10-20,82.87000274658203
2020-10-21,82.30999755859375
2020-10-22,80.55999755859375
2020-10-23,79.88999938964844
2020-10-26,79.94000244140625
2020-10-27,78.98999786376953
2020-10-28,77.16000366210938
2020-10-29,78.55000305175781
2020-10-30,76.16999816894531
2020-11-02,74.41999816894531
2020-11-03,76.08999633789062
2020-11-04,78.69000244140625
2020-11-05,83.98999786376953
2020-11-06,81.5999984741211
2020-11-09,80.22000122070312
2020-11-10,71.87000274658203
2020-11-11,74.3499984741211
2020-11-12,77.54000091552734
2020-11-13,77.5
2020-11-16,75.79000091552734
2020-11-17,75.01000213623047
2020-11-18,76.2699966430664
2020-11-19,76.6500015258789
2020-11-20,78.72000122070312
2020-11-23,80.5
2020-11-24,85.51000213623047
2020-11-25,83.87999725341797
2020-11-27,82.4000015258789
2020-11-30,81.87000274658203
2020-12-01,80.48999786376953
2020-12-02,80.66000366210938
2020-12-03,80.69999694824219
2020-12-04,84.0
2020-12-07,83.75
2020-12-08,84.58000183105469
2020-12-09,89.38999938964844
2020-12-10,90.4000015258789
2020-12-11,90.1500015258789
2020-12-14,91.41000366210938
2020-12-15,88.7300033569336
2020-12-16,95.66999816894531
2020-12-17,96.9000015258789
2020-12-18,98.58999633789062
2020-12-21,99.04000091552734
2020-12-22,99.16000366210938
2020-12-23,101.19000244140625
2020-12-24,99.22000122070312
2020-12-28,100.93000030517578
2020-12-29,96.0199966430664
2020-12-30,94.87000274658203
2020-12-31,93.62000274658203
2021-01-04,93.05000305175781
2021-01-05,91.81999969482422
2021-01-06,95.27999877929688
2021-01-07,99.01000213623047
2021-01-08,100.11000061035156
2021-01-11,99.88999938964844
2021-01-12,102.06999969482422
2021-01-13,103.7300033569336
2021-01-14,104.5199966430664
2021-01-15,104.29000091552734
2021-01-19,103.01000213623047
2021-01-20,98.48999786376953
2021-01-21,99.98999786376953
2021-01-22,102.3499984741211
2021-01-25,101.6500015258789
2021-01-26,99.37999725341797
2021-01-27,94.08000183105469
2021-01-28,93.38999938964844
2021-01-29,93.44999694824219
2021-02-01,92.6500015258789
2021-02-02,95.56999969482422
2021-02-03,98.87000274658203
2021-02-04,98.58999633789062
2021-02-05,101.58000183105469
2021-02-08,104.0
2021-02-09,104.62000274658203
2021-02-10,104.1500015258789
2021-02-11,100.0
2021-02-12,102.63999938964844
2021-02-16,104.0199966430664
2021-02-17,102.08000183105469
2021-02-18,100.83000183105469
2021-02-19,100.11000061035156
2021-02-22,100.97000122070312
2021-02-23,96.54000091552734
2021-02-24,97.6500015258789
2021-02-25,96.68000030517578
2021-02-26,96.0199966430664
2021-03-01,95.93000030517578
2021-03-02,95.9800033569336
2021-03-03,92.08999633789062
2021-03-04,87.9000015258789
2021-03-05,87.41999816894531
2021-03-08,89.26000213623047
2021-03-09,93.48999786376953
2021-03-10,91.30000305175781
2021-03-11,92.69000244140625
2021-03-12,93.91999816894531
2021-03-15,94.62000274658203
2021-03-16,100.73999786376953
2021-03-17,97.27999877929688
2021-03-18,98.2699966430664
2021-03-19,93.19000244140625
2021-03-22,100.25
2021-03-23,98.69000244140625
2021-03-24,96.36000061035156
2021-03-25,91.87999725341797
2021-03-26,96.18000030517578
2021-03-29,97.77999877929688
2021-03-30,92.45999908447266
2021-03-31,96.91000366210938
2021-04-01,97.12000274658203
2021-04-05,99.63999938964844
2021-04-06,98.94999694824219
2021-04-07,101.11000061035156
2021-04-08,102.44999694824219
2021-04-09,104.0
2021-04-12,109.58000183105469
2021-04-13,113.18000030517578
2021-04-14,109.20999908447266
2021-04-15,106.43000030517578
2021-04-16,108.44000244140625
2021-04-19,112.56999969482422
2021-04-20,112.0
2021-04-21,108.61000061035156
2021-04-22,112.01000213623047
2021-04-23,112.43000030517578
2021-04-26,114.5
2021-04-27,113.51000213623047
2021-04-28,115.08000183105469
2021-04-29,116.4800033569336
2021-04-30,113.55999755859375
2021-05-03,112.0999984741211
2021-05-04,111.94000244140625
2021-05-05,113.06999969482422
2021-05-06,112.33999633789062
2021-05-07,113.86000061035156
2021-05-10,111.87000274658203
2021-05-11,108.0
2021-05-12,104.75
2021-05-13,102.3499984741211
2021-05-14,102.9000015258789
2021-05-17,103.93000030517578
2021-05-18,101.72000122070312
2021-05-19,99.0999984741211
2021-05-20,98.12000274658203
2021-05-21,100.23999786376953
2021-05-24,98.20999908447266
2021-05-25,98.0999984741211
2021-05-26,99.52999877929688
2021-05-27,100.08000183105469
2021-05-28,101.16000366210938
2021-06-01,99.0
2021-06-02,98.30999755859375
2021-06-03,95.83000183105469
2021-06-04,97.5999984741211
2021-06-07,96.5999984741211
2021-06-08,97.08000183105469
2021-06-09,99.88999938964844
2021-06-10,99.5
2021-06-11,97.0999984741211
2021-06-14,98.06999969482422
2021-06-15,96.04000091552734
2021-06-16,95.4000015258789
2021-06-17,95.30000305175781
2021-06-18,93.54000091552734
2021-06-21,94.73999786376953
2021-06-22,97.93000030517578
2021-06-23,98.5
2021-06-24,100.83000183105469
2021-06-25,102.73999786376953
2021-06-28,104.62999725341797
2021-06-29,105.0999984741211
2021-06-30,106.37999725341797
2021-07-01,105.29000091552734
2021-07-02,106.08999633789062
2021-07-06,105.94999694824219
2021-07-07,107.3499984741211
2021-07-08,105.87000274658203
2021-07-09,106.08000183105469
2021-07-12,107.93000030517578
2021-07-13,108.31999969482422
2021-07-14,107.94999694824219
2021-07-15,105.91000366210938
2021-07-16,106.93000030517578
2021-07-19,102.6500015258789
2021-07-20,104.63999938964844
2021-07-21,109.6500015258789
2021-07-22,114.37000274658203
2021-07-23,118.55999755859375
2021-07-26,120.19000244140625
2021-07-27,119.4800033569336
2021-07-28,119.44000244140625
2021-07-29,120.3499984741211
2021-07-30,121.51000213623047
2021-08-02,122.83000183105469
2021-08-03,122.69999694824219
2021-08-04,123.94999694824219
2021-08-05,126.19999694824219
2021-08-06,122.9000015258789
2021-08-09,119.76000213623047
2021-08-10,120.63999938964844
2021-08-11,120.94999694824219
2021-08-12,120.83999633789062
2021-08-13,116.94000244140625
2021-08-16,115.88999938964844
2021-08-17,115.83999633789062
2021-08-18,113.16999816894531
2021-08-19,113.66999816894531
2021-08-20,114.83999633789062
2021-08-23,117.97000122070312
2021-08-24,117.25
2021-08-25,118.86000061035156
2021-08-26,119.11000061035156
2021-08-27,117.0
2021-08-30,120.12000274658203
2021-08-31,122.07499694824219
2021-09-01,124.25
2021-09-02,125.94000244140625
2021-09-03,124.76000213623047
2021-09-07,126.1500015258789
2021-09-08,125.61000061035156
2021-09-09,122.79000091552734
2021-09-10,126.0199966430664
2021-09-13,129.0
2021-09-14,126.22000122070312
2021-09-15,127.77999877929688
2021-09-16,128.17999267578125
2021-09-17,130.5800018310547
2021-09-20,125.62000274658203
2021-09-21,127.26000213623047
2021-09-22,127.93000030517578
2021-09-23,131.4499969482422
2021-09-24,129.9600067138672
2021-09-27,130.0
2021-09-28,128.5
2021-09-29,125.02999877929688
2021-09-30,125.22000122070312
2021-10-01,121.6500015258789
2021-10-04,118.05000305175781
2021-10-05,116.37000274658203
2021-10-06,114.20999908447266
2021-10-07,119.38999938964844
2021-10-08,120.94999694824219
2021-10-11,117.80999755859375
2021-10-12,119.25
2021-10-13,119.76000213623047
2021-10-14,119.72000122070312
2021-10-15,124.02999877929688
2021-10-18,121.36000061035156
2021-10-19,125.7699966430664
2021-10-20,128.2100067138672
2021-10-21,128.1699981689453
2021-10-22,135.38999938964844
2021-10-25,136.08999633789062
2021-10-26,136.89999389648438
2021-10-27,134.0500030517578
2021-10-28,133.91000366210938
2021-10-29,135.17999267578125
2021-11-01,136.89999389648438
2021-11-02,140.2050018310547
2021-11-03,141.36000061035156
2021-11-04,140.41000366210938
2021-11-05,129.27999877929688
2021-11-08,133.4199981689453
2021-11-09,134.77999877929688
2021-11-10,133.0500030517578
2021-11-11,129.63999938964844
2021-11-12,130.0
2021-11-15,132.16000366210938
2021-11-16,137.33999633789062
2021-11-17,138.10000610351562
2021-11-18,136.8699951171875
2021-11-19,132.8800048828125
2021-11-22,132.92999267578125
2021-11-23,129.91000366210938
2021-11-24,129.0
2021-11-26,127.48999786376953
2021-11-29,133.91000366210938
2021-11-30,130.0500030517578
2021-12-01,130.38999938964844
2021-12-02,126.95999908447266
2021-12-03,131.61000061035156
2021-12-06,129.32000732421875
2021-12-07,130.22999572753906
2021-12-08,131.88999938964844
2021-12-09,131.50999450683594
2021-12-10,127.54000091552734
2021-12-13,126.45999908447266
2021-12-14,123.88999938964844
2021-12-15,121.58999633789062
2021-12-16,126.05000305175781
2021-12-17,120.76000213623047
2021-12-20,119.72000122070312
2021-12-21,121.87999725341797
2021-12-22,125.93000030517578
2021-12-23,128.9499969482422
2021-12-27,130.0
2021-12-28,131.5
2021-12-29,129.85000610351562
2021-12-30,130.88999938964844
2021-12-31,130.1300048828125
2022-01-03,130.07000732421875
2022-01-04,130.11000061035156
2022-01-05,125.0
2022-01-06,118.0
2022-01-07,116.47000122070312
2022-01-10,112.12000274658203
2022-01-11,112.44000244140625
2022-01-12,115.23999786376953
2022-01-13,113.19999694824219
2022-01-14,109.30999755859375
2022-01-18,103.33999633789062
2022-01-19,104.02999877929688
2022-01-20,103.80000305175781
2022-01-21,99.80000305175781
2022-01-24,94.73500061035156
2022-01-25,103.2699966430664
2022-01-26,104.75
2022-01-27,102.13999938964844
2022-01-28,99.37999725341797
2022-01-31,103.62999725341797
2022-02-01,109.54000091552734
2022-02-02,111.08000183105469
2022-02-03,105.16999816894531
2022-02-04,103.9800033569336
2022-02-07,103.26000213623047
2022-02-08,104.04000091552734
2022-02-09,109.06999969482422
2022-02-10,109.31999969482422
2022-02-11,108.75
2022-02-14,106.37999725341797
2022-02-15,106.5
2022-02-16,107.87999725341797
2022-02-17,104.91000366210938
2022-02-18,100.48999786376953
2022-02-22,97.0999984741211
2022-02-23,95.12999725341797
2022-02-24,86.19999694824219
2022-02-25,98.88999938964844
2022-02-28,96.93000030517578
2022-03-01,95.31999969482422
2022-03-02,95.37999725341797
2022-03-03,99.05000305175781
2022-03-04,94.22000122070312
2022-03-07,93.0199966430664
2022-03-08,84.04000091552734
2022-03-09,88.5199966430664
2022-03-10,87.2300033569336
2022-03-11,92.37999725341797
2022-03-14,91.75
2022-03-15,92.12999725341797
2022-03-16,98.69999694824219
2022-03-17,98.23999786376953
2022-03-18,100.52999877929688
2022-03-21,103.88999938964844
2022-03-22,99.2699966430664
2022-03-23,97.2300033569336
2022-03-24,93.73999786376953
2022-03-25,92.08000183105469
2022-03-28,87.88999938964844
2022-03-29,91.81999969482422
2022-03-30,92.27999877929688
2022-03-31,87.19000244140625
2022-04-01,81.63999938964844
2022-04-04,79.80000305175781
2022-04-05,84.54000091552734
2022-04-06,81.44999694824219
2022-04-07,80.55999755859375
2022-04-08,81.16999816894531
2022-04-11,80.37000274658203
2022-04-12,84.55999755859375
2022-04-13,81.9800033569336
2022-04-14,84.72000122070312
2022-04-18,82.80000305175781
2022-04-19,80.58000183105469
2022-04-20,87.0
2022-04-21,88.5999984741211
2022-04-22,83.80999755859375
2022-04-25,79.41999816894531
2022-04-26,79.63999938964844
2022-04-27,81.51000213623047
2022-04-28,83.02999877929688
2022-04-29,83.83000183105469
2022-05-02,78.83999633789062
2022-05-03,83.56999969482422
2022-05-04,83.36000061035156
2022-05-05,84.93000030517578
2022-05-06,80.0
2022-05-09,72.9000015258789
2022-05-10,73.55999755859375
2022-05-11,72.44000244140625
2022-05-12,66.70999908447266
2022-05-13,71.73999786376953
2022-05-16,70.91000366210938
2022-05-17,72.37999725341797
2022-05-18,70.0
2022-05-19,68.01000213623047
2022-05-20,69.41000366210938
2022-05-23,68.83000183105469
2022-05-24,68.11000061035156
2022-05-25,66.1500015258789
2022-05-26,72.8499984741211
2022-05-27,75.7699966430664
2022-05-31,76.88999938964844
2022-06-01,75.61000061035156
2022-06-02,75.5
2022-06-03,76.6500015258789
2022-06-06,77.80000305175781
2022-06-07,74.58999633789062
2022-06-08,74.79000091552734
2022-06-09,74.56999969482422
2022-06-10,73.4800033569336
2022-06-13,68.55999755859375
2022-06-14,66.79000091552734
2022-06-15,67.0
2022-06-16,64.41999816894531
2022-06-17,61.5099983215332
2022-06-21,65.44000244140625
2022-06-22,63.599998474121094
2022-06-23,64.12000274658203
2022-06-24,69.8499984741211
2022-06-27,71.77999877929688
2022-06-28,73.43000030517578
2022-06-29,67.7300033569336
2022-06-30,64.45999908447266
2022-07-01,63.150001525878906
2022-07-05,63.84000015258789
2022-07-06,71.6500015258789
2022-07-07,69.75
2022-07-08,71.73999786376953
2022-07-11,71.18000030517578
2022-07-12,71.86000061035156
2022-07-13,71.5
2022-07-14,72.91000366210938
2022-07-15,74.12000274658203
2022-07-18,74.73999786376953
2022-07-19,75.08999633789062
2022-07-20,76.25
2022-07-21,76.91000366210938
2022-07-22,78.12000274658203
2022-07-25,76.93000030517578
2022-07-26,72.80999755859375
2022-07-27,71.62000274658203
2022-07-28,73.95999908447266
2022-07-29,77.18000030517578
2022-08-01,80.2699966430664
2022-08-02,79.75
2022-08-03,81.75
2022-08-04,83.69000244140625
2022-08-05,84.87000274658203
2022-08-08,92.56999969482422
2022-08-09,91.54000091552734
2022-08-10,89.2699966430664
2022-08-11,92.05000305175781
2022-08-12,89.88999938964844
2022-08-15,93.45999908447266
2022-08-16,94.56999969482422
2022-08-17,97.13999938964844
2022-08-18,95.45999908447266
2022-08-19,93.7699966430664
2022-08-22,89.95999908447266
2022-08-23,87.81999969482422
2022-08-24,88.7300033569336
2022-08-25,89.54000091552734
2022-08-26,89.66999816894531
2022-08-29,83.6500015258789
2022-08-30,84.81999969482422
2022-08-31,83.66999816894531
2022-09-01,80.6500015258789
2022-09-02,82.9800033569336
2022-09-06,80.33000183105469
2022-09-07,77.19999694824219
2022-09-08,80.37000274658203
2022-09-09,82.13999938964844
2022-09-12,85.30999755859375
2022-09-13,82.55999755859375
2022-09-14,81.3499984741211
2022-09-15,81.08999633789062
2022-09-16,78.75
2022-09-19,79.12000274658203
2022-09-20,77.94000244140625
2022-09-21,75.86000061035156
2022-09-22,72.66000366210938
2022-09-23,68.0999984741211
2022-09-26,70.0999984741211
2022-09-27,71.62000274658203
2022-09-28,72.3499984741211
2022-09-29,74.36000061035156
2022-09-30,70.66000366210938
2022-10-03,70.8499984741211
2022-10-04,75.0
2022-10-05,72.5199966430664
2022-10-06,74.04000091552734
2022-10-07,72.06999969482422
2022-10-10,70.20999908447266
2022-10-11,70.29000091552734
2022-10-12,70.05999755859375
2022-10-13,68.2699966430664
2022-10-14,71.31999969482422
2022-10-17,69.04000091552734
2022-10-18,72.83000183105469
2022-10-19,69.20999908447266
2022-10-20,66.16999816894531
2022-10-21,64.69000244140625
2022-10-24,67.44000244140625
2022-10-25,70.0
2022-10-26,74.0
2022-10-27,73.76000213623047
2022-10-28,70.81999969482422
2022-10-31,73.7699966430664
2022-11-01,75.47000122070312
2022-11-02,70.55999755859375
2022-11-03,64.11000061035156
2022-11-04,68.94000244140625
2022-11-07,69.8499984741211
2022-11-08,72.20999908447266
2022-11-09,69.95999908447266
2022-11-10,73.87999725341797
2022-11-11,79.27999877929688
2022-11-14,81.54000091552734
2022-11-15,78.69999694824219
2022-11-16,77.45999908447266
2022-11-17,75.66999816894531
2022-11-18,76.52999877929688
2022-11-21,72.5
2022-11-22,74.54000091552734
2022-11-23,75.58999633789062
2022-11-25,73.66000366210938
2022-11-28,73.2300033569336
2022-11-29,70.38999938964844
2022-11-30,71.44999694824219
2022-12-01,75.8499984741211
2022-12-02,75.55000305175781
2022-12-05,75.36000061035156
2022-12-06,75.9800033569336
2022-12-07,72.12999725341797
2022-12-08,74.18000030517578
2022-12-09,74.83000183105469
2022-12-12,76.55000305175781
2022-12-13,81.01000213623047
2022-12-14,78.25
2022-12-15,77.47000122070312
2022-12-16,76.19000244140625
2022-12-19,74.88999938964844
2022-12-20,69.58000183105469
2022-12-21,72.4000015258789
2022-12-22,71.0
2022-12-23,71.0
2022-12-27,70.9800033569336
2022-12-28,69.79000091552734
2022-12-29,69.0
2022-12-30,69.41000366210938
2023-01-03,71.36000061035156
2023-01-04,74.0
2023-01-05,73.91999816894531
2023-01-06,75.76000213623047
2023-01-09,78.0999984741211
2023-01-10,78.8499984741211
2023-01-11,81.73999786376953
2023-01-12,85.38999938964844
2023-01-13,85.13999938964844
2023-01-17,84.12000274658203
2023-01-18,85.5
2023-01-19,83.41999816894531
2023-01-20,79.79000091552734
2023-01-23,83.95999908447266
2023-01-24,87.0
2023-01-25,85.31999969482422
2023-01-26,89.37999725341797
2023-01-27,83.3499984741211
2023-01-30,85.66000366210938
2023-01-31,85.6500015258789
2023-02-01,90.80000305175781
2023-02-02,97.0
2023-02-03,96.5199966430664
2023-02-06,97.80000305175781
2023-02-07,98.5199966430664
2023-02-08,99.20999908447266
2023-02-09,100.55000305175781
2023-02-10,97.01000213623047
2023-02-13,94.43000030517578
2023-02-14,96.62000274658203
2023-02-15,98.9000015258789
2023-02-16,94.97000122070312
2023-02-17,96.18000030517578
2023-02-21,92.44999694824219
2023-02-22,88.83999633789062
2023-02-23,89.33000183105469
2023-02-24,94.98999786376953
2023-02-27,92.7699966430664
2023-02-28,90.43000030517578
2023-03-01,91.33999633789062
2023-03-02,86.72000122070312
2023-03-03,89.16000366210938
2023-03-06,91.54000091552734
2023-03-07,89.66999816894531
2023-03-08,88.11000061035156
2023-03-09,88.56999969482422
2023-03-10,85.8499984741211
2023-03-13,85.41000366210938
2023-03-14,90.4800033569336
2023-03-15,87.27999877929688
2023-03-16,88.2300033569336
2023-03-17,90.72000122070312
2023-03-20,91.81999969482422
2023-03-21,93.48999786376953
2023-03-22,93.9800033569336
2023-03-23,93.19999694824219
2023-03-24,91.0
2023-03-27,93.41000366210938
2023-03-28,91.94999694824219
2023-03-29,94.20999908447266
2023-03-30,95.44000244140625
2023-03-31,95.30000305175781
2023-04-03,97.62000274658203
2023-04-04,99.37000274658203
2023-04-05,97.16000366210938
2023-04-06,92.58000183105469
2023-04-10,91.77999877929688
2023-04-11,98.55000305175781
2023-04-12,99.55000305175781
2023-04-13,96.94999694824219
2023-04-14,98.26000213623047
2023-04-17,98.45999908447266
2023-04-18,99.23999786376953
2023-04-19,99.5199966430664
2023-04-20,98.30000305175781
2023-04-21,99.22000122070312
2023-04-24,98.8499984741211
2023-04-25,99.06999969482422
2023-04-26,98.08999633789062
2023-04-27,94.4800033569336
2023-04-28,97.0
2023-05-01,98.83999633789062
2023-05-02,99.5999984741211
2023-05-03,99.5
2023-05-04,97.5
2023-05-05,91.05000305175781
2023-05-08,92.30000305175781
2023-05-09,92.0
2023-05-10,92.36000061035156
2023-05-11,93.61000061035156
2023-05-12,93.27999877929688
2023-05-15,92.12000274658203
2023-05-16,89.87000274658203
2023-05-17,89.23999786376953
2023-05-18,91.41000366210938
2023-05-19,90.61000061035156
2023-05-22,88.05999755859375
2023-05-23,89.91999816894531
2023-05-24,90.83999633789062
2023-05-25,90.69999694824219
2023-05-26,88.5
2023-05-30,92.98999786376953
2023-05-31,92.95999908447266
2023-06-01,90.95999908447266
2023-06-02,93.0999984741211
2023-06-05,93.12999725341797
2023-06-06,90.58999633789062
2023-06-07,94.08000183105469
2023-06-08,98.16999816894531
2023-06-09,97.27999877929688
2023-06-12,94.33999633789062
2023-06-13,97.5
2023-06-14,98.02999877929688
2023-06-15,95.98999786376953
2023-06-16,97.36000061035156
2023-06-20,95.2699966430664
2023-06-21,96.13999938964844
2023-06-22,96.02999877929688
2023-06-23,96.66999816894531
2023-06-26,97.56999969482422
2023-06-27,97.97000122070312
2023-06-28,102.41999816894531
2023-06-29,102.88999938964844
2023-06-30,102.63999938964844
2023-07-03,103.75
2023-07-05,103.91999816894531
2023-07-06,101.87000274658203
2023-07-07,101.38999938964844
2023-07-10,100.73999786376953
2023-07-11,104.91000366210938
2023-07-12,110.0
2023-07-13,113.4000015258789
2023-07-14,113.02999877929688
2023-07-17,110.52999877929688
2023-07-18,110.55999755859375
2023-07-19,113.08000183105469
2023-07-20,114.62999725341797
2023-07-21,111.36000061035156
2023-07-24,111.0
2023-07-25,110.04000091552734
2023-07-26,110.9800033569336
2023-07-27,113.41999816894531
2023-07-28,113.55999755859375
2023-07-31,114.2300033569336
2023-08-01,113.19000244140625
2023-08-02,112.4800033569336
2023-08-03,110.27999877929688
2023-08-04,103.69999694824219
2023-08-07,102.95999908447266
2023-08-08,102.80999755859375
2023-08-09,105.48999786376953
2023-08-10,106.25
2023-08-11,104.80000305175781
2023-08-14,104.27999877929688
2023-08-15,105.05000305175781
2023-08-16,104.8499984741211
2023-08-17,102.02999877929688
2023-08-18,96.62000274658203
2023-08-21,98.87999725341797
2023-08-22,98.93000030517578
2023-08-23,98.77999877929688
2023-08-24,99.06999969482422
2023-08-25,96.05999755859375
2023-08-28,97.20999908447266
2023-08-29,96.55000305175781
2023-08-30,99.4000015258789
2023-08-31,101.77999877929688
2023-09-01,101.16999816894531
2023-09-05,99.31999969482422
2023-09-06,97.2699966430664
2023-09-07,97.19000244140625
2023-09-08,95.0
2023-09-11,95.2300033569336
2023-09-12,93.0199966430664
2023-09-13,92.87999725341797
2023-09-14,94.88999938964844
2023-09-15,94.9000015258789
2023-09-18,93.61000061035156
2023-09-19,91.63999938964844
2023-09-20,94.47000122070312
2023-09-21,92.45999908447266
2023-09-22,91.29000091552734
2023-09-25,89.41999816894531
2023-09-26,90.31999969482422
2023-09-27,89.95999908447266
2023-09-28,89.68000030517578
2023-09-29,90.19000244140625
2023-10-02,90.54000091552734
2023-10-03,90.16000366210938
2023-10-04,86.9800033569336
2023-10-05,85.5999984741211
2023-10-06,84.41999816894531
2023-10-09,84.68000030517578
2023-10-10,88.38999938964844
2023-10-11,89.0199966430664
2023-10-12,86.3499984741211
2023-10-13,82.72000122070312
2023-10-16,83.80000305175781
2023-10-17,84.5
2023-10-18,91.20999908447266
2023-10-19,85.2699966430664
2023-10-20,83.62999725341797
2023-10-23,82.25
2023-10-24,82.16000366210938
2023-10-25,79.68000030517578
2023-10-26,78.79000091552734
2023-10-27,77.98999786376953
2023-10-30,77.52999877929688
2023-10-31,81.2699966430664
2023-11-01,82.30000305175781
2023-11-02,84.55999755859375
2023-11-03,80.0
2023-11-06,81.0
2023-11-07,78.16000366210938
2023-11-08,79.58999633789062
2023-11-09,80.18000030517578
2023-11-10,77.94000244140625
2023-11-13,78.97000122070312
2023-11-14,83.55999755859375
2023-11-15,86.22000122070312
2023-11-16,89.0999984741211
2023-11-17,89.87000274658203
2023-11-20,89.56999969482422
2023-11-21,89.2300033569336
2023-11-22,90.51000213623047
2023-11-24,90.25
2023-11-27,91.33999633789062
2023-11-28,91.81999969482422
2023-11-29,92.13999938964844
2023-11-30,92.66999816894531
2023-12-01,91.97000122070312
2023-12-04,97.12000274658203
2023-12-05,97.91000366210938
2023-12-06,99.01000213623047
2023-12-07,100.13999938964844
2023-12-08,100.81999969482422
2023-12-11,101.02999877929688
2023-12-12,101.12000274658203
2023-12-13,99.16000366210938
2023-12-14,107.80000305175781
2023-12-15,111.52999877929688
2023-12-18,112.22000122070312
2023-12-19,111.62999725341797
2023-12-20,111.26000213623047
2023-12-21,113.08999633789062
2023-12-22,114.16999816894531
2023-12-26,114.0
2023-12-27,116.29000091552734
2023-12-28,115.33000183105469
2023-12-29,112.66999816894531
2024-01-02,110.37999725341797
2024-01-03,108.05000305175781
2024-01-04,101.9800033569336
2024-01-05,102.87999725341797
2024-01-08,105.12999725341797
2024-01-09,105.05999755859375
2024-01-10,106.1500015258789
2024-01-11,105.47000122070312
2024-01-12,105.77999877929688
2024-01-16,104.20999908447266
2024-01-17,102.54000091552734
2024-01-18,103.75
2024-01-19,105.69000244140625
2024-01-22,107.86000061035156
2024-01-23,110.25
2024-01-24,109.26000213623047
2024-01-25,108.1500015258789
2024-01-26,108.48999786376953
2024-01-29,107.80000305175781
2024-01-30,103.9800033569336
2024-01-31,102.51000213623047
2024-02-01,100.43000030517578
2024-02-02,101.55000305175781
2024-02-05,102.93000030517578
2024-02-06,102.75
2024-02-07,104.5999984741211
2024-02-08,104.80000305175781
2024-02-09,107.37000274658203
2024-02-12,109.0
2024-02-13,105.16999816894531
2024-02-14,107.66000366210938
2024-02-15,110.31999969482422
2024-02-16,109.79000091552734
2024-02-20,108.8499984741211
2024-02-21,109.18000030517578
2024-02-22,114.63999938964844
2024-02-23,117.0
2024-02-26,114.1500015258789
2024-02-27,117.62999725341797
2024-02-28,119.86000061035156
2024-02-29,123.5199966430664
2024-03-01,121.0
2024-03-04,121.43000030517578
2024-03-05,121.76000213623047
2024-03-06,122.30000305175781
2024-03-07,126.31999969482422
2024-03-08,127.33000183105469
2024-03-11,122.44000244140625
2024-03-12,121.4000015258789
2024-03-13,122.75
2024-03-14,125.19000244140625
2024-03-15,120.36000061035156
2024-03-18,121.2300033569336
2024-03-19,118.77999877929688
2024-03-20,120.5199966430664
2024-03-21,123.98999786376953
2024-03-22,133.74000549316406
2024-03-25,130.52999877929688
2024-03-26,127.91000366210938
2024-03-27,130.5
2024-03-28,129.99000549316406
2024-04-01,129.02000427246094
2024-04-02,123.87000274658203
2024-04-03,120.63999938964844
2024-04-04,122.72000122070312
2024-04-05,118.7699966430664
2024-04-08,119.44000244140625
2024-04-09,122.80000305175781
2024-04-10,113.55000305175781
2024-04-11,114.9800033569336
2024-04-12,113.08000183105469
2024-04-15,113.81999969482422
2024-04-16,109.27999877929688
2024-04-17,109.0
2024-04-18,109.41999816894531
2024-04-19,109.05000305175781
2024-04-22,109.25
2024-04-23,108.72000122070312
2024-04-24,109.62000274658203
2024-04-25,106.52999877929688
2024-04-26,108.63999938964844
2024-04-29,111.47000122070312
2024-04-30,109.29000091552734
2024-05-01,110.0999984741211
2024-05-02,112.29000091552734
2024-05-03,109.87000274658203
2024-05-06,113.88999938964844
2024-05-07,117.98999786376953
2024-05-08,115.36000061035156
2024-05-09,115.76000213623047
2024-05-10,120.0199966430664
2024-05-13,122.88999938964844
2024-05-14,124.29000091552734
2024-05-15,125.83999633789062
2024-05-16,121.80000305175781
2024-05-17,119.66999816894531
2024-05-20,118.58999633789062
2024-05-21,117.44000244140625
2024-05-22,116.69000244140625
2024-05-23,115.43000030517578
2024-05-24,112.70999908447266
2024-05-28,114.56999969482422
2024-05-29,111.66000366210938
2024-05-30,112.47000122070312
2024-05-31,115.6500015258789
2024-06-03,117.3499984741211
2024-06-04,115.05000305175781
2024-06-05,113.76000213623047
2024-06-06,119.5
2024-06-07,117.44000244140625
2024-06-10,115.19999694824219
2024-06-11,115.3499984741211
2024-06-12,121.7699966430664
2024-06-13,122.26000213623047
2024-06-14,119.45999908447266
2024-06-17,117.37000274658203
2024-06-18,118.37999725341797
2024-06-20,119.02999877929688
2024-06-21,116.77999877929688
2024-06-24,114.80999755859375
2024-06-25,112.70999908447266
2024-06-26,104.55000305175781
2024-06-27,104.88999938964844
2024-06-28,100.36000061035156
2024-07-01,98.0
2024-07-02,94.18000030517578
2024-07-03,96.70999908447266
2024-07-05,97.25
2024-07-08,93.7300033569336
2024-07-09,92.08999633789062
2024-07-10,89.88999938964844
2024-07-11,95.13999938964844
2024-07-12,95.47000122070312
2024-07-15,94.37999725341797
2024-07-16,91.83000183105469
2024-07-17,92.7300033569336
2024-07-18,94.08000183105469
2024-07-19,93.08000183105469
2024-07-22,94.2300033569336
2024-07-23,93.44000244140625
2024-07-24,93.19000244140625
2024-07-25,90.87000274658203
2024-07-26,95.02999877929688
2024-07-29,96.63999938964844
2024-07-30,97.01000213623047
2024-07-31,96.9000015258789
2024-08-01,98.06999969482422
2024-08-02,95.29000091552734
2024-08-05,91.7300033569336
2024-08-06,97.8499984741211
2024-08-07,98.55000305175781
2024-08-08,96.9800033569336
2024-08-09,99.0999984741211
2024-08-12,99.69000244140625
2024-08-13,99.58999633789062
2024-08-14,104.52999877929688
2024-08-15,106.0
2024-08-16,105.16000366210938
2024-08-19,105.18000030517578
2024-08-20,106.80999755859375
2024-08-21,107.69999694824219
2024-08-22,107.86000061035156
2024-08-23,107.30999755859375
2024-08-26,112.36000061035156
2024-08-27,109.91999816894531
2024-08-28,110.4000015258789
2024-08-29,112.41000366210938
2024-08-30,112.61000061035156
2024-09-03,111.98999786376953
2024-09-04,106.16000366210938
2024-09-05,106.68000030517578
2024-09-06,105.77999877929688
2024-09-09,105.6500015258789
2024-09-10,106.63999938964844
2024-09-11,106.3499984741211
2024-09-12,107.05000305175781
2024-09-13,111.20999908447266
2024-09-16,114.38999938964844
2024-09-17,117.2300033569336
2024-09-18,117.66999816894531
2024-09-19,120.36000061035156
2024-09-20,120.37000274658203
2024-09-23,120.77999877929688
2024-09-24,120.98999786376953
2024-09-25,120.6500015258789
2024-09-26,120.37999725341797
2024-09-27,121.9800033569336
2024-09-30,122.80999755859375
2024-10-01,123.2699966430664
2024-10-02,120.16999816894531
2024-10-03,119.91000366210938
2024-10-04,119.26000213623047
2024-10-07,111.27999877929688
2024-10-08,112.2300033569336
2024-10-09,115.2300033569336
2024-10-10,112.81999969482422
2024-10-11,111.27999877929688
2024-10-14,111.75
2024-10-15,113.16000366210938
2024-10-16,113.80000305175781
2024-10-17,112.52999877929688
2024-10-18,109.80999755859375
2024-10-21,109.69999694824219
2024-10-22,104.7300033569336
2024-10-23,103.91999816894531
2024-10-24,104.77999877929688
2024-10-25,104.08999633789062
2024-10-28,103.73999786376953
2024-10-29,99.5
2024-10-30,100.19999694824219
2024-10-31,105.83999633789062
2024-11-01,103.0
2024-11-04,103.44999694824219
2024-11-05,108.45999908447266
2024-11-06,100.0
2024-11-07,102.33999633789062
2024-11-08,101.93000030517578
2024-11-11,101.16000366210938
2024-11-12,104.18000030517578
2024-11-13,103.19999694824219
2024-11-14,102.52999877929688
2024-11-15,102.6500015258789
2024-11-18,101.8499984741211
2024-11-19,101.27999877929688
2024-11-20,99.47000122070312
2024-11-21,104.83999633789062
2024-11-22,108.79000091552734
2024-11-25,114.86000061035156
2024-11-26,117.29000091552734
2024-11-27,115.12000274658203
2024-11-29,113.79000091552734
2024-12-02,113.2300033569336
2024-12-03,111.0
2024-12-04,110.93000030517578
2024-12-05,108.55000305175781
2024-12-06,109.12999725341797
2024-12-09,110.58999633789062
2024-12-10,111.8499984741211
2024-12-11,112.94000244140625
2024-12-12,112.7699966430664
2024-12-13,112.23999786376953
2024-12-16,110.37000274658203
2024-12-17,107.55000305175781
2024-12-18,108.58000183105469
2024-12-19,101.33999633789062
2024-12-20,97.1500015258789
2024-12-23,100.8499984741211
2024-12-24,102.0199966430664
2024-12-26,101.1500015258789
2024-12-27,100.48999786376953
2024-12-30,99.05000305175781
2024-12-31,100.33999633789062
2025-01-02,100.7300033569336
2025-01-03,97.73999786376953
2025-01-06,99.56999969482422
2025-01-07,98.12999725341797
2025-01-08,95.44999694824219
2025-01-10,94.48999786376953
2025-01-13,94.30000305175781
2025-01-14,97.94999694824219
2025-01-15,100.0
2025-01-16,97.3499984741211
2025-01-17,98.29000091552734
2025-01-21,101.33999633789062
2025-01-22,102.02999877929688
2025-01-23,100.11000061035156
2025-01-24,102.22000122070312
2025-01-27,104.25
2025-01-28,105.88999938964844
2025-01-29,104.33000183105469
2025-01-30,101.19999694824219
2025-01-31,102.95999908447266
2025-02-03,96.5
2025-02-04,97.08999633789062
2025-02-05,100.6500015258789
2025-02-06,103.63999938964844
2025-02-07,103.43000030517578
2025-02-10,103.08000183105469
2025-02-11,98.48999786376953
2025-02-12,93.73999786376953
2025-02-13,96.69000244140625
2025-02-14,99.87000274658203
2025-02-18,96.93000030517578
2025-02-19,96.83000183105469
2025-02-20,94.7300033569336
2025-02-21,103.81999969482422
2025-02-24,95.86000061035156
2025-02-25,98.5
2025-02-26,101.30000305175781
2025-02-27,101.63999938964844
2025-02-28,97.0999984741211
2025-03-03,96.51000213623047
2025-03-04,90.36000061035156
2025-03-05,87.25
2025-03-06,87.41000366210938
2025-03-07,90.45999908447266
2025-03-10,90.81999969482422
2025-03-11,93.0
2025-03-12,90.41999816894531
2025-03-13,88.88999938964844
2025-03-14,86.55000305175781
2025-03-17,85.19000244140625
2025-03-18,84.94000244140625
2025-03-19,83.9000015258789
2025-03-20,83.01000213623047
2025-03-21,82.66999816894531
2025-03-24,84.87999725341797
2025-03-25,85.23999786376953
2025-03-26,83.0
2025-03-27,82.58000183105469
2025-03-28,83.20999908447266
2025-03-31,79.19000244140625
2025-04-01,80.27999877929688
2025-04-02,78.76000213623047
2025-04-03,74.55000305175781
2025-04-04,66.63999938964844
