2016-12-09,10.25
2016-12-12,9.949999809265137
2016-12-13,10.260000228881836
2016-12-14,10.479999542236328
2016-12-15,10.199999809265137
2016-12-16,11.079999923706055
2016-12-19,10.979999542236328
2016-12-20,11.069999694824219
2016-12-21,10.890000343322754
2016-12-22,10.720000267028809
2016-12-23,10.880000114440918
2016-12-27,10.869999885559082
2016-12-28,11.0
2016-12-29,10.800000190734863
2016-12-30,10.789999961853027
2017-01-03,11.020000457763672
2017-01-04,11.930000305175781
2017-01-05,13.3100004196167
2017-01-06,13.300000190734863
2017-01-09,13.329999923706055
2017-01-10,14.229999542236328
2017-01-11,14.729999542236328
2017-01-12,13.880000114440918
2017-01-13,14.380000114440918
2017-01-17,14.220000267028809
2017-01-18,14.529999732971191
2017-01-19,15.5
2017-01-20,15.739999771118164
2017-01-23,15.800000190734863
2017-01-24,15.666000366210938
2017-01-25,15.949999809265137
2017-01-26,15.680000305175781
2017-01-27,15.4399995803833
2017-01-30,15.800000190734863
2017-01-31,15.75
2017-02-01,15.5
2017-02-02,15.479999542236328
2017-02-03,16.850000381469727
2017-02-06,16.829999923706055
2017-02-07,16.610000610351562
2017-02-08,16.649999618530273
2017-02-09,16.600000381469727
2017-02-10,17.75
2017-02-13,17.350000381469727
2017-02-14,16.40999984741211
2017-02-15,16.8799991607666
2017-02-16,17.389999389648438
2017-02-17,17.100000381469727
2017-02-21,17.479999542236328
2017-02-22,17.350000381469727
2017-02-23,18.020000457763672
2017-02-24,17.389999389648438
2017-02-27,17.59000015258789
2017-02-28,18.399999618530273
2017-03-01,19.139999389648438
2017-03-02,18.670000076293945
2017-03-03,18.260000228881836
2017-03-06,18.690000534057617
2017-03-07,19.239999771118164
2017-03-08,19.0
2017-03-09,17.6200008392334
2017-03-10,17.920000076293945
2017-03-13,17.450000762939453
2017-03-14,18.6200008392334
2017-03-15,18.149999618530273
2017-03-16,18.799999237060547
2017-03-17,19.0
2017-03-20,19.239999771118164
2017-03-21,19.100000381469727
2017-03-22,18.18000030517578
2017-03-23,18.329999923706055
2017-03-24,18.1200008392334
2017-03-27,17.809999465942383
2017-03-28,17.809999465942383
2017-03-29,17.809999465942383
2017-03-30,18.100000381469727
2017-03-31,18.989999771118164
2017-04-03,20.280000686645508
2017-04-04,19.690000534057617
2017-04-05,19.920000076293945
2017-04-06,18.440000534057617
2017-04-07,19.350000381469727
2017-04-10,19.440000534057617
2017-04-11,18.68000030517578
2017-04-12,18.489999771118164
2017-04-13,18.040000915527344
2017-04-17,17.079999923706055
2017-04-18,17.0
2017-04-19,17.760000228881836
2017-04-20,18.329999923706055
2017-04-21,18.739999771118164
2017-04-24,18.530000686645508
2017-04-25,19.5
2017-04-26,21.049999237060547
2017-04-27,20.0
2017-04-28,19.5
2017-05-01,19.68000030517578
2017-05-02,19.729999542236328
2017-05-03,19.799999237060547
2017-05-04,19.209999084472656
2017-05-05,18.700000762939453
2017-05-08,19.739999771118164
2017-05-09,20.440000534057617
2017-05-10,20.600000381469727
2017-05-11,21.290000915527344
2017-05-12,19.719999313354492
2017-05-15,20.5
2017-05-16,20.260000228881836
2017-05-17,19.549999237060547
2017-05-18,19.59000015258789
2017-05-19,19.940000534057617
2017-05-22,20.850000381469727
2017-05-23,22.530000686645508
2017-05-24,23.440000534057617
2017-05-25,23.56999969482422
2017-05-26,23.1200008392334
2017-05-30,23.290000915527344
2017-05-31,24.360000610351562
2017-06-01,23.5
2017-06-02,23.75
2017-06-05,24.209999084472656
2017-06-06,25.780000686645508
2017-06-07,25.700000762939453
2017-06-08,26.510000228881836
2017-06-09,28.450000762939453
2017-06-12,24.270000457763672
2017-06-13,23.93000030517578
2017-06-14,23.610000610351562
2017-06-15,21.59000015258789
2017-06-16,22.5
2017-06-19,23.360000610351562
2017-06-20,24.3700008392334
2017-06-21,23.389999389648438
2017-06-22,23.239999771118164
2017-06-23,22.610000610351562
2017-06-26,23.84000015258789
2017-06-27,23.3700008392334
2017-06-28,22.020000457763672
2017-06-29,22.5
2017-06-30,21.0
2017-07-03,20.270000457763672
2017-07-05,20.229999542236328
2017-07-06,20.18000030517578
2017-07-07,19.520000457763672
2017-07-10,20.209999084472656
2017-07-11,21.1200008392334
2017-07-12,21.31999969482422
2017-07-13,21.309999465942383
2017-07-14,21.600000381469727
2017-07-17,21.760000228881836
2017-07-18,22.280000686645508
2017-07-19,23.049999237060547
2017-07-20,24.0
2017-07-21,23.229999542236328
2017-07-24,22.81999969482422
2017-07-25,23.350000381469727
2017-07-26,23.059999465942383
2017-07-27,23.700000762939453
2017-07-28,22.5
2017-07-31,23.3700008392334
2017-08-01,21.510000228881836
2017-08-02,20.329999923706055
2017-08-03,19.149999618530273
2017-08-04,19.25
2017-08-07,19.049999237060547
2017-08-08,19.329999923706055
2017-08-09,19.329999923706055
2017-08-10,18.969999313354492
2017-08-11,18.510000228881836
2017-08-14,19.649999618530273
2017-08-15,19.8799991607666
2017-08-16,19.799999237060547
2017-08-17,19.780000686645508
2017-08-18,19.06999969482422
2017-08-21,20.299999237060547
2017-08-22,19.350000381469727
2017-08-23,19.440000534057617
2017-08-24,20.0
2017-08-25,20.0
2017-08-28,19.920000076293945
2017-08-29,19.850000381469727
2017-08-30,21.25
2017-08-31,22.81999969482422
2017-09-01,23.040000915527344
2017-09-05,23.1299991607666
2017-09-06,22.5
2017-09-07,22.690000534057617
2017-09-08,22.90999984741211
2017-09-11,22.8700008392334
2017-09-12,23.65999984741211
2017-09-13,23.479999542236328
2017-09-14,23.889999389648438
2017-09-15,24.610000610351562
2017-09-18,24.559999465942383
2017-09-19,25.0
2017-09-20,25.100000381469727
2017-09-21,24.729999542236328
2017-09-22,23.6200008392334
2017-09-25,24.84000015258789
2017-09-26,23.889999389648438
2017-09-27,24.31999969482422
2017-09-28,25.709999084472656
2017-09-29,27.139999389648438
2017-10-02,27.5
2017-10-03,28.059999465942383
2017-10-04,27.100000381469727
2017-10-05,26.200000762939453
2017-10-06,26.229999542236328
2017-10-09,26.610000610351562
2017-10-10,28.459999084472656
2017-10-11,30.25
2017-10-12,30.09000015258789
2017-10-13,31.600000381469727
2017-10-16,33.61000061035156
2017-10-17,32.7599983215332
2017-10-18,33.84000015258789
2017-10-19,33.29999923706055
2017-10-20,33.939998626708984
2017-10-23,34.5
2017-10-24,34.70000076293945
2017-10-25,33.25
2017-10-26,31.90999984741211
2017-10-27,31.549999237060547
2017-10-30,30.790000915527344
2017-10-31,31.0
2017-11-01,31.5
2017-11-02,28.34000015258789
2017-11-03,29.25
2017-11-06,29.799999237060547
2017-11-07,31.200000762939453
2017-11-08,31.010000228881836
2017-11-09,30.0
2017-11-10,29.59000015258789
2017-11-13,27.520000457763672
2017-11-14,29.510000228881836
2017-11-15,26.5
2017-11-16,27.049999237060547
2017-11-17,29.350000381469727
2017-11-20,28.43000030517578
2017-11-21,30.850000381469727
2017-11-22,32.95000076293945
2017-11-24,29.510000228881836
2017-11-27,28.959999084472656
2017-11-28,30.639999389648438
2017-11-29,30.559999465942383
2017-11-30,28.399999618530273
2017-12-01,28.049999237060547
2017-12-04,26.799999237060547
2017-12-05,23.350000381469727
2017-12-06,23.389999389648438
2017-12-07,24.40999984741211
2017-12-08,25.739999771118164
2017-12-11,24.75
2017-12-12,24.43000030517578
2017-12-13,23.760000228881836
2017-12-14,23.719999313354492
2017-12-15,24.030000686645508
2017-12-18,25.719999313354492
2017-12-19,25.280000686645508
2017-12-20,26.40999984741211
2017-12-21,25.860000610351562
2017-12-22,24.790000915527344
2017-12-26,24.93000030517578
2017-12-27,24.200000762939453
2017-12-28,24.719999313354492
2017-12-29,24.739999771118164
2018-01-02,24.950000762939453
2018-01-03,26.0
2018-01-04,26.81999969482422
2018-01-05,26.020000457763672
2018-01-08,27.5
2018-01-09,26.450000762939453
2018-01-10,25.81999969482422
2018-01-11,25.399999618530273
2018-01-12,25.18000030517578
2018-01-16,24.8799991607666
2018-01-17,27.280000686645508
2018-01-18,31.0
2018-01-19,33.310001373291016
2018-01-22,32.560001373291016
2018-01-23,34.369998931884766
2018-01-24,34.349998474121094
2018-01-25,33.970001220703125
2018-01-26,32.41999816894531
2018-01-29,34.0
2018-01-30,32.54999923706055
2018-01-31,33.529998779296875
2018-02-01,31.3700008392334
2018-02-02,30.149999618530273
2018-02-05,27.75
2018-02-06,26.100000381469727
2018-02-07,27.809999465942383
2018-02-08,27.020000457763672
2018-02-09,22.790000915527344
2018-02-12,22.0
2018-02-13,24.344999313354492
2018-02-14,22.5
2018-02-15,24.190000534057617
2018-02-16,25.610000610351562
2018-02-20,24.850000381469727
2018-02-21,25.690000534057617
2018-02-22,24.219999313354492
2018-02-23,24.049999237060547
2018-02-26,25.950000762939453
2018-02-27,26.290000915527344
2018-02-28,25.75
2018-03-01,25.809999465942383
2018-03-02,24.34000015258789
2018-03-05,24.899999618530273
2018-03-06,25.450000762939453
2018-03-07,27.309999465942383
2018-03-08,27.600000381469727
2018-03-09,27.84000015258789
2018-03-12,29.450000762939453
2018-03-13,30.0
2018-03-14,28.06999969482422
2018-03-15,27.25
2018-03-16,26.6299991607666
2018-03-19,27.0
2018-03-20,27.219999313354492
2018-03-21,27.389999389648438
2018-03-22,27.34000015258789
2018-03-23,26.610000610351562
2018-03-26,25.68000030517578
2018-03-27,26.479999542236328
2018-03-28,24.25
2018-03-29,23.56999969482422
2018-04-02,23.8799991607666
2018-04-03,23.399999618530273
2018-04-04,22.350000381469727
2018-04-05,24.260000228881836
2018-04-06,23.0
2018-04-09,23.520000457763672
2018-04-10,24.299999237060547
2018-04-11,24.540000915527344
2018-04-12,24.90999984741211
2018-04-13,25.860000610351562
2018-04-16,25.93000030517578
2018-04-17,25.979999542236328
2018-04-18,25.979999542236328
2018-04-19,23.850000381469727
2018-04-20,22.010000228881836
2018-04-23,22.610000610351562
2018-04-24,21.889999389648438
2018-04-25,20.979999542236328
2018-04-26,22.049999237060547
2018-04-27,23.329999923706055
2018-04-30,21.649999618530273
2018-05-01,22.020000457763672
2018-05-02,22.40999984741211
2018-05-03,22.020000457763672
2018-05-04,22.309999465942383
2018-05-07,23.790000915527344
2018-05-08,23.860000610351562
2018-05-09,25.5
2018-05-10,26.579999923706055
2018-05-11,26.030000686645508
2018-05-14,26.43000030517578
2018-05-15,26.420000076293945
2018-05-16,26.1299991607666
2018-05-17,26.860000610351562
2018-05-18,25.739999771118164
2018-05-21,25.010000228881836
2018-05-22,24.850000381469727
2018-05-23,24.139999389648438
2018-05-24,24.360000610351562
2018-05-25,24.68000030517578
2018-05-29,24.5
2018-05-30,25.010000228881836
2018-05-31,25.18000030517578
2018-06-01,25.270000457763672
2018-06-04,26.309999465942383
2018-06-05,26.299999237060547
2018-06-06,26.200000762939453
2018-06-07,25.0
2018-06-08,23.75
2018-06-11,24.09000015258789
2018-06-12,23.829999923706055
2018-06-13,23.889999389648438
2018-06-14,24.049999237060547
2018-06-15,23.15999984741211
2018-06-18,22.850000381469727
2018-06-19,22.350000381469727
2018-06-20,22.899999618530273
2018-06-21,23.200000762939453
2018-06-22,22.8799991607666
2018-06-25,21.770000457763672
2018-06-26,21.329999923706055
2018-06-27,21.6299991607666
2018-06-28,20.56999969482422
2018-06-29,20.860000610351562
2018-07-02,21.100000381469727
2018-07-03,21.270000457763672
2018-07-05,20.31999969482422
2018-07-06,21.3700008392334
2018-07-09,22.3700008392334
2018-07-10,22.93000030517578
2018-07-11,22.0
2018-07-12,21.15999984741211
2018-07-13,21.149999618530273
2018-07-16,20.540000915527344
2018-07-17,20.299999237060547
2018-07-18,21.1299991607666
2018-07-19,20.270000457763672
2018-07-20,20.530000686645508
2018-07-23,20.690000534057617
2018-07-24,20.610000610351562
2018-07-25,20.170000076293945
2018-07-26,18.850000381469727
2018-07-27,20.0
2018-07-30,20.790000915527344
2018-07-31,19.889999389648438
2018-08-01,21.110000610351562
2018-08-02,21.0
2018-08-03,21.540000915527344
2018-08-06,22.059999465942383
2018-08-07,22.209999084472656
2018-08-08,21.510000228881836
2018-08-09,23.729999542236328
2018-08-10,22.5
2018-08-13,22.729999542236328
2018-08-14,22.799999237060547
2018-08-15,22.450000762939453
2018-08-16,21.65999984741211
2018-08-17,21.25
2018-08-20,21.639999389648438
2018-08-21,22.239999771118164
2018-08-22,22.559999465942383
2018-08-23,22.239999771118164
2018-08-24,23.979999542236328
2018-08-27,24.219999313354492
2018-08-28,24.3700008392334
2018-08-29,25.299999237060547
2018-08-30,25.770000457763672
2018-08-31,25.920000076293945
2018-09-04,25.799999237060547
2018-09-05,25.100000381469727
2018-09-06,24.8799991607666
2018-09-07,21.979999542236328
2018-09-10,22.139999389648438
2018-09-11,22.18000030517578
2018-09-12,22.0
2018-09-13,21.969999313354492
2018-09-14,22.299999237060547
2018-09-17,22.209999084472656
2018-09-18,21.90999984741211
2018-09-19,22.280000686645508
2018-09-20,21.850000381469727
2018-09-21,21.25
2018-09-24,21.200000762939453
2018-09-25,20.90999984741211
2018-09-26,20.100000381469727
2018-09-27,20.110000610351562
2018-09-28,20.0
2018-10-01,20.600000381469727
2018-10-02,20.579999923706055
2018-10-03,20.940000534057617
2018-10-04,20.690000534057617
2018-10-05,20.290000915527344
2018-10-08,19.739999771118164
2018-10-09,19.799999237060547
2018-10-10,18.489999771118164
2018-10-11,18.030000686645508
2018-10-12,18.770000457763672
2018-10-15,18.100000381469727
2018-10-16,17.920000076293945
2018-10-17,18.8700008392334
2018-10-18,18.549999237060547
2018-10-19,17.75
2018-10-22,17.170000076293945
2018-10-23,16.34000015258789
2018-10-24,16.639999389648438
2018-10-25,15.989999771118164
2018-10-26,15.930000305175781
2018-10-29,16.540000915527344
2018-10-30,15.539999961853027
2018-10-31,17.40999984741211
2018-11-01,17.889999389648438
2018-11-02,19.030000686645508
2018-11-05,19.40999984741211
2018-11-06,19.239999771118164
2018-11-07,16.3700008392334
2018-11-08,16.040000915527344
2018-11-09,16.68000030517578
2018-11-12,15.789999961853027
2018-11-13,15.460000038146973
2018-11-14,16.780000686645508
2018-11-15,16.110000610351562
2018-11-16,16.290000915527344
2018-11-19,16.649999618530273
2018-11-20,15.84000015258789
2018-11-21,16.690000534057617
2018-11-23,16.700000762939453
2018-11-26,16.90999984741211
2018-11-27,16.8700008392334
2018-11-28,17.360000610351562
2018-11-29,17.420000076293945
2018-11-30,17.75
2018-12-03,18.989999771118164
2018-12-04,18.290000915527344
2018-12-06,16.809999465942383
2018-12-07,17.34000015258789
2018-12-10,16.770000457763672
2018-12-11,16.770000457763672
2018-12-12,16.530000686645508
2018-12-13,16.81999969482422
2018-12-14,16.229999542236328
2018-12-17,16.5
2018-12-18,16.8799991607666
2018-12-19,16.950000762939453
2018-12-20,15.670000076293945
2018-12-21,16.059999465942383
2018-12-24,14.229999542236328
2018-12-26,14.75
2018-12-27,15.329999923706055
2018-12-28,15.670000076293945
2018-12-31,16.1299991607666
2019-01-02,15.960000038146973
2019-01-03,16.43000030517578
2019-01-04,16.690000534057617
2019-01-07,16.940000534057617
2019-01-08,17.40999984741211
2019-01-09,16.899999618530273
2019-01-10,17.940000534057617
2019-01-11,18.34000015258789
2019-01-14,18.139999389648438
2019-01-15,17.920000076293945
2019-01-16,18.06999969482422
2019-01-17,18.469999313354492
2019-01-18,19.059999465942383
2019-01-22,19.25
2019-01-23,18.290000915527344
2019-01-24,18.31999969482422
2019-01-25,19.420000076293945
2019-01-28,19.520000457763672
2019-01-29,19.670000076293945
2019-01-30,20.010000228881836
2019-01-31,20.270000457763672
2019-02-01,20.559999465942383
2019-02-04,20.81999969482422
2019-02-05,20.530000686645508
2019-02-06,21.3700008392334
2019-02-07,20.84000015258789
2019-02-08,20.670000076293945
2019-02-11,21.93000030517578
2019-02-12,21.780000686645508
2019-02-13,21.8700008392334
2019-02-14,21.229999542236328
2019-02-15,21.729999542236328
2019-02-19,21.780000686645508
2019-02-20,21.3799991607666
2019-02-21,21.65999984741211
2019-02-22,21.290000915527344
2019-02-25,21.799999237060547
2019-02-26,21.549999237060547
2019-02-27,21.559999465942383
2019-02-28,21.389999389648438
2019-03-01,21.06999969482422
2019-03-04,21.06999969482422
2019-03-05,21.360000610351562
2019-03-06,21.200000762939453
2019-03-07,20.389999389648438
2019-03-08,18.979999542236328
2019-03-11,19.399999618530273
2019-03-12,20.649999618530273
2019-03-13,20.780000686645508
2019-03-14,20.270000457763672
2019-03-15,20.719999313354492
2019-03-18,21.860000610351562
2019-03-19,22.06999969482422
2019-03-20,22.309999465942383
2019-03-21,21.899999618530273
2019-03-22,22.760000228881836
2019-03-25,21.950000762939453
2019-03-26,22.079999923706055
2019-03-27,21.729999542236328
2019-03-28,21.920000076293945
2019-03-29,22.0
2019-04-01,22.8700008392334
2019-04-02,23.34000015258789
2019-04-03,23.649999618530273
2019-04-04,23.729999542236328
2019-04-05,24.040000915527344
2019-04-08,24.229999542236328
2019-04-09,24.299999237060547
2019-04-10,24.040000915527344
2019-04-11,24.389999389648438
2019-04-12,24.649999618530273
2019-04-15,24.520000457763672
2019-04-16,24.520000457763672
2019-04-17,25.06999969482422
2019-04-18,25.079999923706055
2019-04-22,25.200000762939453
2019-04-23,25.139999389648438
2019-04-24,24.8799991607666
2019-04-25,25.6200008392334
2019-04-26,24.670000076293945
2019-04-29,25.219999313354492
2019-04-30,25.100000381469727
2019-05-01,25.450000762939453
2019-05-02,24.889999389648438
2019-05-03,25.049999237060547
2019-05-06,25.170000076293945
2019-05-07,25.3799991607666
2019-05-08,22.6299991607666
2019-05-09,22.989999771118164
2019-05-10,23.0
2019-05-13,22.829999923706055
2019-05-14,22.489999771118164
2019-05-15,22.459999084472656
2019-05-16,23.540000915527344
2019-05-17,22.979999542236328
2019-05-20,22.770000457763672
2019-05-21,23.079999923706055
2019-05-22,22.739999771118164
2019-05-23,22.209999084472656
2019-05-24,21.690000534057617
2019-05-28,21.479999542236328
2019-05-29,21.450000762939453
2019-05-30,21.81999969482422
2019-05-31,21.3799991607666
2019-06-03,21.270000457763672
2019-06-04,21.09000015258789
2019-06-05,22.100000381469727
2019-06-06,21.559999465942383
2019-06-07,21.75
2019-06-10,21.760000228881836
2019-06-11,23.450000762939453
2019-06-12,22.59000015258789
2019-06-13,22.149999618530273
2019-06-14,22.110000610351562
2019-06-17,21.770000457763672
2019-06-18,21.6200008392334
2019-06-19,22.729999542236328
2019-06-20,23.760000228881836
2019-06-21,23.09000015258789
2019-06-24,22.559999465942383
2019-06-25,22.06999969482422
2019-06-26,22.06999969482422
2019-06-27,22.549999237060547
2019-06-28,23.65999984741211
2019-07-01,24.489999771118164
2019-07-02,24.770000457763672
2019-07-03,24.75
2019-07-05,24.329999923706055
2019-07-08,23.149999618530273
2019-07-09,22.6299991607666
2019-07-10,23.350000381469727
2019-07-11,23.84000015258789
2019-07-12,23.549999237060547
2019-07-15,24.010000228881836
2019-07-16,24.0
2019-07-17,23.75
2019-07-18,23.8799991607666
2019-07-19,24.549999237060547
2019-07-22,24.649999618530273
2019-07-23,25.3799991607666
2019-07-24,25.709999084472656
2019-07-25,26.899999618530273
2019-07-26,25.860000610351562
2019-07-29,25.989999771118164
2019-07-30,25.360000610351562
2019-07-31,25.1200008392334
2019-08-01,25.280000686645508
2019-08-02,24.329999923706055
2019-08-05,23.260000228881836
2019-08-06,23.110000610351562
2019-08-07,21.700000762939453
2019-08-08,22.260000228881836
2019-08-09,22.049999237060547
2019-08-12,21.3799991607666
2019-08-13,21.399999618530273
2019-08-14,21.06999969482422
2019-08-15,20.690000534057617
2019-08-16,20.56999969482422
2019-08-19,21.8700008392334
2019-08-20,21.459999084472656
2019-08-21,21.229999542236328
2019-08-22,21.40999984741211
2019-08-23,20.790000915527344
2019-08-26,20.68000030517578
2019-08-27,20.56999969482422
2019-08-28,19.670000076293945
2019-08-29,20.719999313354492
2019-08-30,21.5
2019-09-03,21.170000076293945
2019-09-04,21.75
2019-09-05,22.440000534057617
2019-09-06,23.559999465942383
2019-09-09,23.40999984741211
2019-09-10,24.139999389648438
2019-09-11,24.770000457763672
2019-09-12,25.549999237060547
2019-09-13,26.06999969482422
2019-09-16,25.899999618530273
2019-09-17,26.270000457763672
2019-09-18,25.90999984741211
2019-09-19,26.18000030517578
2019-09-20,25.709999084472656
2019-09-23,25.65999984741211
2019-09-24,26.3700008392334
2019-09-25,24.959999084472656
2019-09-26,25.059999465942383
2019-09-27,24.90999984741211
2019-09-30,24.31999969482422
2019-10-01,24.34000015258789
2019-10-02,23.170000076293945
2019-10-03,23.239999771118164
2019-10-04,23.520000457763672
2019-10-07,23.959999084472656
2019-10-08,23.600000381469727
2019-10-09,23.770000457763672
2019-10-10,23.829999923706055
2019-10-11,24.31999969482422
2019-10-14,24.049999237060547
2019-10-15,24.979999542236328
2019-10-16,26.399999618530273
2019-10-17,25.639999389648438
2019-10-18,25.459999084472656
2019-10-21,25.520000457763672
2019-10-22,26.299999237060547
2019-10-23,26.260000228881836
2019-10-24,27.0
2019-10-25,28.770000457763672
2019-10-28,29.959999084472656
2019-10-29,29.8700008392334
2019-10-30,29.139999389648438
2019-10-31,29.399999618530273
2019-11-01,29.469999313354492
2019-11-04,30.68000030517578
2019-11-05,30.889999389648438
2019-11-06,32.540000915527344
2019-11-07,32.0
2019-11-08,29.84000015258789
2019-11-11,30.860000610351562
2019-11-12,31.459999084472656
2019-11-13,31.020000457763672
2019-11-14,31.290000915527344
2019-11-15,31.760000228881836
2019-11-18,32.29999923706055
2019-11-19,32.2599983215332
2019-11-20,32.029998779296875
2019-11-21,31.559999465942383
2019-11-22,30.75
2019-11-25,29.610000610351562
2019-11-26,30.540000915527344
2019-11-27,30.739999771118164
2019-11-29,31.299999237060547
2019-12-02,31.600000381469727
2019-12-03,30.0
2019-12-04,30.860000610351562
2019-12-05,31.059999465942383
2019-12-06,31.260000228881836
2019-12-09,31.229999542236328
2019-12-10,30.920000076293945
2019-12-11,31.8799991607666
2019-12-12,32.31999969482422
2019-12-13,33.029998779296875
2019-12-16,33.0099983215332
2019-12-17,33.869998931884766
2019-12-18,33.970001220703125
2019-12-19,34.0
2019-12-20,34.0
2019-12-23,34.0
2019-12-24,33.900001525878906
2019-12-26,34.20000076293945
2019-12-27,34.470001220703125
2019-12-30,33.86000061035156
2019-12-31,33.529998779296875
2020-01-02,33.900001525878906
2020-01-03,33.40999984741211
2020-01-06,33.099998474121094
2020-01-07,32.68000030517578
2020-01-08,32.79999923706055
2020-01-09,32.88999938964844
2020-01-10,31.469999313354492
2020-01-13,30.75
2020-01-14,35.0
2020-01-15,38.849998474121094
2020-01-16,38.90999984741211
2020-01-17,39.63999938964844
2020-01-21,38.560001373291016
2020-01-22,38.369998931884766
2020-01-23,37.70000076293945
2020-01-24,37.68000030517578
2020-01-27,35.5
2020-01-28,35.400001525878906
2020-01-29,35.810001373291016
2020-01-30,34.959999084472656
2020-01-31,34.95000076293945
2020-02-03,33.5
2020-02-04,35.04999923706055
2020-02-05,36.349998474121094
2020-02-06,35.150001525878906
2020-02-07,34.08000183105469
2020-02-10,33.22999954223633
2020-02-11,34.4900016784668
2020-02-12,35.689998626708984
2020-02-13,36.630001068115234
2020-02-14,37.650001525878906
2020-02-18,34.45000076293945
2020-02-19,35.189998626708984
2020-02-20,35.689998626708984
2020-02-21,34.9900016784668
2020-02-24,31.0
2020-02-25,31.780000686645508
2020-02-26,29.719999313354492
2020-02-27,28.149999618530273
2020-02-28,27.760000228881836
2020-03-02,29.209999084472656
2020-03-03,30.110000610351562
2020-03-04,30.559999465942383
2020-03-05,30.260000228881836
2020-03-06,28.3700008392334
2020-03-09,26.309999465942383
2020-03-10,27.110000610351562
2020-03-11,25.65999984741211
2020-03-12,22.8700008392334
2020-03-13,22.729999542236328
2020-03-16,18.0
2020-03-17,20.5
2020-03-18,18.719999313354492
2020-03-19,14.239999771118164
2020-03-20,17.5
2020-03-23,16.25
2020-03-24,17.239999771118164
2020-03-25,18.290000915527344
2020-03-26,21.09000015258789
2020-03-27,20.020000457763672
2020-03-30,20.84000015258789
2020-03-31,20.360000610351562
2020-04-01,18.469999313354492
2020-04-02,17.0
2020-04-03,17.049999237060547
2020-04-06,16.56999969482422
2020-04-07,21.34000015258789
2020-04-08,21.34000015258789
2020-04-09,22.8700008392334
2020-04-13,22.25
2020-04-14,22.25
2020-04-15,21.600000381469727
2020-04-16,22.010000228881836
2020-04-17,22.68000030517578
2020-04-20,22.100000381469727
2020-04-21,20.56999969482422
2020-04-22,21.5
2020-04-23,22.510000228881836
2020-04-24,21.989999771118164
2020-04-27,22.670000076293945
2020-04-28,24.0
2020-04-29,25.350000381469727
2020-04-30,26.6200008392334
2020-05-01,24.170000076293945
2020-05-04,22.25
2020-05-05,23.25
2020-05-06,22.610000610351562
2020-05-07,23.1200008392334
2020-05-08,23.43000030517578
2020-05-11,22.719999313354492
2020-05-12,22.969999313354492
2020-05-13,21.540000915527344
2020-05-14,20.1299991607666
2020-05-15,21.010000228881836
2020-05-18,21.450000762939453
2020-05-19,21.770000457763672
2020-05-20,22.729999542236328
2020-05-21,22.6200008392334
2020-05-22,22.09000015258789
2020-05-26,22.549999237060547
2020-05-27,23.709999084472656
2020-05-28,24.15999984741211
2020-05-29,22.1299991607666
2020-06-01,22.799999237060547
2020-06-02,23.040000915527344
2020-06-03,23.25
2020-06-04,24.600000381469727
2020-06-05,25.709999084472656
2020-06-08,26.75
2020-06-09,25.899999618530273
2020-06-10,26.0
2020-06-11,24.100000381469727
2020-06-12,23.139999389648438
2020-06-15,21.6299991607666
2020-06-16,23.510000228881836
2020-06-17,23.829999923706055
2020-06-18,23.690000534057617
2020-06-19,24.149999618530273
2020-06-22,23.940000534057617
2020-06-23,25.15999984741211
2020-06-24,25.149999618530273
2020-06-25,24.56999969482422
2020-06-26,25.950000762939453
2020-06-29,25.799999237060547
2020-06-30,25.0
2020-07-01,26.579999923706055
2020-07-02,26.799999237060547
2020-07-06,27.309999465942383
2020-07-07,27.440000534057617
2020-07-08,26.899999618530273
2020-07-09,27.15999984741211
2020-07-10,27.90999984741211
2020-07-13,27.799999237060547
2020-07-14,27.329999923706055
2020-07-15,28.770000457763672
2020-07-16,27.84000015258789
2020-07-17,28.610000610351562
2020-07-20,28.25
2020-07-21,29.34000015258789
2020-07-22,28.639999389648438
2020-07-23,28.920000076293945
2020-07-24,29.770000457763672
2020-07-27,29.450000762939453
2020-07-28,30.540000915527344
2020-07-29,29.799999237060547
2020-07-30,30.329999923706055
2020-07-31,33.0
2020-08-03,32.91999816894531
2020-08-04,35.650001525878906
2020-08-05,33.04999923706055
2020-08-06,31.790000915527344
2020-08-07,31.8799991607666
2020-08-10,30.15999984741211
2020-08-11,29.309999465942383
2020-08-12,28.670000076293945
2020-08-13,29.770000457763672
2020-08-14,29.59000015258789
2020-08-17,29.989999771118164
2020-08-18,30.84000015258789
2020-08-19,28.989999771118164
2020-08-20,28.350000381469727
2020-08-21,27.549999237060547
2020-08-24,26.979999542236328
2020-08-25,27.149999618530273
2020-08-26,26.739999771118164
2020-08-27,26.399999618530273
2020-08-28,25.139999389648438
2020-08-31,25.90999984741211
2020-09-01,25.309999465942383
2020-09-02,26.200000762939453
2020-09-03,26.25
2020-09-04,24.950000762939453
2020-09-08,22.18000030517578
2020-09-09,21.440000534057617
2020-09-10,20.989999771118164
2020-09-11,20.780000686645508
2020-09-14,20.299999237060547
2020-09-15,21.8700008392334
2020-09-16,21.0
2020-09-17,20.829999923706055
2020-09-18,21.690000534057617
2020-09-21,21.950000762939453
2020-09-22,22.520000457763672
2020-09-23,21.709999084472656
2020-09-24,20.469999313354492
2020-09-25,21.639999389648438
2020-09-28,21.200000762939453
2020-09-29,21.670000076293945
2020-09-30,21.739999771118164
2020-10-01,21.860000610351562
2020-10-02,21.829999923706055
2020-10-05,22.399999618530273
2020-10-06,22.950000762939453
2020-10-07,23.1200008392334
2020-10-08,23.360000610351562
2020-10-09,24.690000534057617
2020-10-12,26.190000534057617
2020-10-13,26.6200008392334
2020-10-14,26.139999389648438
2020-10-15,25.030000686645508
2020-10-16,26.06999969482422
2020-10-19,25.299999237060547
2020-10-20,25.040000915527344
2020-10-21,24.299999237060547
2020-10-22,24.18000030517578
2020-10-23,24.420000076293945
2020-10-26,23.93000030517578
2020-10-27,24.770000457763672
2020-10-28,23.149999618530273
2020-10-29,22.860000610351562
2020-10-30,23.600000381469727
2020-11-02,23.559999465942383
2020-11-03,23.399999618530273
2020-11-04,25.229999542236328
2020-11-05,26.68000030517578
2020-11-06,27.149999618530273
2020-11-09,28.200000762939453
2020-11-10,27.5
2020-11-11,27.0
2020-11-12,27.920000076293945
2020-11-13,27.440000534057617
2020-11-16,28.399999618530273
2020-11-17,27.579999923706055
2020-11-18,27.959999084472656
2020-11-19,28.649999618530273
2020-11-20,29.360000610351562
2020-11-23,29.450000762939453
2020-11-24,31.079999923706055
2020-11-25,32.06999969482422
2020-11-27,31.969999313354492
2020-11-30,33.0
2020-12-01,32.22999954223633
2020-12-02,33.369998931884766
2020-12-03,34.68000030517578
2020-12-04,35.060001373291016
2020-12-07,37.189998626708984
2020-12-08,35.689998626708984
2020-12-09,34.099998474121094
2020-12-10,31.899999618530273
2020-12-11,31.979999542236328
2020-12-14,32.560001373291016
2020-12-15,31.579999923706055
2020-12-16,31.799999237060547
2020-12-17,30.8700008392334
2020-12-18,31.110000610351562
2020-12-21,30.65999984741211
2020-12-22,30.549999237060547
2020-12-23,30.399999618530273
2020-12-24,30.18000030517578
2020-12-28,30.989999771118164
2020-12-29,30.84000015258789
2020-12-30,29.899999618530273
2020-12-31,30.479999542236328
2021-01-04,30.860000610351562
2021-01-05,31.90999984741211
2021-01-06,33.560001373291016
2021-01-07,34.77000045776367
2021-01-08,35.959999084472656
2021-01-11,34.310001373291016
2021-01-12,37.0
2021-01-13,37.91999816894531
2021-01-14,38.33000183105469
2021-01-15,40.599998474121094
2021-01-19,40.25
2021-01-20,41.83000183105469
2021-01-21,41.95000076293945
2021-01-22,40.5
2021-01-25,40.939998626708984
2021-01-26,40.5
2021-01-27,37.08000183105469
2021-01-28,35.93000030517578
2021-01-29,39.900001525878906
2021-02-01,36.66999816894531
2021-02-02,39.0099983215332
2021-02-03,41.63999938964844
2021-02-04,40.0
2021-02-05,41.7599983215332
2021-02-08,42.0099983215332
2021-02-09,43.0
2021-02-10,43.06999969482422
2021-02-11,41.2400016784668
2021-02-12,42.900001525878906
2021-02-16,44.650001525878906
2021-02-17,44.869998931884766
2021-02-18,44.119998931884766
2021-02-19,45.0
2021-02-22,45.88999938964844
2021-02-23,43.15999984741211
2021-02-24,43.7599983215332
2021-02-25,47.150001525878906
2021-02-26,42.40999984741211
2021-03-01,44.13999938964844
2021-03-02,46.61000061035156
2021-03-03,45.22999954223633
2021-03-04,44.77000045776367
2021-03-05,42.310001373291016
2021-03-08,41.89500045776367
2021-03-09,40.75
2021-03-10,43.779998779296875
2021-03-11,44.529998779296875
2021-03-12,45.0
2021-03-15,45.959999084472656
2021-03-16,47.5099983215332
2021-03-17,48.45000076293945
2021-03-18,49.0099983215332
2021-03-19,46.83000183105469
2021-03-22,47.0
2021-03-23,47.970001220703125
2021-03-24,46.70000076293945
2021-03-25,44.810001373291016
2021-03-26,46.83000183105469
2021-03-29,51.709999084472656
2021-03-30,49.0099983215332
2021-03-31,51.369998931884766
2021-04-01,55.0
2021-04-05,62.650001525878906
2021-04-06,61.88999938964844
2021-04-07,60.099998474121094
2021-04-08,61.2400016784668
2021-04-09,60.540000915527344
2021-04-12,59.849998474121094
2021-04-13,59.470001220703125
2021-04-14,58.040000915527344
2021-04-15,61.040000915527344
2021-04-16,59.13999938964844
2021-04-19,58.02000045776367
2021-04-20,57.0
2021-04-21,57.06999969482422
2021-04-22,59.5099983215332
2021-04-23,58.099998474121094
2021-04-26,59.2599983215332
2021-04-27,60.4900016784668
2021-04-28,60.0
2021-04-29,60.18000030517578
2021-04-30,56.084999084472656
2021-05-03,56.91999816894531
2021-05-04,55.27000045776367
2021-05-05,55.5
2021-05-06,53.83000183105469
2021-05-07,54.81999969482422
2021-05-10,54.369998931884766
2021-05-11,48.59000015258789
2021-05-12,49.619998931884766
2021-05-13,48.959999084472656
2021-05-14,50.060001373291016
2021-05-17,49.63999938964844
2021-05-18,50.5
2021-05-19,48.189998626708984
2021-05-20,51.88999938964844
2021-05-21,53.709999084472656
2021-05-24,52.959999084472656
2021-05-25,54.099998474121094
2021-05-26,52.709999084472656
2021-05-27,52.9900016784668
2021-05-28,55.290000915527344
2021-06-01,56.97999954223633
2021-06-02,56.79999923706055
2021-06-03,54.290000915527344
2021-06-04,55.43000030517578
2021-06-07,56.0099983215332
2021-06-08,55.689998626708984
2021-06-09,54.689998626708984
2021-06-10,54.15999984741211
2021-06-11,55.060001373291016
2021-06-14,55.189998626708984
2021-06-15,55.52000045776367
2021-06-16,54.61000061035156
2021-06-17,54.2599983215332
2021-06-18,51.619998931884766
2021-06-21,48.849998474121094
2021-06-22,48.689998626708984
2021-06-23,50.220001220703125
2021-06-24,50.939998626708984
2021-06-25,53.09000015258789
2021-06-28,53.130001068115234
2021-06-29,53.90999984741211
2021-06-30,53.349998474121094
2021-07-01,54.04999923706055
2021-07-02,53.75
2021-07-06,51.619998931884766
2021-07-07,51.810001373291016
2021-07-08,49.9900016784668
2021-07-09,49.290000915527344
2021-07-12,50.119998931884766
2021-07-13,51.310001373291016
2021-07-14,51.290000915527344
2021-07-15,49.77000045776367
2021-07-16,48.77000045776367
2021-07-19,44.09000015258789
2021-07-20,45.72999954223633
2021-07-21,47.4900016784668
2021-07-22,49.04999923706055
2021-07-23,48.47999954223633
2021-07-26,48.33000183105469
2021-07-27,47.45000076293945
2021-07-28,46.970001220703125
2021-07-29,48.5
2021-07-30,48.79999923706055
2021-08-02,52.0
2021-08-03,50.22999954223633
2021-08-04,47.59000015258789
2021-08-05,46.47999954223633
2021-08-06,45.790000915527344
2021-08-09,46.20000076293945
2021-08-10,47.66999816894531
2021-08-11,46.369998931884766
2021-08-12,44.369998931884766
2021-08-13,42.119998931884766
2021-08-16,40.90999984741211
2021-08-17,40.599998474121094
2021-08-18,40.13999938964844
2021-08-19,37.6150016784668
2021-08-20,39.310001373291016
2021-08-23,40.64099884033203
2021-08-24,41.36000061035156
2021-08-25,40.65999984741211
2021-08-26,41.5
2021-08-27,41.439998626708984
2021-08-30,44.130001068115234
2021-08-31,44.75
2021-09-01,46.41999816894531
2021-09-02,46.099998474121094
2021-09-03,46.13999938964844
2021-09-07,46.720001220703125
2021-09-08,45.63999938964844
2021-09-09,44.060001373291016
2021-09-10,45.58000183105469
2021-09-13,44.630001068115234
2021-09-14,45.279998779296875
2021-09-15,44.470001220703125
2021-09-16,44.27000045776367
2021-09-17,44.900001525878906
2021-09-20,42.279998779296875
2021-09-21,43.689998626708984
2021-09-22,43.709999084472656
2021-09-23,44.68000030517578
2021-09-24,44.56999969482422
2021-09-27,44.08000183105469
2021-09-28,43.47999954223633
2021-09-29,43.099998474121094
2021-09-30,41.25
2021-10-01,41.209999084472656
2021-10-04,40.5099983215332
2021-10-05,40.43000030517578
2021-10-06,39.5099983215332
2021-10-07,40.20000076293945
2021-10-08,40.4900016784668
2021-10-11,39.790000915527344
2021-10-12,40.209999084472656
2021-10-13,39.779998779296875
2021-10-14,40.27000045776367
2021-10-15,41.099998474121094
2021-10-18,40.5
2021-10-19,40.0
2021-10-20,40.619998931884766
2021-10-21,39.02000045776367
2021-10-22,38.4900016784668
2021-10-25,38.150001525878906
2021-10-26,38.599998474121094
2021-10-27,37.79999923706055
2021-10-28,38.939998626708984
2021-10-29,43.61000061035156
2021-11-01,44.029998779296875
2021-11-02,46.08000183105469
2021-11-03,46.334999084472656
2021-11-04,46.970001220703125
2021-11-05,46.540000915527344
2021-11-08,47.189998626708984
2021-11-09,48.220001220703125
2021-11-10,47.540000915527344
2021-11-11,47.630001068115234
2021-11-12,47.23500061035156
2021-11-15,49.0099983215332
2021-11-16,48.599998474121094
2021-11-17,49.31999969482422
2021-11-18,50.06999969482422
2021-11-19,48.41999816894531
2021-11-22,49.400001525878906
2021-11-23,49.72999954223633
2021-11-24,49.40999984741211
2021-11-26,48.2400016784668
2021-11-29,48.540000915527344
2021-11-30,48.0
2021-12-01,49.02000045776367
2021-12-02,47.43000030517578
2021-12-03,46.58000183105469
2021-12-06,43.7400016784668
2021-12-07,44.9900016784668
2021-12-08,46.52000045776367
2021-12-09,47.04999923706055
2021-12-10,45.880001068115234
2021-12-13,44.68000030517578
2021-12-14,42.15999984741211
2021-12-15,42.334999084472656
2021-12-16,45.279998779296875
2021-12-17,41.790000915527344
2021-12-20,42.18000030517578
2021-12-21,42.61000061035156
2021-12-22,43.20000076293945
2021-12-23,44.59000015258789
2021-12-27,45.72999954223633
2021-12-28,47.79999923706055
2021-12-29,45.790000915527344
2021-12-30,46.18000030517578
2021-12-31,46.33000183105469
2022-01-03,46.63999938964844
2022-01-04,47.79999923706055
2022-01-05,47.08000183105469
2022-01-06,44.25
2022-01-07,45.90999984741211
2022-01-10,43.36000061035156
2022-01-11,43.13999938964844
2022-01-12,44.81999969482422
2022-01-13,46.880001068115234
2022-01-14,45.66999816894531
2022-01-18,48.279998779296875
2022-01-19,45.0
2022-01-20,42.90999984741211
2022-01-21,41.029998779296875
2022-01-24,40.20000076293945
2022-01-25,40.68000030517578
2022-01-26,41.369998931884766
2022-01-27,41.650001525878906
2022-01-28,37.16999816894531
2022-01-31,38.7400016784668
2022-02-01,42.81999969482422
2022-02-02,43.439998626708984
2022-02-03,41.529998779296875
2022-02-04,40.84000015258789
2022-02-07,41.5
2022-02-08,40.880001068115234
2022-02-09,40.0
2022-02-10,40.119998931884766
2022-02-11,40.15999984741211
2022-02-14,38.40999984741211
2022-02-15,39.560001373291016
2022-02-16,39.63999938964844
2022-02-17,39.25
2022-02-18,39.33000183105469
2022-02-22,37.439998626708984
2022-02-23,36.439998626708984
2022-02-24,31.799999237060547
2022-02-25,35.20000076293945
2022-02-28,35.439998626708984
2022-03-01,35.119998931884766
2022-03-02,33.75
2022-03-03,34.790000915527344
2022-03-04,32.369998931884766
2022-03-07,32.06999969482422
2022-03-08,32.130001068115234
2022-03-09,34.04999923706055
2022-03-10,33.43000030517578
2022-03-11,34.7400016784668
2022-03-14,33.27000045776367
2022-03-15,33.189998626708984
2022-03-16,34.18000030517578
2022-03-17,35.09000015258789
2022-03-18,37.59000015258789
2022-03-21,36.959999084472656
2022-03-22,36.2400016784668
2022-03-23,35.61000061035156
2022-03-24,35.16999816894531
2022-03-25,36.4900016784668
2022-03-28,35.720001220703125
2022-03-29,36.45000076293945
2022-03-30,37.290000915527344
2022-03-31,36.43000030517578
2022-04-01,36.58000183105469
2022-04-04,34.099998474121094
2022-04-05,34.66999816894531
2022-04-06,31.610000610351562
2022-04-07,30.780000686645508
2022-04-08,31.15999984741211
2022-04-11,29.860000610351562
2022-04-12,30.31999969482422
2022-04-13,29.969999313354492
2022-04-14,30.65999984741211
2022-04-18,28.760000228881836
2022-04-19,29.360000610351562
2022-04-20,30.719999313354492
2022-04-21,30.729999542236328
2022-04-22,28.860000610351562
2022-04-25,27.979999542236328
2022-04-26,28.8700008392334
2022-04-27,28.209999084472656
2022-04-28,29.149999618530273
2022-04-29,29.360000610351562
2022-05-02,29.229999542236328
2022-05-03,29.489999771118164
2022-05-04,30.600000381469727
2022-05-05,31.43000030517578
2022-05-06,30.8799991607666
2022-05-09,31.260000228881836
2022-05-10,30.479999542236328
2022-05-11,26.0
2022-05-12,24.940000534057617
2022-05-13,26.799999237060547
2022-05-16,27.920000076293945
2022-05-17,28.889999389648438
2022-05-18,29.040000915527344
2022-05-19,28.399999618530273
2022-05-20,29.059999465942383
2022-05-23,28.100000381469727
2022-05-24,27.670000076293945
2022-05-25,26.309999465942383
2022-05-26,27.15999984741211
2022-05-27,29.690000534057617
2022-05-31,30.989999771118164
2022-06-01,30.489999771118164
2022-06-02,29.40999984741211
2022-06-03,29.979999542236328
2022-06-06,30.59000015258789
2022-06-07,29.200000762939453
2022-06-08,29.889999389648438
2022-06-09,29.190000534057617
2022-06-10,28.219999313354492
2022-06-13,27.219999313354492
2022-06-14,26.729999542236328
2022-06-15,25.979999542236328
2022-06-16,26.440000534057617
2022-06-17,25.6299991607666
2022-06-21,26.760000228881836
2022-06-22,26.260000228881836
2022-06-23,26.649999618530273
2022-06-24,27.329999923706055
2022-06-27,27.93000030517578
2022-06-28,27.639999389648438
2022-06-29,26.110000610351562
2022-06-30,25.389999389648438
2022-07-01,25.3799991607666
2022-07-05,21.440000534057617
2022-07-06,22.31999969482422
2022-07-07,23.219999313354492
2022-07-08,24.979999542236328
2022-07-11,25.309999465942383
2022-07-12,25.469999313354492
2022-07-13,25.530000686645508
2022-07-14,26.43000030517578
2022-07-15,28.209999084472656
2022-07-18,28.5
2022-07-19,27.59000015258789
2022-07-20,28.610000610351562
2022-07-21,30.65999984741211
2022-07-22,31.0
2022-07-25,29.56999969482422
2022-07-26,29.010000228881836
2022-07-27,29.360000610351562
2022-07-28,30.049999237060547
2022-07-29,31.239999771118164
2022-08-01,30.940000534057617
2022-08-02,30.260000228881836
2022-08-03,30.84000015258789
2022-08-04,32.18000030517578
2022-08-05,32.79999923706055
2022-08-08,32.7599983215332
2022-08-09,31.3799991607666
2022-08-10,32.9900016784668
2022-08-11,34.150001525878906
2022-08-12,34.02000045776367
2022-08-15,35.95000076293945
2022-08-16,35.95000076293945
2022-08-17,36.18000030517578
2022-08-18,35.189998626708984
2022-08-19,35.34000015258789
2022-08-22,33.72999954223633
2022-08-23,33.20000076293945
2022-08-24,33.61000061035156
2022-08-25,33.970001220703125
2022-08-26,35.47999954223633
2022-08-29,32.79999923706055
2022-08-30,32.54999923706055
2022-08-31,31.510000228881836
2022-09-01,29.84000015258789
2022-09-02,29.639999389648438
2022-09-06,28.510000228881836
2022-09-07,28.020000457763672
2022-09-08,28.049999237060547
2022-09-09,29.489999771118164
2022-09-12,29.760000228881836
2022-09-13,28.280000686645508
2022-09-14,28.670000076293945
2022-09-15,28.010000228881836
2022-09-16,27.049999237060547
2022-09-19,27.350000381469727
2022-09-20,26.8799991607666
2022-09-21,27.450000762939453
2022-09-22,26.739999771118164
2022-09-23,25.81999969482422
2022-09-26,25.520000457763672
2022-09-27,25.149999618530273
2022-09-28,24.920000076293945
2022-09-29,25.56999969482422
2022-09-30,24.709999084472656
2022-10-03,24.969999313354492
2022-10-04,26.93000030517578
2022-10-05,26.43000030517578
2022-10-06,27.100000381469727
2022-10-07,26.219999313354492
2022-10-10,25.260000228881836
2022-10-11,23.760000228881836
2022-10-12,23.219999313354492
2022-10-13,21.549999237060547
2022-10-14,24.020000457763672
2022-10-17,22.579999923706055
2022-10-18,23.280000686645508
2022-10-19,22.389999389648438
2022-10-20,22.549999237060547
2022-10-21,21.8700008392334
2022-10-24,23.239999771118164
2022-10-25,23.309999465942383
2022-10-26,24.0
2022-10-27,24.8799991607666
2022-10-28,24.979999542236328
2022-10-31,25.8700008392334
2022-11-01,26.200000762939453
2022-11-02,26.3700008392334
2022-11-03,23.959999084472656
2022-11-04,23.8700008392334
2022-11-07,25.139999389648438
2022-11-08,26.040000915527344
2022-11-09,27.649999618530273
2022-11-10,27.760000228881836
2022-11-11,28.139999389648438
2022-11-14,29.079999923706055
2022-11-15,30.239999771118164
2022-11-16,29.6200008392334
2022-11-17,27.34000015258789
2022-11-18,29.520000457763672
2022-11-21,28.079999923706055
2022-11-22,28.290000915527344
2022-11-23,28.440000534057617
2022-11-25,28.440000534057617
2022-11-28,27.920000076293945
2022-11-29,26.700000762939453
2022-11-30,27.81999969482422
2022-12-01,30.0
2022-12-02,28.90999984741211
2022-12-05,28.8799991607666
2022-12-06,28.959999084472656
2022-12-07,28.559999465942383
2022-12-08,28.850000381469727
2022-12-09,29.520000457763672
2022-12-12,29.059999465942383
2022-12-13,31.709999084472656
2022-12-14,31.34000015258789
2022-12-15,29.940000534057617
2022-12-16,28.25
2022-12-19,28.610000610351562
2022-12-20,27.030000686645508
2022-12-21,28.209999084472656
2022-12-22,27.290000915527344
2022-12-23,26.229999542236328
2022-12-27,26.270000457763672
2022-12-28,26.079999923706055
2022-12-29,25.989999771118164
2022-12-30,26.65999984741211
2023-01-03,27.520000457763672
2023-01-04,27.239999771118164
2023-01-05,27.600000381469727
2023-01-06,28.709999084472656
2023-01-09,29.850000381469727
2023-01-10,29.15999984741211
2023-01-11,25.469999313354492
2023-01-12,28.780000686645508
2023-01-13,29.559999465942383
2023-01-17,30.729999542236328
2023-01-18,31.889999389648438
2023-01-19,31.190000534057617
2023-01-20,31.600000381469727
2023-01-23,32.09000015258789
2023-01-24,32.810001373291016
2023-01-25,32.470001220703125
2023-01-26,34.25
2023-01-27,33.4900016784668
2023-01-30,33.36000061035156
2023-01-31,32.540000915527344
2023-02-01,34.060001373291016
2023-02-02,36.20000076293945
2023-02-03,36.060001373291016
2023-02-06,35.5099983215332
2023-02-07,35.36000061035156
2023-02-08,36.40999984741211
2023-02-09,37.779998779296875
2023-02-10,35.16999816894531
2023-02-13,35.27000045776367
2023-02-14,35.06999969482422
2023-02-15,35.119998931884766
2023-02-16,35.43000030517578
2023-02-17,35.349998474121094
2023-02-21,33.56999969482422
2023-02-22,32.90999984741211
2023-02-23,33.75
2023-02-24,32.130001068115234
2023-02-27,32.849998474121094
2023-02-28,32.560001373291016
2023-03-01,33.09000015258789
2023-03-02,32.400001525878906
2023-03-03,32.70000076293945
2023-03-06,32.75
2023-03-07,31.360000610351562
2023-03-08,31.030000686645508
2023-03-09,31.700000762939453
2023-03-10,31.25
2023-03-13,29.3799991607666
2023-03-14,30.350000381469727
2023-03-15,29.239999771118164
2023-03-16,28.829999923706055
2023-03-17,30.219999313354492
2023-03-20,29.969999313354492
2023-03-21,30.350000381469727
2023-03-22,29.860000610351562
2023-03-23,29.809999465942383
2023-03-24,30.020000457763672
2023-03-27,30.5
2023-03-28,30.06999969482422
2023-03-29,30.190000534057617
2023-03-30,30.920000076293945
2023-03-31,31.200000762939453
2023-04-03,32.56999969482422
2023-04-04,32.86000061035156
2023-04-05,29.8799991607666
2023-04-06,29.549999237060547
2023-04-10,29.110000610351562
2023-04-11,30.56999969482422
2023-04-12,30.81999969482422
2023-04-13,29.790000915527344
2023-04-14,29.520000457763672
2023-04-17,28.8799991607666
2023-04-18,29.510000228881836
2023-04-19,27.940000534057617
2023-04-20,27.850000381469727
2023-04-21,28.530000686645508
2023-04-24,28.559999465942383
2023-04-25,28.200000762939453
2023-04-26,27.110000610351562
2023-04-27,27.1299991607666
2023-04-28,27.610000610351562
2023-05-01,27.969999313354492
2023-05-02,28.030000686645508
2023-05-03,27.829999923706055
2023-05-04,27.56999969482422
2023-05-05,27.700000762939453
2023-05-08,28.3700008392334
2023-05-09,27.920000076293945
2023-05-10,25.5
2023-05-11,25.950000762939453
2023-05-12,26.600000381469727
2023-05-15,27.489999771118164
2023-05-16,27.600000381469727
2023-05-17,28.84000015258789
2023-05-18,29.719999313354492
2023-05-19,31.850000381469727
2023-05-22,30.649999618530273
2023-05-23,30.81999969482422
2023-05-24,29.84000015258789
2023-05-25,30.059999465942383
2023-05-26,30.68000030517578
2023-05-30,32.84000015258789
2023-05-31,30.780000686645508
2023-06-01,30.290000915527344
2023-06-02,31.139999389648438
2023-06-05,31.09000015258789
2023-06-06,30.709999084472656
2023-06-07,32.54999923706055
2023-06-08,33.93000030517578
2023-06-09,34.7599983215332
2023-06-12,34.58000183105469
2023-06-13,36.34000015258789
2023-06-14,36.720001220703125
2023-06-15,36.70000076293945
2023-06-16,37.45000076293945
2023-06-20,37.029998779296875
2023-06-21,36.72999954223633
2023-06-22,36.06999969482422
2023-06-23,35.08000183105469
2023-06-26,35.70000076293945
2023-06-27,35.58000183105469
2023-06-28,36.58000183105469
2023-06-29,37.369998931884766
2023-06-30,37.58000183105469
2023-07-03,37.27000045776367
2023-07-05,37.25
2023-07-06,35.31999969482422
2023-07-07,35.34000015258789
2023-07-10,34.52000045776367
2023-07-11,34.9900016784668
2023-07-12,34.09000015258789
2023-07-13,34.61000061035156
2023-07-14,36.279998779296875
2023-07-17,36.59000015258789
2023-07-18,37.5
2023-07-19,38.0
2023-07-20,36.099998474121094
2023-07-21,36.11000061035156
2023-07-24,35.369998931884766
2023-07-25,35.13999938964844
2023-07-26,35.27000045776367
2023-07-27,37.150001525878906
2023-07-28,37.7400016784668
2023-07-31,37.630001068115234
2023-08-01,38.2400016784668
2023-08-02,37.79999923706055
2023-08-03,35.650001525878906
2023-08-04,35.869998931884766
2023-08-07,36.40999984741211
2023-08-08,35.97999954223633
2023-08-09,35.119998931884766
2023-08-10,35.09000015258789
2023-08-11,34.16999816894531
2023-08-14,33.4900016784668
2023-08-15,33.68000030517578
2023-08-16,33.380001068115234
2023-08-17,33.40999984741211
2023-08-18,32.31999969482422
2023-08-21,33.84000015258789
2023-08-22,34.689998626708984
2023-08-23,33.959999084472656
2023-08-24,35.029998779296875
2023-08-25,33.900001525878906
2023-08-28,34.040000915527344
2023-08-29,34.02000045776367
2023-08-30,35.13999938964844
2023-08-31,36.619998931884766
2023-09-01,36.84000015258789
2023-09-05,36.650001525878906
2023-09-06,35.0
2023-09-07,33.83000183105469
2023-09-08,32.5
2023-09-11,32.4900016784668
2023-09-12,31.280000686645508
2023-09-13,31.329999923706055
2023-09-14,31.780000686645508
2023-09-15,31.559999465942383
2023-09-18,30.469999313354492
2023-09-19,30.75
2023-09-20,30.760000228881836
2023-09-21,29.530000686645508
2023-09-22,29.770000457763672
2023-09-25,29.81999969482422
2023-09-26,30.440000534057617
2023-09-27,30.719999313354492
2023-09-28,30.489999771118164
2023-09-29,31.030000686645508
2023-10-02,30.93000030517578
2023-10-03,30.40999984741211
2023-10-04,30.030000686645508
2023-10-05,30.219999313354492
2023-10-06,29.639999389648438
2023-10-09,29.8700008392334
2023-10-10,29.489999771118164
2023-10-11,29.989999771118164
2023-10-12,29.989999771118164
2023-10-13,30.09000015258789
2023-10-16,29.639999389648438
2023-10-17,28.899999618530273
2023-10-18,29.030000686645508
2023-10-19,28.920000076293945
2023-10-20,26.6299991607666
2023-10-23,25.549999237060547
2023-10-24,25.3700008392334
2023-10-25,25.440000534057617
2023-10-26,24.81999969482422
2023-10-27,25.020000457763672
2023-10-30,24.469999313354492
2023-10-31,23.760000228881836
2023-11-01,24.219999313354492
2023-11-02,25.0
2023-11-03,26.049999237060547
2023-11-06,26.110000610351562
2023-11-07,23.510000228881836
2023-11-08,22.780000686645508
2023-11-09,23.450000762939453
2023-11-10,22.639999389648438
2023-11-13,23.520000457763672
2023-11-14,24.75
2023-11-15,25.399999618530273
2023-11-16,25.93000030517578
2023-11-17,26.09000015258789
2023-11-20,25.209999084472656
2023-11-21,25.450000762939453
2023-11-22,25.940000534057617
2023-11-24,26.260000228881836
2023-11-27,26.25
2023-11-28,26.309999465942383
2023-11-29,26.780000686645508
2023-11-30,26.56999969482422
2023-12-01,25.959999084472656
2023-12-04,26.34000015258789
2023-12-05,26.6200008392334
2023-12-06,26.209999084472656
2023-12-07,25.899999618530273
2023-12-08,26.40999984741211
2023-12-11,27.139999389648438
2023-12-12,27.459999084472656
2023-12-13,27.469999313354492
2023-12-14,29.299999237060547
2023-12-15,31.760000228881836
2023-12-18,31.1200008392334
2023-12-19,31.739999771118164
2023-12-20,31.809999465942383
2023-12-21,32.099998474121094
2023-12-22,33.130001068115234
2023-12-26,33.83000183105469
2023-12-27,34.81999969482422
2023-12-28,34.20000076293945
2023-12-29,34.45000076293945
2024-01-02,33.150001525878906
2024-01-03,32.900001525878906
2024-01-04,32.77000045776367
2024-01-05,31.729999542236328
2024-01-08,32.29999923706055
2024-01-09,31.399999618530273
2024-01-10,33.02000045776367
2024-01-11,32.40999984741211
2024-01-12,32.290000915527344
2024-01-16,32.5
2024-01-17,32.720001220703125
2024-01-18,33.41999816894531
2024-01-19,36.0099983215332
2024-01-22,36.22999954223633
2024-01-23,37.880001068115234
2024-01-24,38.790000915527344
2024-01-25,38.83000183105469
2024-01-26,37.650001525878906
2024-01-29,36.75
2024-01-30,37.650001525878906
2024-01-31,37.220001220703125
2024-02-01,36.34000015258789
2024-02-02,36.72999954223633
2024-02-05,37.61000061035156
2024-02-06,37.630001068115234
2024-02-07,37.290000915527344
2024-02-08,38.79999923706055
2024-02-09,40.900001525878906
2024-02-12,42.84000015258789
2024-02-13,41.040000915527344
2024-02-14,42.31999969482422
2024-02-15,44.220001220703125
2024-02-16,45.40999984741211
2024-02-20,43.970001220703125
2024-02-21,40.81999969482422
2024-02-22,44.18000030517578
2024-02-23,44.40999984741211
2024-02-26,43.13999938964844
2024-02-27,43.66999816894531
2024-02-28,42.540000915527344
2024-02-29,43.56999969482422
2024-03-01,43.029998779296875
2024-03-04,44.380001068115234
2024-03-05,42.88999938964844
2024-03-06,43.61000061035156
2024-03-07,44.2599983215332
2024-03-08,44.310001373291016
2024-03-11,42.41999816894531
2024-03-12,42.400001525878906
2024-03-13,39.04999923706055
2024-03-14,37.400001525878906
2024-03-15,36.54999923706055
2024-03-18,37.0
2024-03-19,36.0
2024-03-20,36.33000183105469
2024-03-21,38.0
2024-03-22,37.25
2024-03-25,36.9900016784668
2024-03-26,38.040000915527344
2024-03-27,38.43000030517578
2024-03-28,38.810001373291016
2024-04-01,38.61000061035156
2024-04-02,37.810001373291016
2024-04-03,37.400001525878906
2024-04-04,39.349998474121094
2024-04-05,37.90999984741211
2024-04-08,38.5099983215332
2024-04-09,40.58000183105469
2024-04-10,38.65999984741211
2024-04-11,38.5099983215332
2024-04-12,38.689998626708984
2024-04-15,39.22999954223633
2024-04-16,38.189998626708984
2024-04-17,39.27000045776367
2024-04-18,37.81999969482422
2024-04-19,38.91999816894531
2024-04-22,37.0
2024-04-23,36.18000030517578
2024-04-24,38.09000015258789
2024-04-25,37.25
2024-04-26,38.68000030517578
2024-04-29,39.220001220703125
2024-04-30,39.59000015258789
2024-05-01,38.349998474121094
2024-05-02,38.13999938964844
2024-05-03,39.36000061035156
2024-05-06,38.56999969482422
2024-05-07,39.540000915527344
2024-05-08,36.34000015258789
2024-05-09,37.9900016784668
2024-05-10,38.2599983215332
2024-05-13,38.31999969482422
2024-05-14,37.86000061035156
2024-05-15,37.9900016784668
2024-05-16,38.41999816894531
2024-05-17,38.060001373291016
2024-05-20,38.77000045776367
2024-05-21,39.04999923706055
2024-05-22,39.7599983215332
2024-05-23,39.709999084472656
2024-05-24,38.65999984741211
2024-05-28,38.58000183105469
2024-05-29,37.529998779296875
2024-05-30,38.209999084472656
2024-05-31,38.47999954223633
2024-06-03,38.630001068115234
2024-06-04,37.189998626708984
2024-06-05,37.650001525878906
2024-06-06,37.93000030517578
2024-06-07,37.40999984741211
2024-06-10,36.63999938964844
2024-06-11,37.54999923706055
2024-06-12,38.959999084472656
2024-06-13,38.90999984741211
2024-06-14,37.619998931884766
2024-06-17,37.209999084472656
2024-06-18,36.90999984741211
2024-06-20,36.900001525878906
2024-06-21,36.939998626708984
2024-06-24,36.459999084472656
2024-06-25,36.61000061035156
2024-06-26,37.04999923706055
2024-06-27,37.880001068115234
2024-06-28,37.91999816894531
2024-07-01,38.54999923706055
2024-07-02,39.29999923706055
2024-07-03,39.77000045776367
2024-07-05,40.36000061035156
2024-07-08,40.779998779296875
2024-07-09,41.7599983215332
2024-07-10,42.61000061035156
2024-07-11,41.13999938964844
2024-07-12,40.31999969482422
2024-07-15,40.72999954223633
2024-07-16,41.34000015258789
2024-07-17,41.68000030517578
2024-07-18,38.40999984741211
2024-07-19,37.040000915527344
2024-07-22,36.189998626708984
2024-07-23,36.25
2024-07-24,36.040000915527344
2024-07-25,34.81999969482422
2024-07-26,34.79999923706055
2024-07-29,34.2599983215332
2024-07-30,33.75
2024-07-31,33.72999954223633
2024-08-01,33.529998779296875
2024-08-02,29.75
2024-08-05,26.760000228881836
2024-08-06,28.399999618530273
2024-08-07,30.079999923706055
2024-08-08,30.1299991607666
2024-08-09,29.1299991607666
2024-08-12,29.149999618530273
2024-08-13,28.809999465942383
2024-08-14,30.34000015258789
2024-08-15,31.1200008392334
2024-08-16,31.760000228881836
2024-08-19,31.610000610351562
2024-08-20,31.93000030517578
2024-08-21,31.09000015258789
2024-08-22,32.0099983215332
2024-08-23,30.90999984741211
2024-08-26,31.229999542236328
2024-08-27,30.670000076293945
2024-08-28,30.530000686645508
2024-08-29,30.530000686645508
2024-08-30,31.309999465942383
2024-09-03,30.389999389648438
2024-09-04,28.290000915527344
2024-09-05,28.440000534057617
2024-09-06,28.15999984741211
2024-09-09,27.479999542236328
2024-09-10,27.3700008392334
2024-09-11,27.780000686645508
2024-09-12,28.420000076293945
2024-09-13,28.479999542236328
2024-09-16,28.600000381469727
2024-09-17,28.81999969482422
2024-09-18,28.969999313354492
2024-09-19,28.3799991607666
2024-09-20,28.149999618530273
2024-09-23,27.68000030517578
2024-09-24,27.559999465942383
2024-09-25,27.530000686645508
2024-09-26,29.940000534057617
2024-09-27,32.099998474121094
2024-09-30,31.510000228881836
2024-10-01,31.68000030517578
2024-10-02,30.239999771118164
2024-10-03,30.93000030517578
2024-10-04,30.90999984741211
2024-10-07,30.690000534057617
2024-10-08,30.850000381469727
2024-10-09,30.610000610351562
2024-10-10,28.959999084472656
2024-10-11,28.75
2024-10-14,29.709999084472656
2024-10-15,30.010000228881836
2024-10-16,28.579999923706055
2024-10-17,28.219999313354492
2024-10-18,29.0
2024-10-21,28.34000015258789
2024-10-22,27.600000381469727
2024-10-23,27.049999237060547
2024-10-24,27.360000610351562
2024-10-25,27.299999237060547
2024-10-28,27.510000228881836
2024-10-29,27.729999542236328
2024-10-30,27.65999984741211
2024-10-31,28.170000076293945
2024-11-01,27.3700008392334
2024-11-04,27.510000228881836
2024-11-05,31.5
2024-11-06,32.560001373291016
2024-11-07,32.83000183105469
2024-11-08,33.52000045776367
2024-11-11,33.77000045776367
2024-11-12,33.040000915527344
2024-11-13,32.650001525878906
2024-11-14,32.5
2024-11-15,31.34000015258789
2024-11-18,30.200000762939453
2024-11-19,30.09000015258789
2024-11-20,30.43000030517578
2024-11-21,31.440000534057617
2024-11-22,32.689998626708984
2024-11-25,33.68000030517578
2024-11-26,34.31999969482422
2024-11-27,32.70000076293945
2024-11-29,32.41999816894531
2024-12-02,33.349998474121094
2024-12-03,35.400001525878906
2024-12-04,36.06999969482422
2024-12-05,34.560001373291016
2024-12-06,33.22999954223633
2024-12-09,33.43000030517578
2024-12-10,33.400001525878906
2024-12-11,33.04999923706055
2024-12-12,33.029998779296875
2024-12-13,33.349998474121094
2024-12-16,32.2400016784668
2024-12-17,32.5099983215332
2024-12-18,32.2400016784668
2024-12-19,31.1200008392334
2024-12-20,29.40999984741211
2024-12-23,29.959999084472656
2024-12-24,30.920000076293945
2024-12-26,30.770000457763672
2024-12-27,31.809999465942383
2024-12-30,30.950000762939453
2024-12-31,31.0
2025-01-02,32.36000061035156
2025-01-03,32.459999084472656
2025-01-06,33.5099983215332
2025-01-07,34.150001525878906
2025-01-08,32.81999969482422
2025-01-10,31.940000534057617
2025-01-13,30.0
2025-01-14,30.75
2025-01-15,31.979999542236328
2025-01-16,31.700000762939453
2025-01-17,32.36000061035156
2025-01-21,30.950000762939453
2025-01-22,30.729999542236328
2025-01-23,29.360000610351562
2025-01-24,29.440000534057617
2025-01-27,28.43000030517578
2025-01-28,26.770000457763672
2025-01-29,27.299999237060547
2025-01-30,27.889999389648438
2025-01-31,27.639999389648438
2025-02-03,26.5
2025-02-04,26.979999542236328
2025-02-05,30.1200008392334
2025-02-06,31.889999389648438
2025-02-07,32.75
2025-02-10,32.400001525878906
2025-02-11,33.650001525878906
2025-02-12,32.70000076293945
2025-02-13,32.099998474121094
2025-02-14,32.630001068115234
2025-02-18,31.5
2025-02-19,33.560001373291016
2025-02-20,34.97999954223633
2025-02-21,34.97999954223633
2025-02-24,33.58000183105469
2025-02-25,32.119998931884766
2025-02-26,30.31999969482422
2025-02-27,30.850000381469727
2025-02-28,29.239999771118164
2025-03-03,29.690000534057617
2025-03-04,27.75
2025-03-05,28.479999542236328
2025-03-06,27.979999542236328
2025-03-07,28.010000228881836
2025-03-10,28.329999923706055
2025-03-11,26.209999084472656
2025-03-12,25.399999618530273
2025-03-13,25.09000015258789
2025-03-14,26.049999237060547
2025-03-17,26.65999984741211
2025-03-18,26.950000762939453
2025-03-19,26.790000915527344
2025-03-20,26.8700008392334
2025-03-21,26.6299991607666
2025-03-24,27.31999969482422
2025-03-25,27.170000076293945
2025-03-26,27.290000915527344
2025-03-27,25.170000076293945
2025-03-28,24.829999923706055
2025-03-31,22.510000228881836
2025-04-01,22.469999313354492
2025-04-02,21.899999618530273
2025-04-03,21.100000381469727
2025-04-04,17.270000457763672
