2020-08-17,9.850000381469727
2020-08-18,9.9399995803833
2020-08-19,9.829999923706055
2020-08-20,9.850000381469727
2020-08-21,9.880000114440918
2020-08-24,9.850000381469727
2020-08-25,9.850000381469727
2020-08-26,9.850000381469727
2020-08-27,9.859999656677246
2020-08-28,9.84000015258789
2020-08-31,9.899999618530273
2020-09-01,9.920000076293945
2020-09-02,10.0
2020-09-03,16.200000762939453
2020-09-04,22.850000381469727
2020-09-08,21.200000762939453
2020-09-09,20.6299991607666
2020-09-10,19.309999465942383
2020-09-11,18.5
2020-09-14,18.25
2020-09-15,19.420000076293945
2020-09-16,18.799999237060547
2020-09-17,17.809999465942383
2020-09-18,18.0
2020-09-21,17.579999923706055
2020-09-22,18.75
2020-09-23,19.0
2020-09-24,16.100000381469727
2020-09-25,16.5
2020-09-28,17.780000686645508
2020-09-29,17.989999771118164
2020-09-30,17.020000457763672
2020-10-01,16.799999237060547
2020-10-02,15.880000114440918
2020-10-05,16.399999618530273
2020-10-06,14.899999618530273
2020-10-07,14.039999961853027
2020-10-08,13.899999618530273
2020-10-09,14.75
2020-10-12,15.010000228881836
2020-10-13,15.899999618530273
2020-10-14,15.010000228881836
2020-10-15,14.760000228881836
2020-10-16,15.199999809265137
2020-10-19,14.633999824523926
2020-10-20,14.960000038146973
2020-10-21,15.399999618530273
2020-10-22,14.210000038146973
2020-10-23,14.350000381469727
2020-10-26,13.75
2020-10-27,13.109999656677246
2020-10-28,12.100000381469727
2020-10-29,11.729999542236328
2020-10-30,12.1899995803833
2020-11-02,11.930000305175781
2020-11-03,12.140000343322754
2020-11-04,13.25
2020-11-05,13.130000114440918
2020-11-06,13.170000076293945
2020-11-09,14.75
2020-11-10,14.489999771118164
2020-11-11,14.149999618530273
2020-11-12,14.239999771118164
2020-11-13,15.949999809265137
2020-11-16,19.989999771118164
2020-11-17,19.239999771118164
2020-11-18,17.6200008392334
2020-11-19,18.690000534057617
2020-11-20,20.0
2020-11-23,21.5
2020-11-24,23.549999237060547
2020-11-25,20.979999542236328
2020-11-27,24.799999237060547
2020-11-30,48.09000015258789
2020-12-01,42.5
2020-12-02,31.110000610351562
2020-12-03,39.88999938964844
2020-12-04,40.77000045776367
2020-12-07,43.150001525878906
2020-12-08,51.72999954223633
2020-12-09,73.2300033569336
2020-12-10,68.51000213623047
2020-12-11,72.36499786376953
2020-12-14,62.20000076293945
2020-12-15,58.0
2020-12-16,62.65999984741211
2020-12-17,65.0
2020-12-18,69.33000183105469
2020-12-21,75.37999725341797
2020-12-22,108.44999694824219
2020-12-23,122.0199966430664
2020-12-24,114.9000015258789
2020-12-28,122.51000213623047
2020-12-29,113.3499984741211
2020-12-30,105.76000213623047
2020-12-31,97.16999816894531
2021-01-04,58.869998931884766
2021-01-05,48.810001373291016
2021-01-06,62.9900016784668
2021-01-07,69.11000061035156
2021-01-08,64.5199966430664
2021-01-11,56.0
2021-01-12,54.0
2021-01-13,59.0
2021-01-14,56.529998779296875
2021-01-15,55.900001525878906
2021-01-19,54.060001373291016
2021-01-20,51.7599983215332
2021-01-21,48.0
2021-01-22,48.70000076293945
2021-01-25,49.54999923706055
2021-01-26,47.560001373291016
2021-01-27,46.0
2021-01-28,47.02000045776367
2021-01-29,46.790000915527344
2021-02-01,44.20000076293945
2021-02-02,42.70000076293945
2021-02-03,43.66999816894531
2021-02-04,50.119998931884766
2021-02-05,47.59000015258789
2021-02-08,45.11000061035156
2021-02-09,44.439998626708984
2021-02-10,46.4900016784668
2021-02-11,44.880001068115234
2021-02-12,51.04999923706055
2021-02-16,53.689998626708984
2021-02-17,57.25
2021-02-18,62.369998931884766
2021-02-19,65.80000305175781
2021-02-22,63.29999923706055
2021-02-23,60.970001220703125
2021-02-24,57.099998474121094
2021-02-25,61.869998931884766
2021-02-26,58.099998474121094
2021-03-01,57.08000183105469
2021-03-02,58.380001068115234
2021-03-03,55.9900016784668
2021-03-04,49.5
2021-03-05,46.459999084472656
2021-03-08,45.119998931884766
2021-03-09,49.79999923706055
2021-03-10,55.2400016784668
2021-03-11,54.130001068115234
2021-03-12,55.279998779296875
2021-03-15,59.720001220703125
2021-03-16,63.630001068115234
2021-03-17,56.459999084472656
2021-03-18,58.349998474121094
2021-03-19,56.75
2021-03-22,59.52000045776367
2021-03-23,59.435001373291016
2021-03-24,58.0
2021-03-25,42.130001068115234
2021-03-26,46.11000061035156
2021-03-29,44.36000061035156
2021-03-30,42.400001525878906
2021-03-31,45.09000015258789
2021-04-01,52.15999984741211
2021-04-05,50.939998626708984
2021-04-06,48.79999923706055
2021-04-07,49.22999954223633
2021-04-08,47.4900016784668
2021-04-09,47.40999984741211
2021-04-12,44.97999954223633
2021-04-13,42.209999084472656
2021-04-14,42.970001220703125
2021-04-15,36.97999954223633
2021-04-16,37.0099983215332
2021-04-19,35.209999084472656
2021-04-20,31.06999969482422
2021-04-21,30.299999237060547
2021-04-22,34.04999923706055
2021-04-23,34.540000915527344
2021-04-26,37.16999816894531
2021-04-27,39.369998931884766
2021-04-28,37.0
2021-04-29,38.599998474121094
2021-04-30,35.959999084472656
2021-05-03,36.77000045776367
2021-05-04,34.61000061035156
2021-05-05,34.56999969482422
2021-05-06,32.349998474121094
2021-05-07,31.0
2021-05-10,30.6200008392334
2021-05-11,26.440000534057617
2021-05-12,27.729999542236328
2021-05-13,27.899999618530273
2021-05-14,27.760000228881836
2021-05-17,28.989999771118164
2021-05-18,28.0
2021-05-19,28.719999313354492
2021-05-20,28.639999389648438
2021-05-21,27.479999542236328
2021-05-24,26.31999969482422
2021-05-25,25.34000015258789
2021-05-26,24.100000381469727
2021-05-27,26.665000915527344
2021-05-28,26.5
2021-06-01,26.329999923706055
2021-06-02,26.5
2021-06-03,28.469999313354492
2021-06-04,28.56999969482422
2021-06-07,28.719999313354492
2021-06-08,30.610000610351562
2021-06-09,31.799999237060547
2021-06-10,30.969999313354492
2021-06-11,27.959999084472656
2021-06-14,27.950000762939453
2021-06-15,26.520000457763672
2021-06-16,26.739999771118164
2021-06-17,26.81999969482422
2021-06-18,27.489999771118164
2021-06-21,26.34000015258789
2021-06-22,26.25
2021-06-23,27.469999313354492
2021-06-24,29.510000228881836
2021-06-25,28.65999984741211
2021-06-28,29.18000030517578
2021-06-29,31.100000381469727
2021-06-30,30.110000610351562
2021-07-01,29.459999084472656
2021-07-02,27.739999771118164
2021-07-06,26.8700008392334
2021-07-07,26.31999969482422
2021-07-08,24.649999618530273
2021-07-09,24.639999389648438
2021-07-12,25.200000762939453
2021-07-13,24.280000686645508
2021-07-14,23.200000762939453
2021-07-15,23.15999984741211
2021-07-16,23.59000015258789
2021-07-19,22.360000610351562
2021-07-20,23.110000610351562
2021-07-21,23.770000457763672
2021-07-22,24.309999465942383
2021-07-23,23.020000457763672
2021-07-26,22.25
2021-07-27,22.420000076293945
2021-07-28,21.829999923706055
2021-07-29,24.350000381469727
2021-07-30,22.5
2021-08-02,22.899999618530273
2021-08-03,23.15999984741211
2021-08-04,21.790000915527344
2021-08-05,21.979999542236328
2021-08-06,22.0
2021-08-09,22.030000686645508
2021-08-10,23.520000457763672
2021-08-11,24.170000076293945
2021-08-12,22.90999984741211
2021-08-13,22.5
2021-08-16,21.75
2021-08-17,20.399999618530273
2021-08-18,20.5
2021-08-19,20.139999389648438
2021-08-20,19.190000534057617
2021-08-23,19.719999313354492
2021-08-24,20.84000015258789
2021-08-25,20.93000030517578
2021-08-26,21.190000534057617
2021-08-27,21.270000457763672
2021-08-30,21.5
2021-08-31,21.360000610351562
2021-09-01,22.0
2021-09-02,22.239999771118164
2021-09-03,22.760000228881836
2021-09-07,22.1200008392334
2021-09-08,21.989999771118164
2021-09-09,20.709999084472656
2021-09-10,21.420000076293945
2021-09-13,21.040000915527344
2021-09-14,21.190000534057617
2021-09-15,20.989999771118164
2021-09-16,20.5
2021-09-17,21.209999084472656
2021-09-20,21.0
2021-09-21,23.18000030517578
2021-09-22,24.15999984741211
2021-09-23,23.770000457763672
2021-09-24,26.450000762939453
2021-09-27,27.280000686645508
2021-09-28,26.280000686645508
2021-09-29,25.670000076293945
2021-09-30,25.450000762939453
2021-10-01,24.520000457763672
2021-10-04,24.31999969482422
2021-10-05,22.969999313354492
2021-10-06,22.25
2021-10-07,22.780000686645508
2021-10-08,23.1200008392334
2021-10-11,23.420000076293945
2021-10-12,23.43000030517578
2021-10-13,24.56999969482422
2021-10-14,24.489999771118164
2021-10-15,25.079999923706055
2021-10-18,24.0
2021-10-19,24.93000030517578
2021-10-20,25.309999465942383
2021-10-21,25.209999084472656
2021-10-22,24.850000381469727
2021-10-25,23.299999237060547
2021-10-26,25.850000381469727
2021-10-27,25.200000762939453
2021-10-28,23.729999542236328
2021-10-29,25.290000915527344
2021-11-01,28.989999771118164
2021-11-02,29.850000381469727
2021-11-03,29.229999542236328
2021-11-04,32.02000045776367
2021-11-05,31.610000610351562
2021-11-08,31.639999389648438
2021-11-09,38.0
2021-11-10,35.34000015258789
2021-11-11,35.18000030517578
2021-11-12,38.709999084472656
2021-11-15,38.790000915527344
2021-11-16,38.400001525878906
2021-11-17,36.20000076293945
2021-11-18,36.0
2021-11-19,33.88999938964844
2021-11-22,35.04999923706055
2021-11-23,33.029998779296875
2021-11-24,32.099998474121094
2021-11-26,31.0
2021-11-29,31.479999542236328
2021-11-30,29.979999542236328
2021-12-01,29.34000015258789
2021-12-02,27.299999237060547
2021-12-03,26.709999084472656
2021-12-06,23.940000534057617
2021-12-07,25.8700008392334
2021-12-08,25.329999923706055
2021-12-09,25.8799991607666
2021-12-10,24.299999237060547
2021-12-13,23.700000762939453
2021-12-14,23.0
2021-12-15,23.479999542236328
2021-12-16,24.770000457763672
2021-12-17,22.959999084472656
2021-12-20,22.8700008392334
2021-12-21,23.100000381469727
2021-12-22,23.559999465942383
2021-12-23,24.309999465942383
2021-12-27,24.309999465942383
2021-12-28,23.84000015258789
2021-12-29,22.799999237060547
2021-12-30,22.020000457763672
2021-12-31,22.940000534057617
2022-01-03,22.75
2022-01-04,23.25
2022-01-05,22.75
2022-01-06,21.520000457763672
2022-01-07,20.93000030517578
2022-01-10,20.729999542236328
2022-01-11,20.170000076293945
2022-01-12,21.56999969482422
2022-01-13,21.299999237060547
2022-01-14,20.389999389648438
2022-01-18,20.200000762939453
2022-01-19,19.610000610351562
2022-01-20,18.170000076293945
2022-01-21,16.969999313354492
2022-01-24,14.850000381469727
2022-01-25,15.699999809265137
2022-01-26,15.6899995803833
2022-01-27,15.899999618530273
2022-01-28,14.010000228881836
2022-01-31,14.899999618530273
2022-02-01,16.899999618530273
2022-02-02,17.5
2022-02-03,16.110000610351562
2022-02-04,15.84000015258789
2022-02-07,16.510000228881836
2022-02-08,16.25
2022-02-09,16.8700008392334
2022-02-10,17.0
2022-02-11,16.790000915527344
2022-02-14,15.670000076293945
2022-02-15,16.260000228881836
2022-02-16,17.299999237060547
2022-02-17,16.649999618530273
2022-02-18,16.299999237060547
2022-02-22,15.289999961853027
2022-02-23,14.90999984741211
2022-02-24,13.399999618530273
2022-02-25,15.15999984741211
2022-02-28,15.489999771118164
2022-03-01,16.020000457763672
2022-03-02,16.329999923706055
2022-03-03,15.770000457763672
2022-03-04,15.1899995803833
2022-03-07,14.649999618530273
2022-03-08,14.25
2022-03-09,15.350000381469727
2022-03-10,15.5
2022-03-11,15.989999771118164
2022-03-14,14.630000114440918
2022-03-15,13.739999771118164
2022-03-16,14.699999809265137
2022-03-17,15.359999656677246
2022-03-18,16.329999923706055
2022-03-21,17.0
2022-03-22,16.950000762939453
2022-03-23,17.219999313354492
2022-03-24,17.540000915527344
2022-03-25,17.729999542236328
2022-03-28,17.5
2022-03-29,19.049999237060547
2022-03-30,19.989999771118164
2022-03-31,20.219999313354492
2022-04-01,20.299999237060547
2022-04-04,20.5
2022-04-05,21.760000228881836
2022-04-06,19.969999313354492
2022-04-07,19.09000015258789
2022-04-08,18.389999389648438
2022-04-11,17.520000457763672
2022-04-12,18.0
2022-04-13,17.81999969482422
2022-04-14,18.520000457763672
2022-04-18,18.139999389648438
2022-04-19,17.15999984741211
2022-04-20,17.75
2022-04-21,17.399999618530273
2022-04-22,15.960000038146973
2022-04-25,15.279999732971191
2022-04-26,15.4399995803833
2022-04-27,14.930000305175781
2022-04-28,15.119999885559082
2022-04-29,15.5
2022-05-02,14.899999618530273
2022-05-03,16.010000228881836
2022-05-04,15.550000190734863
2022-05-05,16.030000686645508
2022-05-06,15.149999618530273
2022-05-09,14.130000114440918
2022-05-10,13.149999618530273
2022-05-11,11.829999923706055
2022-05-12,10.079999923706055
2022-05-13,11.904999732971191
2022-05-16,12.119999885559082
2022-05-17,11.739999771118164
2022-05-18,11.949999809265137
2022-05-19,11.399999618530273
2022-05-20,12.529999732971191
2022-05-23,12.130000114440918
2022-05-24,11.529999732971191
2022-05-25,10.819999694824219
2022-05-26,11.09000015258789
2022-05-27,12.289999961853027
2022-05-31,13.3100004196167
2022-06-01,12.789999961853027
2022-06-02,11.949999809265137
2022-06-03,11.800000190734863
2022-06-06,12.109999656677246
2022-06-07,11.850000381469727
2022-06-08,11.949999809265137
2022-06-09,11.5600004196167
2022-06-10,10.819999694824219
2022-06-13,9.510000228881836
2022-06-14,8.960000038146973
2022-06-15,8.75
2022-06-16,8.84000015258789
2022-06-17,8.5
2022-06-21,9.109999656677246
2022-06-22,8.880000114440918
2022-06-23,9.229999542236328
2022-06-24,9.550000190734863
2022-06-27,9.800000190734863
2022-06-28,9.510000228881836
2022-06-29,9.029999732971191
2022-06-30,8.640000343322754
2022-07-01,8.600000381469727
2022-07-05,8.579999923706055
2022-07-06,9.239999771118164
2022-07-07,9.289999961853027
2022-07-08,9.720000267028809
2022-07-11,9.8100004196167
2022-07-12,9.300000190734863
2022-07-13,9.199999809265137
2022-07-14,9.529999732971191
2022-07-15,9.84000015258789
2022-07-18,10.25
2022-07-19,10.510000228881836
2022-07-20,10.65999984741211
2022-07-21,11.380000114440918
2022-07-22,12.0600004196167
2022-07-25,11.069999694824219
2022-07-26,10.630000114440918
2022-07-27,10.3100004196167
2022-07-28,10.4350004196167
2022-07-29,10.649999618530273
2022-08-01,10.699999809265137
2022-08-02,10.270000457763672
2022-08-03,11.390000343322754
2022-08-04,12.170000076293945
2022-08-05,12.09000015258789
2022-08-08,12.289999961853027
2022-08-09,12.289999961853027
2022-08-10,12.359999656677246
2022-08-11,12.859999656677246
2022-08-12,12.84000015258789
2022-08-15,13.640000343322754
2022-08-16,13.1899995803833
2022-08-17,12.40999984741211
2022-08-18,12.050000190734863
2022-08-19,11.5
2022-08-22,10.989999771118164
2022-08-23,10.770000457763672
2022-08-24,10.5
2022-08-25,11.449999809265137
2022-08-26,11.569999694824219
2022-08-29,10.779999732971191
2022-08-30,11.039999961853027
2022-08-31,10.869999885559082
2022-09-01,10.8100004196167
2022-09-02,10.649999618530273
2022-09-06,10.039999961853027
2022-09-07,9.649999618530273
2022-09-08,10.15999984741211
2022-09-09,10.65999984741211
2022-09-12,10.960000038146973
2022-09-13,10.760000228881836
2022-09-14,11.0
2022-09-15,11.270000457763672
2022-09-16,11.390000343322754
2022-09-19,11.050000190734863
2022-09-20,11.180000305175781
2022-09-21,10.220000267028809
2022-09-22,9.850000381469727
2022-09-23,9.0
2022-09-26,9.050000190734863
2022-09-27,9.3100004196167
2022-09-28,9.100000381469727
2022-09-29,9.09000015258789
2022-09-30,8.3100004196167
2022-10-03,8.470000267028809
2022-10-04,9.470000267028809
2022-10-05,9.359999656677246
2022-10-06,9.300000190734863
2022-10-07,8.880000114440918
2022-10-10,8.40999984741211
2022-10-11,7.900000095367432
2022-10-12,8.069999694824219
2022-10-13,7.78000020980835
2022-10-14,8.449999809265137
2022-10-17,7.929999828338623
2022-10-18,8.520000457763672
2022-10-19,8.15999984741211
2022-10-20,7.809999942779541
2022-10-21,7.75
2022-10-24,8.050000190734863
2022-10-25,8.119999885559082
2022-10-26,8.970000267028809
2022-10-27,8.899999618530273
2022-10-28,7.921999931335449
2022-10-31,8.149999618530273
2022-11-01,8.680000305175781
2022-11-02,8.300000190734863
2022-11-03,7.949999809265137
2022-11-04,8.40999984741211
2022-11-07,8.229999542236328
2022-11-08,7.829999923706055
2022-11-09,7.760000228881836
2022-11-10,7.199999809265137
2022-11-11,7.210000038146973
2022-11-14,7.480000019073486
2022-11-15,7.929999828338623
2022-11-16,7.980000019073486
2022-11-17,7.25
2022-11-18,7.289999961853027
2022-11-21,7.010000228881836
2022-11-22,6.920000076293945
2022-11-23,6.900000095367432
2022-11-25,7.059999942779541
2022-11-28,6.900000095367432
2022-11-29,6.739999771118164
2022-11-30,6.840000152587891
2022-12-01,7.420000076293945
2022-12-02,7.230000019073486
2022-12-05,7.519999980926514
2022-12-06,7.429999828338623
2022-12-07,6.800000190734863
2022-12-08,6.920000076293945
2022-12-09,6.900000095367432
2022-12-12,7.03000020980835
2022-12-13,7.53000020980835
2022-12-14,6.639999866485596
2022-12-15,6.579999923706055
2022-12-16,6.369999885559082
2022-12-19,6.159999847412109
2022-12-20,6.610000133514404
2022-12-21,5.860000133514404
2022-12-22,5.769999980926514
2022-12-23,5.639999866485596
2022-12-27,5.53000020980835
2022-12-28,5.190000057220459
2022-12-29,5.429999828338623
2022-12-30,5.53000020980835
2023-01-03,5.849999904632568
2023-01-04,5.5
2023-01-05,5.5
2023-01-06,5.440000057220459
2023-01-09,5.800000190734863
2023-01-10,6.269999980926514
2023-01-11,6.760000228881836
2023-01-12,7.260000228881836
2023-01-13,7.420000076293945
2023-01-17,8.300000190734863
2023-01-18,7.71999979019165
2023-01-19,7.170000076293945
2023-01-20,7.360000133514404
2023-01-23,7.809999942779541
2023-01-24,8.100000381469727
2023-01-25,7.539999961853027
2023-01-26,8.199999809265137
2023-01-27,8.130000114440918
2023-01-30,8.529999732971191
2023-01-31,8.100000381469727
2023-02-01,8.600000381469727
2023-02-02,9.1899995803833
2023-02-03,9.3100004196167
2023-02-06,8.960000038146973
2023-02-07,9.300000190734863
2023-02-08,9.100000381469727
2023-02-09,9.399999618530273
2023-02-10,8.399999618530273
2023-02-13,8.25
2023-02-14,8.220000267028809
2023-02-15,8.979999542236328
2023-02-16,10.390000343322754
2023-02-17,9.75
2023-02-21,10.199999809265137
2023-02-22,9.770000457763672
2023-02-23,10.069999694824219
2023-02-24,9.479999542236328
2023-02-27,9.300000190734863
2023-02-28,9.119999885559082
2023-03-01,9.449999809265137
2023-03-02,8.699999809265137
2023-03-03,9.010000228881836
2023-03-06,9.359999656677246
2023-03-07,8.729999542236328
2023-03-08,8.199999809265137
2023-03-09,7.710000038146973
2023-03-10,7.269999980926514
2023-03-13,7.150000095367432
2023-03-14,7.554999828338623
2023-03-15,6.900000095367432
2023-03-16,7.010000228881836
2023-03-17,7.329999923706055
2023-03-20,7.429999828338623
2023-03-21,7.659999847412109
2023-03-22,7.880000114440918
2023-03-23,7.619999885559082
2023-03-24,7.449999809265137
2023-03-27,7.710000038146973
2023-03-28,7.5
2023-03-29,7.679999828338623
2023-03-30,7.96999979019165
2023-03-31,7.760000228881836
2023-04-03,8.079999923706055
2023-04-04,8.09000015258789
2023-04-05,7.900000095367432
2023-04-06,7.28000020980835
2023-04-10,7.25
2023-04-11,7.53000020980835
2023-04-12,7.869999885559082
2023-04-13,7.599999904632568
2023-04-14,7.739999771118164
2023-04-17,7.900000095367432
2023-04-18,8.119999885559082
2023-04-19,7.699999809265137
2023-04-20,7.71999979019165
2023-04-21,7.340000152587891
2023-04-24,7.400000095367432
2023-04-25,7.519999980926514
2023-04-26,7.5
2023-04-27,7.369999885559082
2023-04-28,7.019999980926514
2023-05-01,7.0
2023-05-02,6.269999980926514
2023-05-03,6.079999923706055
2023-05-04,6.199999809265137
2023-05-05,6.239999771118164
2023-05-08,6.429999828338623
2023-05-09,6.269999980926514
2023-05-10,6.380000114440918
2023-05-11,6.130000114440918
2023-05-12,6.0
2023-05-15,5.800000190734863
2023-05-16,5.829999923706055
2023-05-17,5.900000095367432
2023-05-18,6.110000133514404
2023-05-19,6.190000057220459
2023-05-22,6.090000152587891
2023-05-23,6.670000076293945
2023-05-24,6.5
2023-05-25,6.510000228881836
2023-05-26,6.260000228881836
2023-05-30,6.489999771118164
2023-05-31,6.360000133514404
2023-06-01,6.489999771118164
2023-06-02,6.699999809265137
2023-06-05,6.730000019073486
2023-06-06,6.800000190734863
2023-06-07,7.360000133514404
2023-06-08,6.639999866485596
2023-06-09,6.820000171661377
2023-06-12,6.340000152587891
2023-06-13,6.699999809265137
2023-06-14,7.659999847412109
2023-06-15,7.369999885559082
2023-06-16,8.020000457763672
2023-06-20,7.5
2023-06-21,7.400000095367432
2023-06-22,6.900000095367432
2023-06-23,6.619999885559082
2023-06-26,6.840000152587891
2023-06-27,6.730000019073486
2023-06-28,6.900000095367432
2023-06-29,7.329999923706055
2023-06-30,7.900000095367432
2023-07-03,8.140000343322754
2023-07-05,8.229999542236328
2023-07-06,8.449999809265137
2023-07-07,8.600000381469727
2023-07-10,8.75
2023-07-11,9.600000381469727
2023-07-12,10.260000228881836
2023-07-13,10.25
2023-07-14,10.199999809265137
2023-07-17,9.779999732971191
2023-07-18,10.489999771118164
2023-07-19,10.5
2023-07-20,10.220000267028809
2023-07-21,10.229999542236328
2023-07-24,9.460000038146973
2023-07-25,9.520000457763672
2023-07-26,9.399999618530273
2023-07-27,10.210000038146973
2023-07-28,11.229999542236328
2023-07-31,12.859999656677246
2023-08-01,12.920000076293945
2023-08-02,11.989999771118164
2023-08-03,9.630000114440918
2023-08-04,7.920000076293945
2023-08-07,8.09000015258789
2023-08-08,7.75
2023-08-09,8.0600004196167
2023-08-10,7.849999904632568
2023-08-11,7.440000057220459
2023-08-14,7.369999885559082
2023-08-15,7.340000152587891
2023-08-16,6.989999771118164
2023-08-17,6.989999771118164
2023-08-18,6.699999809265137
2023-08-21,6.889999866485596
2023-08-22,7.03000020980835
2023-08-23,6.760000228881836
2023-08-24,6.869999885559082
2023-08-25,6.739999771118164
2023-08-28,7.0
2023-08-29,6.789999961853027
2023-08-30,7.230000019073486
2023-08-31,7.210000038146973
2023-09-01,7.179999828338623
2023-09-05,7.079999923706055
2023-09-06,6.940000057220459
2023-09-07,6.800000190734863
2023-09-08,6.960000038146973
2023-09-11,7.0
2023-09-12,6.860000133514404
2023-09-13,7.03000020980835
2023-09-14,7.039999961853027
2023-09-15,7.130000114440918
2023-09-18,6.96999979019165
2023-09-19,6.900000095367432
2023-09-20,7.119999885559082
2023-09-21,6.699999809265137
2023-09-22,6.599999904632568
2023-09-25,6.360000133514404
2023-09-26,6.300000190734863
2023-09-27,6.349999904632568
2023-09-28,6.329999923706055
2023-09-29,6.650000095367432
2023-10-02,6.670000076293945
2023-10-03,6.300000190734863
2023-10-04,6.139999866485596
2023-10-05,6.409999847412109
2023-10-06,6.139999866485596
2023-10-09,6.199999809265137
2023-10-10,6.25
2023-10-11,6.5
2023-10-12,6.369999885559082
2023-10-13,6.090000152587891
2023-10-16,6.099999904632568
2023-10-17,6.150000095367432
2023-10-18,6.510000228881836
2023-10-19,6.179999828338623
2023-10-20,6.050000190734863
2023-10-23,5.78000020980835
2023-10-24,5.889999866485596
2023-10-25,5.860000133514404
2023-10-26,5.5
2023-10-27,5.409999847412109
2023-10-30,5.380000114440918
2023-10-31,5.260000228881836
2023-11-01,5.25
2023-11-02,5.239999771118164
2023-11-03,5.840000152587891
2023-11-06,6.150000095367432
2023-11-07,5.889999866485596
2023-11-08,5.96999979019165
2023-11-09,5.769999980926514
2023-11-10,5.429999828338623
2023-11-13,5.429999828338623
2023-11-14,5.769999980926514
2023-11-15,6.130000114440918
2023-11-16,6.139999866485596
2023-11-17,5.96999979019165
2023-11-20,6.079999923706055
2023-11-21,5.909999847412109
2023-11-22,5.78000020980835
2023-11-24,5.650000095367432
2023-11-27,5.650000095367432
2023-11-28,5.449999809265137
2023-11-29,6.210000038146973
2023-11-30,6.420000076293945
2023-12-01,6.300000190734863
2023-12-04,6.75
2023-12-05,6.789999961853027
2023-12-06,6.900000095367432
2023-12-07,7.0
2023-12-08,6.880000114440918
2023-12-11,6.869999885559082
2023-12-12,6.920000076293945
2023-12-13,6.570000171661377
2023-12-14,7.199999809265137
2023-12-15,7.71999979019165
2023-12-18,7.53000020980835
2023-12-19,7.559999942779541
2023-12-20,7.510000228881836
2023-12-21,7.25
2023-12-22,7.239999771118164
2023-12-26,7.099999904632568
2023-12-27,7.380000114440918
2023-12-28,7.21999979019165
2023-12-29,7.150000095367432
2024-01-02,6.809999942779541
2024-01-03,6.570000171661377
2024-01-04,7.150000095367432
2024-01-05,9.270000457763672
2024-01-08,8.65999984741211
2024-01-09,8.720000267028809
2024-01-10,8.600000381469727
2024-01-11,8.279999732971191
2024-01-12,7.829999923706055
2024-01-16,7.210000038146973
2024-01-17,6.760000228881836
2024-01-18,6.78000020980835
2024-01-19,6.550000190734863
2024-01-22,6.590000152587891
2024-01-23,7.070000171661377
2024-01-24,7.179999828338623
2024-01-25,6.610000133514404
2024-01-26,6.699999809265137
2024-01-29,6.659999847412109
2024-01-30,7.099999904632568
2024-01-31,7.0
2024-02-01,6.909999847412109
2024-02-02,6.889999866485596
2024-02-05,6.829999923706055
2024-02-06,6.78000020980835
2024-02-07,7.389999866485596
2024-02-08,7.289999961853027
2024-02-09,7.5
2024-02-12,7.5
2024-02-13,7.539999961853027
2024-02-14,7.639999866485596
2024-02-15,7.449999809265137
2024-02-16,7.099999904632568
2024-02-20,6.840000152587891
2024-02-21,6.5
2024-02-22,6.440000057220459
2024-02-23,6.269999980926514
2024-02-26,6.050000190734863
2024-02-27,6.289999961853027
2024-02-28,6.039999961853027
2024-02-29,6.349999904632568
2024-03-01,6.28000020980835
2024-03-04,6.260000228881836
2024-03-05,5.989999771118164
2024-03-06,6.03000020980835
2024-03-07,6.039999961853027
2024-03-08,6.130000114440918
2024-03-11,6.070000171661377
2024-03-12,6.050000190734863
2024-03-13,5.960000038146973
2024-03-14,5.849999904632568
2024-03-15,5.590000152587891
2024-03-18,5.75
2024-03-19,5.619999885559082
2024-03-20,5.71999979019165
2024-03-21,6.039999961853027
2024-03-22,5.860000133514404
2024-03-25,5.659999847412109
2024-03-26,5.900000095367432
2024-03-27,5.840000152587891
2024-03-28,6.289999961853027
2024-04-01,6.369999885559082
2024-04-02,5.940000057220459
2024-04-03,5.889999866485596
2024-04-04,6.190000057220459
2024-04-05,5.849999904632568
2024-04-08,6.050000190734863
2024-04-09,6.190000057220459
2024-04-10,5.960000038146973
2024-04-11,5.940000057220459
2024-04-12,5.980000019073486
2024-04-15,5.809999942779541
2024-04-16,5.360000133514404
2024-04-17,5.489999771118164
2024-04-18,5.53000020980835
2024-04-19,5.400000095367432
2024-04-22,5.369999885559082
2024-04-23,5.389999866485596
2024-04-24,5.659999847412109
2024-04-25,5.21999979019165
2024-04-26,5.130000114440918
2024-04-29,5.480000019073486
2024-04-30,5.380000114440918
2024-05-01,5.400000095367432
2024-05-02,5.570000171661377
2024-05-03,5.75
2024-05-06,5.78000020980835
2024-05-07,5.809999942779541
2024-05-08,5.420000076293945
2024-05-09,5.449999809265137
2024-05-10,5.420000076293945
2024-05-13,5.449999809265137
2024-05-14,6.199999809265137
2024-05-15,6.349999904632568
2024-05-16,5.980000019073486
2024-05-17,5.769999980926514
2024-05-20,5.630000114440918
2024-05-21,5.590000152587891
2024-05-22,5.659999847412109
2024-05-23,5.809999942779541
2024-05-24,5.579999923706055
2024-05-28,5.849999904632568
2024-05-29,5.650000095367432
2024-05-30,5.75
2024-05-31,5.989999771118164
2024-06-03,6.059999942779541
2024-06-04,5.699999809265137
2024-06-05,5.659999847412109
2024-06-06,5.619999885559082
2024-06-07,5.559999942779541
2024-06-10,5.449999809265137
2024-06-11,5.679999828338623
2024-06-12,5.800000190734863
2024-06-13,5.610000133514404
2024-06-14,5.21999979019165
2024-06-17,5.079999923706055
2024-06-18,5.070000171661377
2024-06-20,5.03000020980835
2024-06-21,4.920000076293945
2024-06-24,4.929999828338623
2024-06-25,4.909999847412109
2024-06-26,4.840000152587891
2024-06-27,4.860000133514404
2024-06-28,5.010000228881836
2024-07-01,4.949999809265137
2024-07-02,4.900000095367432
2024-07-03,4.860000133514404
2024-07-05,5.019999980926514
2024-07-08,5.059999942779541
2024-07-09,5.070000171661377
2024-07-10,5.300000190734863
2024-07-11,7.139999866485596
2024-07-12,7.050000190734863
2024-07-15,8.149999618530273
2024-07-16,8.699999809265137
2024-07-17,8.960000038146973
2024-07-18,9.0
2024-07-19,8.25
2024-07-22,8.149999618530273
2024-07-23,7.869999885559082
2024-07-24,7.900000095367432
2024-07-25,6.235000133514404
2024-07-26,6.960000038146973
2024-07-29,7.0
2024-07-30,6.539999961853027
2024-07-31,6.539999961853027
2024-08-01,6.429999828338623
2024-08-02,5.889999866485596
2024-08-05,5.494999885559082
2024-08-06,6.289999961853027
2024-08-07,5.920000076293945
2024-08-08,5.690000057220459
2024-08-09,5.75
2024-08-12,5.679999828338623
2024-08-13,5.510000228881836
2024-08-14,5.809999942779541
2024-08-15,5.809999942779541
2024-08-16,5.804999828338623
2024-08-19,5.739999771118164
2024-08-20,5.800000190734863
2024-08-21,5.869999885559082
2024-08-22,6.170000076293945
2024-08-23,5.900000095367432
2024-08-26,6.130000114440918
2024-08-27,5.940000057220459
2024-08-28,5.940000057220459
2024-08-29,5.769999980926514
2024-08-30,5.840000152587891
2024-09-03,5.760000228881836
2024-09-04,5.46999979019165
2024-09-05,5.519999980926514
2024-09-06,5.429999828338623
2024-09-09,5.400000095367432
2024-09-10,5.460000038146973
2024-09-11,5.559999942779541
2024-09-12,5.860000133514404
2024-09-13,5.860000133514404
2024-09-16,5.900000095367432
2024-09-17,5.980000019073486
2024-09-18,5.980000019073486
2024-09-19,6.0
2024-09-20,5.900000095367432
2024-09-23,5.860000133514404
2024-09-24,5.800000190734863
2024-09-25,5.739999771118164
2024-09-26,5.78000020980835
2024-09-27,5.860000133514404
2024-09-30,5.909999847412109
2024-10-01,5.71999979019165
2024-10-02,5.349999904632568
2024-10-03,5.460000038146973
2024-10-04,5.599999904632568
2024-10-07,5.639999866485596
2024-10-08,5.53000020980835
2024-10-09,5.46999979019165
2024-10-10,5.349999904632568
2024-10-11,5.360000133514404
2024-10-14,5.599999904632568
2024-10-15,5.550000190734863
2024-10-16,5.53000020980835
2024-10-17,5.510000228881836
2024-10-18,5.380000114440918
2024-10-21,5.269999980926514
2024-10-22,5.199999809265137
2024-10-23,5.300000190734863
2024-10-24,6.130000114440918
2024-10-25,6.551000118255615
2024-10-28,6.230000019073486
2024-10-29,5.599999904632568
2024-10-30,5.380000114440918
2024-10-31,5.320000171661377
2024-11-01,5.199999809265137
2024-11-04,5.150000095367432
2024-11-05,5.070000171661377
2024-11-06,5.190000057220459
2024-11-07,5.070000171661377
2024-11-08,4.949999809265137
2024-11-11,5.050000190734863
2024-11-12,4.980000019073486
2024-11-13,4.880000114440918
2024-11-14,4.900000095367432
2024-11-15,4.849999904632568
2024-11-18,4.739999771118164
2024-11-19,4.739999771118164
2024-11-20,4.960000038146973
2024-11-21,5.130000114440918
2024-11-22,5.03000020980835
2024-11-25,5.369999885559082
2024-11-26,5.21999979019165
2024-11-27,5.199999809265137
2024-11-29,5.170000076293945
2024-12-02,5.269999980926514
2024-12-03,5.059999942779541
2024-12-04,5.019999980926514
2024-12-05,5.519999980926514
2024-12-06,5.019999980926514
2024-12-09,5.099999904632568
2024-12-10,5.269999980926514
2024-12-11,5.039999961853027
2024-12-12,4.960000038146973
2024-12-13,4.900000095367432
2024-12-16,4.829999923706055
2024-12-17,4.96999979019165
2024-12-18,5.289999961853027
2024-12-19,5.110000133514404
2024-12-20,4.75
2024-12-23,5.059999942779541
2024-12-24,5.190000057220459
2024-12-26,5.349999904632568
2024-12-27,6.199999809265137
2024-12-30,5.809999942779541
2024-12-31,5.550000190734863
2025-01-02,5.25
2025-01-03,5.570000171661377
2025-01-06,6.340000152587891
2025-01-07,6.599999904632568
2025-01-08,6.050000190734863
2025-01-10,5.599999904632568
2025-01-13,5.420000076293945
2025-01-14,5.519999980926514
2025-01-15,5.46999979019165
2025-01-16,5.340000152587891
2025-01-17,5.300000190734863
2025-01-21,5.260000228881836
2025-01-22,5.099999904632568
2025-01-23,5.039999961853027
2025-01-24,5.21999979019165
2025-01-27,5.079999923706055
2025-01-28,5.050000190734863
2025-01-29,5.110000133514404
2025-01-30,5.119999885559082
2025-01-31,5.25
2025-02-03,5.0
2025-02-04,4.989999771118164
2025-02-05,5.079999923706055
2025-02-06,5.010000228881836
2025-02-07,5.039999961853027
2025-02-10,4.989999771118164
2025-02-11,4.96999979019165
2025-02-12,4.769999980926514
2025-02-13,4.940000057220459
2025-02-14,5.239999771118164
2025-02-18,5.230000019073486
2025-02-19,5.409999847412109
2025-02-20,5.179999828338623
2025-02-21,5.329999923706055
2025-02-24,5.150000095367432
2025-02-25,4.974999904632568
2025-02-26,5.039999961853027
2025-02-27,4.940000057220459
2025-02-28,4.75
2025-03-03,4.75
2025-03-04,4.130000114440918
2025-03-05,4.460000038146973
2025-03-06,4.369999885559082
2025-03-07,4.329999923706055
2025-03-10,4.400000095367432
2025-03-11,4.309999942779541
2025-03-12,4.269999980926514
2025-03-13,4.260000228881836
2025-03-14,4.25
2025-03-17,4.420000076293945
2025-03-18,4.420000076293945
2025-03-19,4.400000095367432
2025-03-20,4.429999828338623
2025-03-21,4.389999866485596
2025-03-24,4.619999885559082
2025-03-25,4.679999828338623
2025-03-26,4.695000171661377
2025-03-27,4.550000190734863
2025-03-28,4.489999771118164
2025-03-31,4.150000095367432
2025-04-01,4.179999828338623
2025-04-02,4.0
2025-04-03,3.890000104904175
2025-04-04,3.9000000953674316
