2020-04-27,9.800000190734863
2020-04-28,9.789999961853027
2020-04-29,9.789999961853027
2020-04-30,9.789999961853027
2020-05-01,9.789999961853027
2020-05-04,9.789999961853027
2020-05-05,9.789999961853027
2020-05-06,9.789999961853027
2020-05-07,9.600000381469727
2020-05-08,9.600000381469727
2020-05-11,9.600000381469727
2020-05-12,9.600000381469727
2020-05-13,9.850000381469727
2020-05-14,9.800000190734863
2020-05-15,9.75
2020-05-18,9.75
2020-05-19,9.75
2020-05-20,9.75
2020-05-21,9.75
2020-05-22,9.75
2020-05-26,9.75
2020-05-27,9.75
2020-05-28,9.75
2020-05-29,9.75
2020-06-01,9.600000381469727
2020-06-02,9.779999732971191
2020-06-03,9.600000381469727
2020-06-04,9.75
2020-06-05,9.779999732971191
2020-06-08,9.510000228881836
2020-06-09,9.800000190734863
2020-06-10,9.630000114440918
2020-06-11,9.890000343322754
2020-06-12,10.180000305175781
2020-06-15,9.770000457763672
2020-06-16,9.612000465393066
2020-06-17,9.739999771118164
2020-06-18,9.789999961853027
2020-06-19,9.850000381469727
2020-06-22,9.800000190734863
2020-06-23,9.729999542236328
2020-06-24,9.8149995803833
2020-06-25,9.729999542236328
2020-06-26,9.880000114440918
2020-06-29,9.949999809265137
2020-06-30,10.010000228881836
2020-07-01,10.1899995803833
2020-07-02,10.15999984741211
2020-07-06,10.210000038146973
2020-07-07,10.15999984741211
2020-07-08,10.220000267028809
2020-07-09,10.15999984741211
2020-07-10,10.220000267028809
2020-07-13,10.449999809265137
2020-07-14,10.510000228881836
2020-07-15,10.65999984741211
2020-07-16,10.529999732971191
2020-07-17,10.619999885559082
2020-07-20,10.619999885559082
2020-07-21,10.619999885559082
2020-07-22,10.989999771118164
2020-07-23,10.850000381469727
2020-07-24,11.210000038146973
2020-07-27,12.350000381469727
2020-07-28,11.899999618530273
2020-07-29,11.65999984741211
2020-07-30,11.300000190734863
2020-07-31,10.850000381469727
2020-08-03,11.140000343322754
2020-08-04,10.550000190734863
2020-08-05,10.5
2020-08-06,10.579999923706055
2020-08-07,10.260000228881836
2020-08-10,10.5
2020-08-11,10.5
2020-08-12,10.489999771118164
2020-08-13,10.789999961853027
2020-08-14,11.0
2020-08-17,10.84000015258789
2020-08-18,10.800000190734863
2020-08-19,10.649999618530273
2020-08-20,10.579999923706055
2020-08-21,10.59000015258789
2020-08-24,10.75
2020-08-25,10.850000381469727
2020-08-26,11.25
2020-08-27,11.260000228881836
2020-08-28,11.300000190734863
2020-08-31,11.279999732971191
2020-09-01,11.40999984741211
2020-09-02,11.609999656677246
2020-09-03,11.65999984741211
2020-09-04,11.800000190734863
2020-09-08,11.470000267028809
2020-09-09,11.899999618530273
2020-09-10,13.210000038146973
2020-09-11,13.25
2020-09-14,13.489999771118164
2020-09-15,13.739999771118164
2020-09-16,13.630000114440918
2020-09-17,13.59000015258789
2020-09-18,13.989999771118164
2020-09-21,13.3100004196167
2020-09-22,13.850000381469727
2020-09-23,13.600000381469727
2020-09-24,12.220000267028809
2020-09-25,12.380000114440918
2020-09-28,12.670000076293945
2020-09-29,12.720000267028809
2020-09-30,12.899999618530273
2020-10-01,12.930000305175781
2020-10-02,11.739999771118164
2020-10-05,11.630000114440918
2020-10-06,11.670000076293945
2020-10-07,11.65999984741211
2020-10-08,11.199999809265137
2020-10-09,11.899999618530273
2020-10-12,12.489999771118164
2020-10-13,12.020000457763672
2020-10-14,12.09000015258789
2020-10-15,12.869999885559082
2020-10-16,12.5
2020-10-19,13.529999732971191
2020-10-20,13.34000015258789
2020-10-21,13.479999542236328
2020-10-22,12.899999618530273
2020-10-23,12.75
2020-10-26,12.399999618530273
2020-10-27,11.880000114440918
2020-10-28,11.25
2020-10-29,11.210000038146973
2020-10-30,11.15999984741211
2020-11-02,11.300000190734863
2020-11-03,11.5
2020-11-04,11.399999618530273
2020-11-05,11.260000228881836
2020-11-06,11.300000190734863
2020-11-09,11.489999771118164
2020-11-10,11.25
2020-11-11,11.25
2020-11-12,11.069999694824219
2020-11-13,11.300000190734863
2020-11-16,11.25
2020-11-17,11.319999694824219
2020-11-18,12.170000076293945
2020-11-19,12.739999771118164
2020-11-20,13.59000015258789
2020-11-23,13.850000381469727
2020-11-24,14.829999923706055
2020-11-25,15.649999618530273
2020-11-27,17.0
2020-11-30,16.239999771118164
2020-12-01,17.270000457763672
2020-12-02,15.119999885559082
2020-12-03,16.75
2020-12-04,17.18000030517578
2020-12-07,17.309999465942383
2020-12-08,19.030000686645508
2020-12-09,20.25
2020-12-10,18.399999618530273
2020-12-11,19.010000228881836
2020-12-14,19.510000228881836
2020-12-15,18.600000381469727
2020-12-16,18.809999465942383
2020-12-17,20.40999984741211
2020-12-18,20.270000457763672
2020-12-21,20.18000030517578
2020-12-22,21.469999313354492
2020-12-23,21.09000015258789
2020-12-24,23.920000076293945
2020-12-28,25.0
2020-12-29,23.290000915527344
2020-12-30,23.010000228881836
2020-12-31,21.1299991607666
2021-01-04,21.200000762939453
2021-01-05,21.030000686645508
2021-01-06,22.0
2021-01-07,21.43000030517578
2021-01-08,20.450000762939453
2021-01-11,20.520000457763672
2021-01-12,20.479999542236328
2021-01-13,21.270000457763672
2021-01-14,22.729999542236328
2021-01-15,22.989999771118164
2021-01-19,24.450000762939453
2021-01-20,23.639999389648438
2021-01-21,25.239999771118164
2021-01-22,25.31999969482422
2021-01-25,23.969999313354492
2021-01-26,21.799999237060547
2021-01-27,20.079999923706055
2021-01-28,19.8799991607666
2021-01-29,19.920000076293945
2021-02-01,18.479999542236328
2021-02-02,20.239999771118164
2021-02-03,20.889999389648438
2021-02-04,20.700000762939453
2021-02-05,22.100000381469727
2021-02-08,21.5
2021-02-09,21.8799991607666
2021-02-10,21.09000015258789
2021-02-11,20.200000762939453
2021-02-12,20.149999618530273
2021-02-16,19.84000015258789
2021-02-17,19.0
2021-02-18,18.780000686645508
2021-02-19,19.09000015258789
2021-02-22,19.979999542236328
2021-02-23,17.260000228881836
2021-02-24,16.5
2021-02-25,17.299999237060547
2021-02-26,16.25
2021-03-01,16.329999923706055
2021-03-02,17.809999465942383
2021-03-03,16.739999771118164
2021-03-04,16.510000228881836
2021-03-05,16.200000762939453
2021-03-08,15.75
2021-03-09,16.040000915527344
2021-03-10,16.1200008392334
2021-03-11,19.15999984741211
2021-03-12,17.950000762939453
2021-03-15,19.520000457763672
2021-03-16,20.510000228881836
2021-03-17,20.530000686645508
2021-03-18,19.520000457763672
2021-03-19,19.0
2021-03-22,19.299999237060547
2021-03-23,18.3700008392334
2021-03-24,17.860000610351562
2021-03-25,16.329999923706055
2021-03-26,16.030000686645508
2021-03-29,16.049999237060547
2021-03-30,15.0
2021-03-31,15.399999618530273
2021-04-01,16.280000686645508
2021-04-05,16.739999771118164
2021-04-06,16.75
2021-04-07,16.559999465942383
2021-04-08,15.699999809265137
2021-04-09,15.529999732971191
2021-04-12,15.119999885559082
2021-04-13,14.770000457763672
2021-04-14,14.609999656677246
2021-04-15,15.09000015258789
2021-04-16,15.039999961853027
2021-04-19,14.40999984741211
2021-04-20,13.510000228881836
2021-04-21,12.710000038146973
2021-04-22,13.460000038146973
2021-04-23,12.770000457763672
2021-04-26,13.829999923706055
2021-04-27,14.369999885559082
2021-04-28,14.170000076293945
2021-04-29,14.710000038146973
2021-04-30,13.609999656677246
2021-05-03,13.619999885559082
2021-05-04,12.75
2021-05-05,12.75
2021-05-06,13.010000228881836
2021-05-07,12.710000038146973
2021-05-10,12.699999809265137
2021-05-11,11.5600004196167
2021-05-12,12.270000457763672
2021-05-13,12.239999771118164
2021-05-14,12.289999961853027
2021-05-17,11.890000343322754
2021-05-18,12.0
2021-05-19,12.130000114440918
2021-05-20,12.010000228881836
2021-05-21,12.65999984741211
2021-05-24,12.260000228881836
2021-05-25,12.760000228881836
2021-05-26,12.529999732971191
2021-05-27,12.430000305175781
2021-05-28,12.529999732971191
2021-06-01,12.399999618530273
2021-06-02,12.5
2021-06-03,12.8100004196167
2021-06-04,13.350000381469727
2021-06-07,13.390000343322754
2021-06-08,13.729999542236328
2021-06-09,14.229999542236328
2021-06-10,14.170000076293945
2021-06-11,13.739999771118164
2021-06-14,13.779999732971191
2021-06-15,13.579999923706055
2021-06-16,13.149999618530273
2021-06-17,13.4399995803833
2021-06-18,13.079999923706055
2021-06-21,12.600000381469727
2021-06-22,12.789999961853027
2021-06-23,12.859999656677246
2021-06-24,12.859999656677246
2021-06-25,12.899999618530273
2021-06-28,12.949999809265137
2021-06-29,13.350000381469727
2021-06-30,12.800000190734863
2021-07-01,12.380000114440918
2021-07-02,12.210000038146973
2021-07-06,12.15999984741211
2021-07-07,11.800000190734863
2021-07-08,10.8100004196167
2021-07-09,11.720000267028809
2021-07-12,11.8100004196167
2021-07-13,11.829999923706055
2021-07-14,11.319999694824219
2021-07-15,10.550000190734863
2021-07-16,10.539999961853027
2021-07-19,9.899999618530273
2021-07-20,10.020000457763672
2021-07-21,10.09000015258789
2021-07-22,10.460000038146973
2021-07-23,9.920000076293945
2021-07-26,9.680000305175781
2021-07-27,10.0
2021-07-28,9.890000343322754
2021-07-29,10.130000114440918
2021-07-30,9.65999984741211
2021-08-02,10.050000190734863
2021-08-03,10.140000343322754
2021-08-04,9.699999809265137
2021-08-05,9.899999618530273
2021-08-06,11.0
2021-08-09,12.680000305175781
2021-08-10,12.90999984741211
2021-08-11,12.869999885559082
2021-08-12,13.319999694824219
2021-08-13,13.960000038146973
2021-08-16,13.819999694824219
2021-08-17,13.039999961853027
2021-08-18,12.529999732971191
2021-08-19,12.25
2021-08-20,11.710000038146973
2021-08-23,12.210000038146973
2021-08-24,13.25
2021-08-25,14.039999961853027
2021-08-26,14.979999542236328
2021-08-27,14.5
2021-08-30,15.050000190734863
2021-08-31,14.699999809265137
2021-09-01,14.979999542236328
2021-09-02,14.75
2021-09-03,15.119999885559082
2021-09-07,15.510000228881836
2021-09-08,16.399999618530273
2021-09-09,15.630000114440918
2021-09-10,15.920000076293945
2021-09-13,16.280000686645508
2021-09-14,16.049999237060547
2021-09-15,15.529999732971191
2021-09-16,17.329999923706055
2021-09-17,18.520000457763672
2021-09-20,18.290000915527344
2021-09-21,18.59000015258789
2021-09-22,19.31999969482422
2021-09-23,19.670000076293945
2021-09-24,19.579999923706055
2021-09-27,19.760000228881836
2021-09-28,19.3700008392334
2021-09-29,19.5
2021-09-30,18.8700008392334
2021-10-01,19.200000762939453
2021-10-04,19.110000610351562
2021-10-05,19.190000534057617
2021-10-06,19.559999465942383
2021-10-07,20.989999771118164
2021-10-08,20.3799991607666
2021-10-11,20.75
2021-10-12,20.75
2021-10-13,19.93000030517578
2021-10-14,19.809999465942383
2021-10-15,20.190000534057617
2021-10-18,19.299999237060547
2021-10-19,20.0
2021-10-20,20.079999923706055
2021-10-21,21.0
2021-10-22,20.920000076293945
2021-10-25,20.770000457763672
2021-10-26,21.110000610351562
2021-10-27,20.450000762939453
2021-10-28,20.219999313354492
2021-10-29,20.200000762939453
2021-11-01,20.18000030517578
2021-11-02,20.809999465942383
2021-11-03,20.8700008392334
2021-11-04,21.280000686645508
2021-11-05,19.760000228881836
2021-11-08,20.100000381469727
2021-11-09,20.18000030517578
2021-11-10,19.329999923706055
2021-11-11,19.399999618530273
2021-11-12,19.829999923706055
2021-11-15,19.940000534057617
2021-11-16,20.100000381469727
2021-11-17,20.690000534057617
2021-11-18,21.270000457763672
2021-11-19,21.010000228881836
2021-11-22,20.889999389648438
2021-11-23,20.3799991607666
2021-11-24,18.639999389648438
2021-11-26,18.299999237060547
2021-11-29,18.280000686645508
2021-11-30,18.15999984741211
2021-12-01,18.049999237060547
2021-12-02,16.290000915527344
2021-12-03,16.5
2021-12-06,15.84000015258789
2021-12-07,17.479999542236328
2021-12-08,17.940000534057617
2021-12-09,18.040000915527344
2021-12-10,17.649999618530273
2021-12-13,16.68000030517578
2021-12-14,16.030000686645508
2021-12-15,15.789999961853027
2021-12-16,16.209999084472656
2021-12-17,15.319999694824219
2021-12-20,15.59000015258789
2021-12-21,16.059999465942383
2021-12-22,16.600000381469727
2021-12-23,16.950000762939453
2021-12-27,17.0
2021-12-28,16.799999237060547
2021-12-29,16.479999542236328
2021-12-30,16.34000015258789
2021-12-31,16.68000030517578
2022-01-03,16.600000381469727
2022-01-04,16.34000015258789
2022-01-05,15.649999618530273
2022-01-06,14.5
2022-01-07,14.979999542236328
2022-01-10,14.869999885559082
2022-01-11,13.899999618530273
2022-01-12,14.25
2022-01-13,13.449999809265137
2022-01-14,12.350000381469727
2022-01-18,11.4399995803833
2022-01-19,10.899999618530273
2022-01-20,10.329999923706055
2022-01-21,9.539999961853027
2022-01-24,8.75
2022-01-25,9.34000015258789
2022-01-26,9.220000267028809
2022-01-27,9.170000076293945
2022-01-28,8.619999885559082
2022-01-31,8.84000015258789
2022-02-01,10.25
2022-02-02,10.850000381469727
2022-02-03,9.989999771118164
2022-02-04,9.869999885559082
2022-02-07,10.484999656677246
2022-02-08,10.300000190734863
2022-02-09,10.720000267028809
2022-02-10,10.779999732971191
2022-02-11,10.899999618530273
2022-02-14,10.569999694824219
2022-02-15,10.699999809265137
2022-02-16,10.970000267028809
2022-02-17,10.75
2022-02-18,9.119999885559082
2022-02-22,8.899999618530273
2022-02-23,9.260000228881836
2022-02-24,8.520000457763672
2022-02-25,9.720000267028809
2022-02-28,9.960000038146973
2022-03-01,10.270000457763672
2022-03-02,10.079999923706055
2022-03-03,8.460000038146973
2022-03-04,7.96999979019165
2022-03-07,8.140000343322754
2022-03-08,7.78000020980835
2022-03-09,8.130000114440918
2022-03-10,8.010000228881836
2022-03-11,8.359999656677246
2022-03-14,7.809999942779541
2022-03-15,7.429999828338623
2022-03-16,7.929999828338623
2022-03-17,8.760000228881836
2022-03-18,8.949999809265137
2022-03-21,9.069999694824219
2022-03-22,8.859999656677246
2022-03-23,8.979999542236328
2022-03-24,8.75
2022-03-25,8.789999961853027
2022-03-28,7.980000019073486
2022-03-29,7.769999980926514
2022-03-30,7.920000076293945
2022-03-31,7.630000114440918
2022-04-01,7.380000114440918
2022-04-04,7.360000133514404
2022-04-05,8.039999961853027
2022-04-06,7.369999885559082
2022-04-07,7.380000114440918
2022-04-08,7.119999885559082
2022-04-11,7.0
2022-04-12,7.199999809265137
2022-04-13,6.880000114440918
2022-04-14,7.25
2022-04-18,6.78000020980835
2022-04-19,6.539999961853027
2022-04-20,6.820000171661377
2022-04-21,6.730000019073486
2022-04-22,6.130000114440918
2022-04-25,6.119999885559082
2022-04-26,6.309999942779541
2022-04-27,6.25
2022-04-28,6.440000057220459
2022-04-29,6.570000171661377
2022-05-02,6.360000133514404
2022-05-03,6.940000057220459
2022-05-04,6.880000114440918
2022-05-05,6.849999904632568
2022-05-06,6.760000228881836
2022-05-09,6.059999942779541
2022-05-10,5.820000171661377
2022-05-11,5.699999809265137
2022-05-12,5.380000114440918
2022-05-13,5.739999771118164
2022-05-16,5.909999847412109
2022-05-17,6.059999942779541
2022-05-18,5.829999923706055
2022-05-19,5.78000020980835
2022-05-20,6.179999828338623
2022-05-23,6.119999885559082
2022-05-24,5.980000019073486
2022-05-25,5.699999809265137
2022-05-26,5.78000020980835
2022-05-27,6.150000095367432
2022-05-31,6.239999771118164
2022-06-01,5.889999866485596
2022-06-02,5.610000133514404
2022-06-03,5.760000228881836
2022-06-06,6.010000228881836
2022-06-07,5.690000057220459
2022-06-08,5.590000152587891
2022-06-09,5.559999942779541
2022-06-10,5.239999771118164
2022-06-13,4.78000020980835
2022-06-14,4.559999942779541
2022-06-15,4.5
2022-06-16,4.369999885559082
2022-06-17,4.150000095367432
2022-06-21,4.519999980926514
2022-06-22,4.449999809265137
2022-06-23,4.519999980926514
2022-06-24,4.789999961853027
2022-06-27,5.170000076293945
2022-06-28,4.960000038146973
2022-06-29,4.940000057220459
2022-06-30,4.739999771118164
2022-07-01,4.650000095367432
2022-07-05,4.75
2022-07-06,5.460000038146973
2022-07-07,5.320000171661377
2022-07-08,5.489999771118164
2022-07-11,5.429999828338623
2022-07-12,5.300000190734863
2022-07-13,5.090000152587891
2022-07-14,5.119999885559082
2022-07-15,5.190000057220459
2022-07-18,5.5
2022-07-19,5.510000228881836
2022-07-20,5.590000152587891
2022-07-21,5.639999866485596
2022-07-22,5.96999979019165
2022-07-25,5.559999942779541
2022-07-26,5.380000114440918
2022-07-27,5.380000114440918
2022-07-28,5.599999904632568
2022-07-29,5.579999923706055
2022-08-01,5.519999980926514
2022-08-02,5.449999809265137
2022-08-03,5.980000019073486
2022-08-04,6.139999866485596
2022-08-05,6.039999961853027
2022-08-08,5.949999809265137
2022-08-09,5.849999904632568
2022-08-10,5.739999771118164
2022-08-11,5.860000133514404
2022-08-12,6.300000190734863
2022-08-15,6.360000133514404
2022-08-16,6.199999809265137
2022-08-17,6.429999828338623
2022-08-18,5.880000114440918
2022-08-19,5.760000228881836
2022-08-22,5.300000190734863
2022-08-23,5.099999904632568
2022-08-24,5.159999847412109
2022-08-25,5.300000190734863
2022-08-26,5.429999828338623
2022-08-29,5.150000095367432
2022-08-30,5.260000228881836
2022-08-31,4.980000019073486
2022-09-01,4.889999866485596
2022-09-02,5.079999923706055
2022-09-06,4.920000076293945
2022-09-07,4.880000114440918
2022-09-08,4.880000114440918
2022-09-09,5.179999828338623
2022-09-12,5.380000114440918
2022-09-13,5.130000114440918
2022-09-14,5.059999942779541
2022-09-15,5.159999847412109
2022-09-16,5.260000228881836
2022-09-19,5.019999980926514
2022-09-20,5.070000171661377
2022-09-21,4.960000038146973
2022-09-22,4.679999828338623
2022-09-23,4.190000057220459
2022-09-26,4.03000020980835
2022-09-27,4.090000152587891
2022-09-28,3.9600000381469727
2022-09-29,3.990000009536743
2022-09-30,3.700000047683716
2022-10-03,3.7699999809265137
2022-10-04,3.869999885559082
2022-10-05,3.9700000286102295
2022-10-06,4.150000095367432
2022-10-07,3.9000000953674316
2022-10-10,3.759999990463257
2022-10-11,3.5799999237060547
2022-10-12,3.5999999046325684
2022-10-13,3.4200000762939453
2022-10-14,3.5999999046325684
2022-10-17,3.5799999237060547
2022-10-18,3.7799999713897705
2022-10-19,3.8399999141693115
2022-10-20,3.930000066757202
2022-10-21,3.8399999141693115
2022-10-24,3.940000057220459
2022-10-25,3.9700000286102295
2022-10-26,4.110000133514404
2022-10-27,4.179999828338623
2022-10-28,4.010000228881836
2022-10-31,4.190000057220459
2022-11-01,4.289999961853027
2022-11-02,4.380000114440918
2022-11-03,3.8499999046325684
2022-11-04,4.050000190734863
2022-11-07,3.75
2022-11-08,4.070000171661377
2022-11-09,3.940000057220459
2022-11-10,3.9800000190734863
2022-11-11,4.119999885559082
2022-11-14,4.230000019073486
2022-11-15,4.170000076293945
2022-11-16,4.0
2022-11-17,3.8399999141693115
2022-11-18,3.8299999237060547
2022-11-21,3.680000066757202
2022-11-22,3.630000114440918
2022-11-23,3.5999999046325684
2022-11-25,3.5399999618530273
2022-11-28,3.4700000286102295
2022-11-29,3.380000114440918
2022-11-30,3.430000066757202
2022-12-01,3.630000114440918
2022-12-02,3.490000009536743
2022-12-05,3.619999885559082
2022-12-06,3.6500000953674316
2022-12-07,3.5299999713897705
2022-12-08,3.5999999046325684
2022-12-09,3.509999990463257
2022-12-12,3.5299999713897705
2022-12-13,3.8499999046325684
2022-12-14,3.759999990463257
2022-12-15,3.6700000762939453
2022-12-16,3.509999990463257
2022-12-19,3.4200000762939453
2022-12-20,3.0
2022-12-21,3.200000047683716
2022-12-22,3.1600000858306885
2022-12-23,3.0
2022-12-27,3.0
2022-12-28,3.0199999809265137
2022-12-29,3.319999933242798
2022-12-30,3.4600000381469727
2023-01-03,3.640000104904175
2023-01-04,3.740000009536743
2023-01-05,3.7799999713897705
2023-01-06,3.819999933242798
2023-01-09,3.9200000762939453
2023-01-10,3.809999942779541
2023-01-11,4.090000152587891
2023-01-12,4.170000076293945
2023-01-13,4.130000114440918
2023-01-17,4.090000152587891
2023-01-18,4.03000020980835
2023-01-19,3.9700000286102295
2023-01-20,4.079999923706055
2023-01-23,4.050000190734863
2023-01-24,4.110000133514404
2023-01-25,4.210000038146973
2023-01-26,4.25
2023-01-27,4.099999904632568
2023-01-30,4.139999866485596
2023-01-31,4.099999904632568
2023-02-01,4.309999942779541
2023-02-02,4.550000190734863
2023-02-03,4.519999980926514
2023-02-06,4.400000095367432
2023-02-07,4.489999771118164
2023-02-08,4.369999885559082
2023-02-09,4.25
2023-02-10,4.019999980926514
2023-02-13,3.950000047683716
2023-02-14,3.880000114440918
2023-02-15,3.990000009536743
2023-02-16,4.119999885559082
2023-02-17,4.150000095367432
2023-02-21,4.21999979019165
2023-02-22,4.170000076293945
2023-02-23,4.179999828338623
2023-02-24,3.940000057220459
2023-02-27,3.9000000953674316
2023-02-28,4.090000152587891
2023-03-01,4.179999828338623
2023-03-02,4.199999809265137
2023-03-03,3.880000114440918
2023-03-06,3.759999990463257
2023-03-07,3.799999952316284
2023-03-08,3.7200000286102295
2023-03-09,3.5999999046325684
2023-03-10,3.450000047683716
2023-03-13,3.319999933242798
2023-03-14,3.380000114440918
2023-03-15,3.190000057220459
2023-03-16,3.2100000381469727
2023-03-17,3.25
2023-03-20,3.200000047683716
2023-03-21,3.1700000762939453
2023-03-22,3.25
2023-03-23,3.119999885559082
2023-03-24,3.109999895095825
2023-03-27,3.2699999809265137
2023-03-28,3.0999999046325684
2023-03-29,3.059999942779541
2023-03-30,3.059999942779541
2023-03-31,3.119999885559082
2023-04-03,3.0999999046325684
2023-04-04,3.180000066757202
2023-04-05,3.009999990463257
2023-04-06,2.940000057220459
2023-04-10,2.9600000381469727
2023-04-11,3.0299999713897705
2023-04-12,3.0899999141693115
2023-04-13,2.9800000190734863
2023-04-14,3.0999999046325684
2023-04-17,3.0799999237060547
2023-04-18,3.140000104904175
2023-04-19,3.0199999809265137
2023-04-20,3.200000047683716
2023-04-21,3.2699999809265137
2023-04-24,3.25
2023-04-25,3.069999933242798
2023-04-26,2.9600000381469727
2023-04-27,2.940000057220459
2023-04-28,2.930000066757202
2023-05-01,3.1600000858306885
2023-05-02,3.2300000190734863
2023-05-03,3.1600000858306885
2023-05-04,3.4100000858306885
2023-05-05,3.240000009536743
2023-05-08,3.380000114440918
2023-05-09,3.200000047683716
2023-05-10,3.2699999809265137
2023-05-11,3.1500000953674316
2023-05-12,3.109999895095825
2023-05-15,2.9000000953674316
2023-05-16,3.0399999618530273
2023-05-17,3.0299999713897705
2023-05-18,3.109999895095825
2023-05-19,3.2200000286102295
2023-05-22,3.1700000762939453
2023-05-23,3.2300000190734863
2023-05-24,3.180000066757202
2023-05-25,3.069999933242798
2023-05-26,2.950000047683716
2023-05-30,2.9700000286102295
2023-05-31,2.890000104904175
2023-06-01,3.059999942779541
2023-06-02,3.0999999046325684
2023-06-05,3.1700000762939453
2023-06-06,3.200000047683716
2023-06-07,3.2300000190734863
2023-06-08,3.119999885559082
2023-06-09,3.0799999237060547
2023-06-12,3.0399999618530273
2023-06-13,3.069999933242798
2023-06-14,3.200000047683716
2023-06-15,3.0899999141693115
2023-06-16,3.1500000953674316
2023-06-20,3.0999999046325684
2023-06-21,3.059999942779541
2023-06-22,3.009999990463257
2023-06-23,2.940000057220459
2023-06-26,2.9800000190734863
2023-06-27,2.9700000286102295
2023-06-28,3.0199999809265137
2023-06-29,3.0799999237060547
2023-06-30,3.1700000762939453
2023-07-03,3.0999999046325684
2023-07-05,3.1500000953674316
2023-07-06,3.0
2023-07-07,3.009999990463257
2023-07-10,3.069999933242798
2023-07-11,3.4700000286102295
2023-07-12,3.7300000190734863
2023-07-13,3.7799999713897705
2023-07-14,3.809999942779541
2023-07-17,3.5
2023-07-18,3.359999895095825
2023-07-19,3.5999999046325684
2023-07-20,3.569999933242798
2023-07-21,3.559999942779541
2023-07-24,3.380000114440918
2023-07-25,3.4000000953674316
2023-07-26,3.390000104904175
2023-07-27,3.7100000381469727
2023-07-28,3.619999885559082
2023-07-31,3.799999952316284
2023-08-01,3.8299999237060547
2023-08-02,3.809999942779541
2023-08-03,4.0
2023-08-04,4.449999809265137
2023-08-07,4.349999904632568
2023-08-08,4.079999923706055
2023-08-09,4.260000228881836
2023-08-10,4.050000190734863
2023-08-11,4.130000114440918
2023-08-14,4.130000114440918
2023-08-15,4.440000057220459
2023-08-16,4.599999904632568
2023-08-17,4.300000190734863
2023-08-18,3.9800000190734863
2023-08-21,3.990000009536743
2023-08-22,4.039999961853027
2023-08-23,4.019999980926514
2023-08-24,4.150000095367432
2023-08-25,4.170000076293945
2023-08-28,4.260000228881836
2023-08-29,4.579999923706055
2023-08-30,4.650000095367432
2023-08-31,4.610000133514404
2023-09-01,4.630000114440918
2023-09-05,4.579999923706055
2023-09-06,4.519999980926514
2023-09-07,4.900000095367432
2023-09-08,5.329999923706055
2023-09-11,5.340000152587891
2023-09-12,5.139999866485596
2023-09-13,5.329999923706055
2023-09-14,5.28000020980835
2023-09-15,5.320000171661377
2023-09-18,5.159999847412109
2023-09-19,5.0
2023-09-20,4.889999866485596
2023-09-21,4.699999809265137
2023-09-22,4.739999771118164
2023-09-25,4.670000076293945
2023-09-26,4.829999923706055
2023-09-27,4.860000133514404
2023-09-28,4.920000076293945
2023-09-29,4.610000133514404
2023-10-02,4.559999942779541
2023-10-03,4.5
2023-10-04,4.269999980926514
2023-10-05,4.119999885559082
2023-10-06,3.940000057220459
2023-10-09,3.950000047683716
2023-10-10,4.059999942779541
2023-10-11,4.320000171661377
2023-10-12,4.110000133514404
2023-10-13,3.890000104904175
2023-10-16,3.8399999141693115
2023-10-17,3.8299999237060547
2023-10-18,3.990000009536743
2023-10-19,3.8399999141693115
2023-10-20,3.700000047683716
2023-10-23,3.640000104904175
2023-10-24,3.7100000381469727
2023-10-25,3.7300000190734863
2023-10-26,3.4200000762939453
2023-10-27,3.309999942779541
2023-10-30,3.4200000762939453
2023-10-31,3.5299999713897705
2023-11-01,3.609999895095825
2023-11-02,3.6500000953674316
2023-11-03,3.809999942779541
2023-11-06,3.8399999141693115
2023-11-07,4.039999961853027
2023-11-08,4.409999847412109
2023-11-09,4.429999828338623
2023-11-10,4.289999961853027
2023-11-13,4.289999961853027
2023-11-14,4.5
2023-11-15,4.730000019073486
2023-11-16,4.630000114440918
2023-11-17,4.670000076293945
2023-11-20,4.710000038146973
2023-11-21,4.550000190734863
2023-11-22,4.630000114440918
2023-11-24,4.550000190734863
2023-11-27,4.53000020980835
2023-11-28,4.28000020980835
2023-11-29,4.300000190734863
2023-11-30,4.260000228881836
2023-12-01,4.179999828338623
2023-12-04,4.380000114440918
2023-12-05,4.210000038146973
2023-12-06,4.010000228881836
2023-12-07,3.9700000286102295
2023-12-08,3.8399999141693115
2023-12-11,4.059999942779541
2023-12-12,3.990000009536743
2023-12-13,4.03000020980835
2023-12-14,4.320000171661377
2023-12-15,4.349999904632568
2023-12-18,4.170000076293945
2023-12-19,4.230000019073486
2023-12-20,4.340000152587891
2023-12-21,4.349999904632568
2023-12-22,4.400000095367432
2023-12-26,4.28000020980835
2023-12-27,4.449999809265137
2023-12-28,4.690000057220459
2023-12-29,4.550000190734863
2024-01-02,4.409999847412109
2024-01-03,4.130000114440918
2024-01-04,3.930000066757202
2024-01-05,3.9100000858306885
2024-01-08,3.8499999046325684
2024-01-09,3.859999895095825
2024-01-10,3.930000066757202
2024-01-11,3.7899999618530273
2024-01-12,3.700000047683716
2024-01-16,3.5999999046325684
2024-01-17,3.8499999046325684
2024-01-18,4.550000190734863
2024-01-19,4.860000133514404
2024-01-22,5.150000095367432
2024-01-23,5.130000114440918
2024-01-24,5.360000133514404
2024-01-25,5.420000076293945
2024-01-26,5.389999866485596
2024-01-29,5.409999847412109
2024-01-30,5.360000133514404
2024-01-31,5.179999828338623
2024-02-01,5.269999980926514
2024-02-02,5.21999979019165
2024-02-05,5.389999866485596
2024-02-06,5.409999847412109
2024-02-07,5.510000228881836
2024-02-08,5.670000076293945
2024-02-09,5.880000114440918
2024-02-12,5.889999866485596
2024-02-13,5.610000133514404
2024-02-14,5.699999809265137
2024-02-15,5.840000152587891
2024-02-16,5.730000019073486
2024-02-20,5.840000152587891
2024-02-21,5.550000190734863
2024-02-22,5.579999923706055
2024-02-23,5.550000190734863
2024-02-26,5.440000057220459
2024-02-27,5.570000171661377
2024-02-28,5.460000038146973
2024-02-29,5.679999828338623
2024-03-01,5.920000076293945
2024-03-04,5.699999809265137
2024-03-05,5.579999923706055
2024-03-06,5.380000114440918
2024-03-07,7.159999847412109
2024-03-08,6.0
2024-03-11,5.869999885559082
2024-03-12,5.849999904632568
2024-03-13,5.929999828338623
2024-03-14,5.940000057220459
2024-03-15,5.739999771118164
2024-03-18,5.889999866485596
2024-03-19,5.869999885559082
2024-03-20,5.809999942779541
2024-03-21,6.21999979019165
2024-03-22,6.429999828338623
2024-03-25,6.579999923706055
2024-03-26,6.539999961853027
2024-03-27,6.5
2024-03-28,6.460000038146973
2024-04-01,6.480000019073486
2024-04-02,6.670000076293945
2024-04-03,6.670000076293945
2024-04-04,7.0
2024-04-05,6.800000190734863
2024-04-08,7.070000171661377
2024-04-09,7.079999923706055
2024-04-10,7.010000228881836
2024-04-11,6.820000171661377
2024-04-12,6.78000020980835
2024-04-15,6.739999771118164
2024-04-16,6.489999771118164
2024-04-17,6.53000020980835
2024-04-18,6.329999923706055
2024-04-19,6.420000076293945
2024-04-22,6.039999961853027
2024-04-23,6.119999885559082
2024-04-24,6.090000152587891
2024-04-25,5.800000190734863
2024-04-26,5.980000019073486
2024-04-29,6.079999923706055
2024-04-30,6.210000038146973
2024-05-01,6.349999904632568
2024-05-02,7.860000133514404
2024-05-03,7.820000171661377
2024-05-06,7.949999809265137
2024-05-07,8.300000190734863
2024-05-08,8.289999961853027
2024-05-09,8.270000457763672
2024-05-10,8.619999885559082
2024-05-13,8.399999618530273
2024-05-14,8.65999984741211
2024-05-15,8.819999694824219
2024-05-16,8.729999542236328
2024-05-17,8.670000076293945
2024-05-20,8.65999984741211
2024-05-21,8.720000267028809
2024-05-22,8.800000190734863
2024-05-23,8.630000114440918
2024-05-24,8.59000015258789
2024-05-28,8.880000114440918
2024-05-29,8.640000343322754
2024-05-30,8.720000267028809
2024-05-31,8.9399995803833
2024-06-03,8.970000267028809
2024-06-04,8.729999542236328
2024-06-05,8.800000190734863
2024-06-06,9.140000343322754
2024-06-07,8.90999984741211
2024-06-10,8.819999694824219
2024-06-11,8.84000015258789
2024-06-12,9.229999542236328
2024-06-13,9.210000038146973
2024-06-14,9.270000457763672
2024-06-17,9.369999885559082
2024-06-18,9.680000305175781
2024-06-20,9.720000267028809
2024-06-21,9.380000114440918
2024-06-24,9.380000114440918
2024-06-25,9.319999694824219
2024-06-26,9.220000267028809
2024-06-27,9.350000381469727
2024-06-28,9.539999961853027
2024-07-01,9.579999923706055
2024-07-02,9.470000267028809
2024-07-03,8.75
2024-07-05,9.079999923706055
2024-07-08,8.609999656677246
2024-07-09,8.920000076293945
2024-07-10,8.84000015258789
2024-07-11,8.800000190734863
2024-07-12,8.869999885559082
2024-07-15,8.989999771118164
2024-07-16,9.869999885559082
2024-07-17,10.0
2024-07-18,10.0600004196167
2024-07-19,9.800000190734863
2024-07-22,9.989999771118164
2024-07-23,10.300000190734863
2024-07-24,10.359999656677246
2024-07-25,10.0600004196167
2024-07-26,10.350000381469727
2024-07-29,10.4399995803833
2024-07-30,10.260000228881836
2024-07-31,10.149999618530273
2024-08-01,11.5
2024-08-02,10.289999961853027
2024-08-05,9.050000190734863
2024-08-06,9.529999732971191
2024-08-07,9.869999885559082
2024-08-08,9.510000228881836
2024-08-09,9.460000038146973
2024-08-12,9.039999961853027
2024-08-13,9.010000228881836
2024-08-14,9.149999618530273
2024-08-15,9.359999656677246
2024-08-16,9.25
2024-08-19,9.40999984741211
2024-08-20,9.649999618530273
2024-08-21,9.5
2024-08-22,9.470000267028809
2024-08-23,9.130000114440918
2024-08-26,9.430000305175781
2024-08-27,9.170000076293945
2024-08-28,9.09000015258789
2024-08-29,8.979999542236328
2024-08-30,9.15999984741211
2024-09-03,9.1899995803833
2024-09-04,9.039999961853027
2024-09-05,9.15999984741211
2024-09-06,9.100000381469727
2024-09-09,9.170000076293945
2024-09-10,9.390000343322754
2024-09-11,9.350000381469727
2024-09-12,9.640000343322754
2024-09-13,10.119999885559082
2024-09-16,10.100000381469727
2024-09-17,9.979999542236328
2024-09-18,10.25
2024-09-19,10.75
2024-09-20,10.550000190734863
2024-09-23,10.449999809265137
2024-09-24,10.449999809265137
2024-09-25,10.90999984741211
2024-09-26,10.829999923706055
2024-09-27,10.850000381469727
2024-09-30,10.680000305175781
2024-10-01,10.75
2024-10-02,10.220000267028809
2024-10-03,10.380000114440918
2024-10-04,10.75
2024-10-07,10.670000076293945
2024-10-08,10.489999771118164
2024-10-09,10.850000381469727
2024-10-10,10.920000076293945
2024-10-11,11.029999732971191
2024-10-14,11.449999809265137
2024-10-15,11.3100004196167
2024-10-16,11.079999923706055
2024-10-17,11.140000343322754
2024-10-18,11.180000305175781
2024-10-21,10.739999771118164
2024-10-22,10.6899995803833
2024-10-23,10.850000381469727
2024-10-24,10.779999732971191
2024-10-25,10.65999984741211
2024-10-28,10.579999923706055
2024-10-29,10.239999771118164
2024-10-30,10.600000381469727
2024-10-31,11.449999809265137
2024-11-01,10.90999984741211
2024-11-04,10.899999618530273
2024-11-05,10.899999618530273
2024-11-06,10.84000015258789
2024-11-07,10.800000190734863
2024-11-08,10.729999542236328
2024-11-11,11.050000190734863
2024-11-12,11.529999732971191
2024-11-13,12.300000190734863
2024-11-14,11.5
2024-11-15,11.390000343322754
2024-11-18,11.069999694824219
2024-11-19,11.0
2024-11-20,11.960000038146973
2024-11-21,12.199999809265137
2024-11-22,13.5600004196167
2024-11-25,13.399999618530273
2024-11-26,13.760000228881836
2024-11-27,14.5
2024-11-29,14.319999694824219
2024-12-02,14.300000190734863
2024-12-03,14.479999542236328
2024-12-04,14.720000267028809
2024-12-05,14.25
2024-12-06,14.260000228881836
2024-12-09,13.699999809265137
2024-12-10,13.369999885559082
2024-12-11,13.649999618530273
2024-12-12,13.59000015258789
2024-12-13,13.829999923706055
2024-12-16,13.630000114440918
2024-12-17,13.630000114440918
2024-12-18,13.949999809265137
2024-12-19,13.229999542236328
2024-12-20,12.880000114440918
2024-12-23,13.489999771118164
2024-12-24,13.5
2024-12-26,13.569999694824219
2024-12-27,13.680000305175781
2024-12-30,13.479999542236328
2024-12-31,13.609999656677246
2025-01-02,13.850000381469727
2025-01-03,13.640000343322754
2025-01-06,14.319999694824219
2025-01-07,14.279999732971191
2025-01-08,14.649999618530273
2025-01-10,14.329999923706055
2025-01-13,13.630000114440918
2025-01-14,14.140000343322754
2025-01-15,15.15999984741211
2025-01-16,15.140000343322754
2025-01-17,15.239999771118164
2025-01-21,15.1899995803833
2025-01-22,15.800000190734863
2025-01-23,14.5
2025-01-24,14.369999885559082
2025-01-27,13.579999923706055
2025-01-28,14.039999961853027
2025-01-29,14.319999694824219
2025-01-30,14.489999771118164
2025-01-31,14.350000381469727
2025-02-03,14.0600004196167
2025-02-04,14.520000457763672
2025-02-05,14.869999885559082
2025-02-06,14.789999961853027
2025-02-07,14.430000305175781
2025-02-10,14.15999984741211
2025-02-11,14.279999732971191
2025-02-12,14.649999618530273
2025-02-13,15.710000038146973
2025-02-14,15.920000076293945
2025-02-18,16.6200008392334
2025-02-19,15.760000228881836
2025-02-20,15.479999542236328
2025-02-21,15.539999961853027
2025-02-24,13.649999618530273
2025-02-25,13.09000015258789
2025-02-26,13.140000343322754
2025-02-27,12.5
2025-02-28,11.5
2025-03-03,11.819999694824219
2025-03-04,11.130000114440918
2025-03-05,11.300000190734863
2025-03-06,11.3100004196167
2025-03-07,10.449999809265137
2025-03-10,10.010000228881836
2025-03-11,9.725000381469727
2025-03-12,10.520000457763672
2025-03-13,10.479999542236328
2025-03-14,9.9399995803833
2025-03-17,10.649999618530273
2025-03-18,10.699999809265137
2025-03-19,10.569999694824219
2025-03-20,10.890000343322754
2025-03-21,10.680000305175781
2025-03-24,11.289999961853027
2025-03-25,11.40999984741211
2025-03-26,11.34000015258789
2025-03-27,10.800000190734863
2025-03-28,10.960000038146973
2025-03-31,10.5
2025-04-01,10.680000305175781
2025-04-02,10.789999961853027
2025-04-03,10.710000038146973
2025-04-04,10.220000267028809
