2014-07-18,27.0
2014-07-21,29.40999984741211
2014-07-22,29.899999618530273
2014-07-23,27.770000457763672
2014-07-24,27.5
2014-07-25,27.0
2014-07-28,27.15999984741211
2014-07-29,25.81999969482422
2014-07-30,25.940000534057617
2014-07-31,27.5
2014-08-01,28.420000076293945
2014-08-04,29.84000015258789
2014-08-05,29.989999771118164
2014-08-06,28.780000686645508
2014-08-07,30.110000610351562
2014-08-08,30.489999771118164
2014-08-11,29.799999237060547
2014-08-12,33.529998779296875
2014-08-13,31.510000228881836
2014-08-14,29.979999542236328
2014-08-15,28.34000015258789
2014-08-18,27.360000610351562
2014-08-19,27.0
2014-08-20,29.450000762939453
2014-08-21,29.049999237060547
2014-08-22,29.0
2014-08-25,29.0
2014-08-26,29.040000915527344
2014-08-27,29.31999969482422
2014-08-28,28.770000457763672
2014-08-29,29.15999984741211
2014-09-02,28.809999465942383
2014-09-03,29.579999923706055
2014-09-04,30.0
2014-09-05,28.34000015258789
2014-09-08,28.959999084472656
2014-09-09,27.59000015258789
2014-09-10,28.489999771118164
2014-09-11,31.110000610351562
2014-09-12,29.010000228881836
2014-09-15,28.690000534057617
2014-09-16,28.709999084472656
2014-09-17,27.5
2014-09-18,27.020000457763672
2014-09-19,28.299999237060547
2014-09-22,27.100000381469727
2014-09-23,26.75
2014-09-24,31.280000686645508
2014-09-25,29.579999923706055
2014-09-26,28.8700008392334
2014-09-29,29.81999969482422
2014-09-30,32.0
2014-10-01,31.399999618530273
2014-10-02,31.700000762939453
2014-10-03,33.810001373291016
2014-10-06,38.79999923706055
2014-10-07,33.75
2014-10-08,33.25
2014-10-09,36.459999084472656
2014-10-10,34.29999923706055
2014-10-13,33.22999954223633
2014-10-14,33.04999923706055
2014-10-15,30.239999771118164
2014-10-16,30.75
2014-10-17,31.030000686645508
2014-10-20,31.579999923706055
2014-10-21,35.34000015258789
2014-10-22,38.439998626708984
2014-10-23,34.290000915527344
2014-10-24,35.630001068115234
2014-10-27,37.900001525878906
2014-10-28,36.650001525878906
2014-10-29,39.560001373291016
2014-10-30,38.060001373291016
2014-10-31,39.9900016784668
2014-11-03,39.099998474121094
2014-11-04,38.189998626708984
2014-11-05,39.43000030517578
2014-11-06,38.79999923706055
2014-11-07,39.15999984741211
2014-11-10,40.0
2014-11-11,36.93000030517578
2014-11-12,34.0
2014-11-13,34.91999816894531
2014-11-14,35.189998626708984
2014-11-17,35.4900016784668
2014-11-18,37.040000915527344
2014-11-19,37.72999954223633
2014-11-20,36.529998779296875
2014-11-21,37.83000183105469
2014-11-24,37.959999084472656
2014-11-25,39.38999938964844
2014-11-26,39.31999969482422
2014-11-28,39.34000015258789
2014-12-01,39.4900016784668
2014-12-02,37.470001220703125
2014-12-03,38.70000076293945
2014-12-04,42.189998626708984
2014-12-05,43.279998779296875
2014-12-08,43.38999938964844
2014-12-09,41.900001525878906
2014-12-10,42.4900016784668
2014-12-11,41.33000183105469
2014-12-12,38.279998779296875
2014-12-15,35.939998626708984
2014-12-16,34.13999938964844
2014-12-17,37.65999984741211
2014-12-18,40.22999954223633
2014-12-19,40.400001525878906
2014-12-22,40.2400016784668
2014-12-23,40.68000030517578
2014-12-24,39.13999938964844
2014-12-26,38.36000061035156
2014-12-29,38.66999816894531
2014-12-30,36.790000915527344
2014-12-31,37.11000061035156
2015-01-02,37.0
2015-01-05,38.689998626708984
2015-01-06,40.209999084472656
2015-01-07,38.880001068115234
2015-01-08,42.060001373291016
2015-01-09,46.0
2015-01-12,44.720001220703125
2015-01-13,44.08000183105469
2015-01-14,42.400001525878906
2015-01-15,40.099998474121094
2015-01-16,37.209999084472656
2015-01-20,38.0
2015-01-21,38.16999816894531
2015-01-22,38.75
2015-01-23,38.59000015258789
2015-01-26,37.709999084472656
2015-01-27,40.400001525878906
2015-01-28,40.22999954223633
2015-01-29,40.08000183105469
2015-01-30,40.0
2015-02-02,40.189998626708984
2015-02-03,40.189998626708984
2015-02-04,38.79999923706055
2015-02-05,39.0
2015-02-06,38.970001220703125
2015-02-09,37.0
2015-02-10,38.70000076293945
2015-02-11,38.790000915527344
2015-02-12,40.0099983215332
2015-02-13,41.279998779296875
2015-02-17,41.029998779296875
2015-02-18,41.209999084472656
2015-02-19,41.40999984741211
2015-02-20,41.45000076293945
2015-02-23,42.939998626708984
2015-02-24,42.970001220703125
2015-02-25,41.97999954223633
2015-02-26,42.04999923706055
2015-02-27,42.5099983215332
2015-03-02,43.91999816894531
2015-03-03,43.88999938964844
2015-03-04,43.779998779296875
2015-03-05,43.25
2015-03-06,44.22999954223633
2015-03-09,42.79999923706055
2015-03-10,42.41999816894531
2015-03-11,44.45000076293945
2015-03-12,45.84000015258789
2015-03-13,46.7599983215332
2015-03-16,47.810001373291016
2015-03-17,47.310001373291016
2015-03-18,47.119998931884766
2015-03-19,50.790000915527344
2015-03-20,53.040000915527344
2015-03-23,52.790000915527344
2015-03-24,51.79999923706055
2015-03-25,52.939998626708984
2015-03-26,44.220001220703125
2015-03-27,45.41999816894531
2015-03-30,50.56999969482422
2015-03-31,50.630001068115234
2015-04-01,49.959999084472656
2015-04-02,50.81999969482422
2015-04-06,46.380001068115234
2015-04-07,45.65999984741211
2015-04-08,46.90999984741211
2015-04-09,48.41999816894531
2015-04-10,49.95000076293945
2015-04-13,51.279998779296875
2015-04-14,51.0
2015-04-15,54.0
2015-04-16,59.650001525878906
2015-04-17,60.31999969482422
2015-04-20,61.97999954223633
2015-04-21,61.0
2015-04-22,62.400001525878906
2015-04-23,59.81999969482422
2015-04-24,59.939998626708984
2015-04-27,58.56999969482422
2015-04-28,54.58000183105469
2015-04-29,53.56999969482422
2015-04-30,54.470001220703125
2015-05-01,53.119998931884766
2015-05-04,54.63999938964844
2015-05-05,57.45000076293945
2015-05-06,55.150001525878906
2015-05-07,55.400001525878906
2015-05-08,55.90999984741211
2015-05-11,57.08000183105469
2015-05-12,56.16999816894531
2015-05-13,58.400001525878906
2015-05-14,57.95000076293945
2015-05-15,61.029998779296875
2015-05-18,58.09000015258789
2015-05-19,59.25
2015-05-20,59.040000915527344
2015-05-21,63.869998931884766
2015-05-22,67.97000122070312
2015-05-26,68.01000213623047
2015-05-27,70.52999877929688
2015-05-28,70.69000244140625
2015-05-29,72.63999938964844
2015-06-01,75.0
2015-06-02,70.44000244140625
2015-06-03,75.47000122070312
2015-06-04,74.81999969482422
2015-06-05,78.62000274658203
2015-06-08,80.05000305175781
2015-06-09,82.83000183105469
2015-06-10,86.01000213623047
2015-06-11,82.5
2015-06-12,84.5
2015-06-15,85.18000030517578
2015-06-16,77.69000244140625
2015-06-17,75.87000274658203
2015-06-18,77.08999633789062
2015-06-19,75.0
2015-06-22,71.33999633789062
2015-06-23,74.05999755859375
2015-06-24,74.0
2015-06-25,74.33999633789062
2015-06-26,72.25
2015-06-29,69.9000015258789
2015-06-30,68.95999908447266
2015-07-01,73.11000061035156
2015-07-02,69.18000030517578
2015-07-06,68.0
2015-07-07,70.30000305175781
2015-07-08,69.25
2015-07-09,68.43000030517578
2015-07-10,70.75
2015-07-13,73.47000122070312
2015-07-14,73.55000305175781
2015-07-15,76.30000305175781
2015-07-16,73.27999877929688
2015-07-17,74.93000030517578
2015-07-20,76.3499984741211
2015-07-21,73.4000015258789
2015-07-22,73.66999816894531
2015-07-23,76.98999786376953
2015-07-24,74.86000061035156
2015-07-27,71.44999694824219
2015-07-28,69.91000366210938
2015-07-29,72.80999755859375
2015-07-30,68.48999786376953
2015-07-31,68.22000122070312
2015-08-03,67.83000183105469
2015-08-04,68.11000061035156
2015-08-05,69.44000244140625
2015-08-06,71.87000274658203
2015-08-07,66.58999633789062
2015-08-10,65.20999908447266
2015-08-11,66.29000091552734
2015-08-12,61.79999923706055
2015-08-13,62.88999938964844
2015-08-14,59.95000076293945
2015-08-17,59.15999984741211
2015-08-18,60.709999084472656
2015-08-19,57.0
2015-08-20,53.86000061035156
2015-08-21,53.4900016784668
2015-08-24,51.25
2015-08-25,52.68000030517578
2015-08-26,53.31999969482422
2015-08-27,51.11000061035156
2015-08-28,53.41999816894531
2015-08-31,53.06999969482422
2015-09-01,52.189998626708984
2015-09-02,52.58000183105469
2015-09-03,55.13999938964844
2015-09-04,52.900001525878906
2015-09-08,55.04999923706055
2015-09-09,56.52000045776367
2015-09-10,55.20000076293945
2015-09-11,56.0
2015-09-14,58.810001373291016
2015-09-15,56.34000015258789
2015-09-16,58.400001525878906
2015-09-17,56.459999084472656
2015-09-18,58.130001068115234
2015-09-21,59.869998931884766
2015-09-22,52.720001220703125
2015-09-23,52.2400016784668
2015-09-24,51.380001068115234
2015-09-25,52.900001525878906
2015-09-28,46.880001068115234
2015-09-29,42.97999954223633
2015-09-30,41.560001373291016
2015-10-01,42.599998474121094
2015-10-02,40.130001068115234
2015-10-05,46.66999816894531
2015-10-06,44.97999954223633
2015-10-07,42.02000045776367
2015-10-08,42.439998626708984
2015-10-09,41.84000015258789
2015-10-12,43.9900016784668
2015-10-13,45.61000061035156
2015-10-14,45.86000061035156
2015-10-15,43.29999923706055
2015-10-16,46.97999954223633
2015-10-19,45.540000915527344
2015-10-20,46.95000076293945
2015-10-21,44.810001373291016
2015-10-22,44.849998474121094
2015-10-23,45.18000030517578
2015-10-26,44.70000076293945
2015-10-27,45.34000015258789
2015-10-28,49.63999938964844
2015-10-29,51.189998626708984
2015-10-30,51.470001220703125
2015-11-02,51.0
2015-11-03,53.650001525878906
2015-11-04,54.5099983215332
2015-11-05,54.58000183105469
2015-11-06,52.18000030517578
2015-11-09,51.380001068115234
2015-11-10,50.13999938964844
2015-11-11,47.56999969482422
2015-11-12,44.33000183105469
2015-11-13,43.119998931884766
2015-11-16,43.849998474121094
2015-11-17,43.16999816894531
2015-11-18,45.54999923706055
2015-11-19,46.29999923706055
2015-11-20,44.97999954223633
2015-11-23,42.65999984741211
2015-11-24,43.939998626708984
2015-11-25,44.349998474121094
2015-11-27,48.02000045776367
2015-11-30,48.38999938964844
2015-12-01,48.279998779296875
2015-12-02,47.33000183105469
2015-12-03,48.47999954223633
2015-12-04,48.2400016784668
2015-12-07,51.380001068115234
2015-12-08,50.650001525878906
2015-12-09,53.41999816894531
2015-12-10,52.650001525878906
2015-12-11,52.27000045776367
2015-12-14,48.970001220703125
2015-12-15,51.95000076293945
2015-12-16,56.470001220703125
2015-12-17,57.599998474121094
2015-12-18,59.400001525878906
2015-12-21,60.45000076293945
2015-12-22,59.619998931884766
2015-12-23,59.470001220703125
2015-12-24,59.06999969482422
2015-12-28,58.810001373291016
2015-12-29,59.33000183105469
2015-12-30,59.4900016784668
2015-12-31,58.06999969482422
2016-01-04,56.939998626708984
2016-01-05,56.02000045776367
2016-01-06,53.900001525878906
2016-01-07,44.68000030517578
2016-01-08,46.4900016784668
2016-01-11,45.04999923706055
2016-01-12,43.06999969482422
2016-01-13,43.34000015258789
2016-01-14,40.29999923706055
2016-01-15,39.4900016784668
2016-01-19,39.59000015258789
2016-01-20,37.09000015258789
2016-01-21,38.4900016784668
2016-01-22,39.95000076293945
2016-01-25,39.599998474121094
2016-01-26,39.150001525878906
2016-01-27,37.5
2016-01-28,35.720001220703125
2016-01-29,34.02000045776367
2016-02-01,33.34000015258789
2016-02-02,34.0099983215332
2016-02-03,33.369998931884766
2016-02-04,33.939998626708984
2016-02-05,34.90999984741211
2016-02-08,31.010000228881836
2016-02-09,28.25
2016-02-10,31.0
2016-02-11,28.719999313354492
2016-02-12,31.030000686645508
2016-02-16,32.5099983215332
2016-02-17,32.86000061035156
2016-02-18,33.81999969482422
2016-02-19,31.020000457763672
2016-02-22,32.5099983215332
2016-02-23,32.9900016784668
2016-02-24,31.3700008392334
2016-02-25,30.969999313354492
2016-02-26,30.690000534057617
2016-02-29,31.0
2016-03-01,29.690000534057617
2016-03-02,30.06999969482422
2016-03-03,34.34000015258789
2016-03-04,33.70000076293945
2016-03-07,33.72999954223633
2016-03-08,35.79999923706055
2016-03-09,34.27000045776367
2016-03-10,33.119998931884766
2016-03-11,33.810001373291016
2016-03-14,34.459999084472656
2016-03-15,36.290000915527344
2016-03-16,34.0
2016-03-17,32.84000015258789
2016-03-18,31.739999771118164
2016-03-21,31.270000457763672
2016-03-22,32.310001373291016
2016-03-23,28.940000534057617
2016-03-24,29.06999969482422
2016-03-28,30.950000762939453
2016-03-29,30.700000762939453
2016-03-30,32.099998474121094
2016-03-31,31.649999618530273
2016-04-01,31.979999542236328
2016-04-04,32.7400016784668
2016-04-05,34.40999984741211
2016-04-06,34.63999938964844
2016-04-07,37.25
2016-04-08,38.900001525878906
2016-04-11,36.84000015258789
2016-04-12,34.380001068115234
2016-04-13,35.130001068115234
2016-04-14,35.83000183105469
2016-04-15,37.08000183105469
2016-04-18,36.560001373291016
2016-04-19,37.13999938964844
2016-04-20,37.400001525878906
2016-04-21,37.81999969482422
2016-04-22,39.439998626708984
2016-04-25,39.119998931884766
2016-04-26,38.0
2016-04-27,36.849998474121094
2016-04-28,36.630001068115234
2016-04-29,37.56999969482422
2016-05-02,37.939998626708984
2016-05-03,37.93000030517578
2016-05-04,36.290000915527344
2016-05-05,35.16999816894531
2016-05-06,34.09000015258789
2016-05-09,34.060001373291016
2016-05-10,35.189998626708984
2016-05-11,34.400001525878906
2016-05-12,33.0
2016-05-13,31.459999084472656
2016-05-16,32.16999816894531
2016-05-17,31.84000015258789
2016-05-18,31.729999542236328
2016-05-19,31.010000228881836
2016-05-20,30.40999984741211
2016-05-23,31.329999923706055
2016-05-24,31.0
2016-05-25,30.649999618530273
2016-05-26,31.68000030517578
2016-05-27,31.329999923706055
2016-05-31,31.790000915527344
2016-06-01,32.86000061035156
2016-06-02,33.599998474121094
2016-06-03,34.099998474121094
2016-06-06,33.61000061035156
2016-06-07,33.900001525878906
2016-06-08,34.29999923706055
2016-06-09,34.709999084472656
2016-06-10,32.0
2016-06-13,30.0
2016-06-14,28.65999984741211
2016-06-15,28.100000381469727
2016-06-16,28.5
2016-06-17,28.979999542236328
2016-06-20,28.969999313354492
2016-06-21,29.600000381469727
2016-06-22,28.979999542236328
2016-06-23,29.389999389648438
2016-06-24,29.709999084472656
2016-06-27,28.139999389648438
2016-06-28,27.3799991607666
2016-06-29,28.8799991607666
2016-06-30,29.190000534057617
2016-07-01,30.049999237060547
2016-07-05,30.75
2016-07-06,30.989999771118164
2016-07-07,32.52000045776367
2016-07-08,32.209999084472656
2016-07-11,34.290000915527344
2016-07-12,48.66999816894531
2016-07-13,46.439998626708984
2016-07-14,43.43000030517578
2016-07-15,42.5
2016-07-18,42.43000030517578
2016-07-19,42.18000030517578
2016-07-20,41.900001525878906
2016-07-21,43.36000061035156
2016-07-22,43.540000915527344
2016-07-25,44.56999969482422
2016-07-26,44.0
2016-07-27,44.68000030517578
2016-07-28,45.0
2016-07-29,44.63999938964844
2016-08-01,44.95000076293945
2016-08-02,44.040000915527344
2016-08-03,42.81999969482422
2016-08-04,44.20000076293945
2016-08-05,43.310001373291016
2016-08-08,44.119998931884766
2016-08-09,36.459999084472656
2016-08-10,36.86000061035156
2016-08-11,37.119998931884766
2016-08-12,37.2400016784668
2016-08-15,36.869998931884766
2016-08-16,36.849998474121094
2016-08-17,35.72999954223633
2016-08-18,35.849998474121094
2016-08-19,35.91999816894531
2016-08-22,36.77000045776367
2016-08-23,37.75
2016-08-24,38.20000076293945
2016-08-25,37.2400016784668
2016-08-26,37.45000076293945
2016-08-29,38.75
2016-08-30,38.61000061035156
2016-08-31,37.84000015258789
2016-09-01,37.33000183105469
2016-09-02,37.029998779296875
2016-09-06,36.86000061035156
2016-09-07,40.0
2016-09-08,39.52000045776367
2016-09-09,41.77000045776367
2016-09-12,38.349998474121094
2016-09-13,41.349998474121094
2016-09-14,40.97999954223633
2016-09-15,41.86000061035156
2016-09-16,43.09000015258789
2016-09-19,44.119998931884766
2016-09-20,45.54999923706055
2016-09-21,46.2400016784668
2016-09-22,46.79999923706055
2016-09-23,46.7400016784668
2016-09-26,46.22999954223633
2016-09-27,46.5
2016-09-28,47.0
2016-09-29,46.58000183105469
2016-09-30,45.869998931884766
2016-10-03,45.650001525878906
2016-10-04,46.220001220703125
2016-10-05,46.0099983215332
2016-10-06,45.25
2016-10-07,43.790000915527344
2016-10-10,43.81999969482422
2016-10-11,44.75
2016-10-12,43.38999938964844
2016-10-13,40.95000076293945
2016-10-14,42.61000061035156
2016-10-17,40.86000061035156
2016-10-18,41.70000076293945
2016-10-19,41.04999923706055
2016-10-20,40.939998626708984
2016-10-21,41.84000015258789
2016-10-24,43.5
2016-10-25,43.5099983215332
2016-10-26,43.709999084472656
2016-10-27,44.72999954223633
2016-10-28,43.34000015258789
2016-10-31,43.65999984741211
2016-11-01,43.720001220703125
2016-11-02,43.439998626708984
2016-11-03,43.75
2016-11-04,38.619998931884766
2016-11-07,42.119998931884766
2016-11-08,43.470001220703125
2016-11-09,46.61000061035156
2016-11-10,49.5
2016-11-11,51.11000061035156
2016-11-14,54.130001068115234
2016-11-15,54.029998779296875
2016-11-16,54.720001220703125
2016-11-17,51.83000183105469
2016-11-18,52.470001220703125
2016-11-21,52.0
2016-11-22,51.279998779296875
2016-11-23,48.209999084472656
2016-11-25,51.13999938964844
2016-11-28,51.52000045776367
2016-11-29,50.279998779296875
2016-11-30,50.81999969482422
2016-12-01,50.0
2016-12-02,49.189998626708984
2016-12-05,49.709999084472656
2016-12-06,55.0
2016-12-07,55.38999938964844
2016-12-08,51.91999816894531
2016-12-09,51.79999923706055
2016-12-12,50.20000076293945
2016-12-13,47.84000015258789
2016-12-14,52.2599983215332
2016-12-15,48.209999084472656
2016-12-16,48.5
2016-12-19,48.15999984741211
2016-12-20,47.79999923706055
2016-12-21,47.5099983215332
2016-12-22,46.939998626708984
2016-12-23,46.25
2016-12-27,49.52000045776367
2016-12-28,49.31999969482422
2016-12-29,48.880001068115234
2016-12-30,49.970001220703125
2017-01-03,51.970001220703125
2017-01-04,50.7599983215332
2017-01-05,52.68000030517578
2017-01-06,53.29999923706055
2017-01-09,54.0
2017-01-10,53.849998474121094
2017-01-11,54.0
2017-01-12,52.459999084472656
2017-01-13,54.0
2017-01-17,56.15999984741211
2017-01-18,54.40999984741211
2017-01-19,53.459999084472656
2017-01-20,53.22999954223633
2017-01-23,53.15999984741211
2017-01-24,51.95000076293945
2017-01-25,50.27000045776367
2017-01-26,49.0
2017-01-27,48.63999938964844
2017-01-30,47.06999969482422
2017-01-31,45.95000076293945
2017-02-01,47.959999084472656
2017-02-02,46.58000183105469
2017-02-03,47.83000183105469
2017-02-06,48.18000030517578
2017-02-07,47.90999984741211
2017-02-08,46.93000030517578
2017-02-09,47.58000183105469
2017-02-10,47.709999084472656
2017-02-13,51.290000915527344
2017-02-14,53.0
2017-02-15,54.2599983215332
2017-02-16,57.310001373291016
2017-02-17,60.04999923706055
2017-02-21,64.6500015258789
2017-02-22,63.470001220703125
2017-02-23,61.529998779296875
2017-02-24,61.630001068115234
2017-02-27,62.189998626708984
2017-02-28,68.94000244140625
2017-03-01,69.01000213623047
2017-03-02,70.58000183105469
2017-03-03,68.37999725341797
2017-03-06,66.80000305175781
2017-03-07,64.04000091552734
2017-03-08,64.98999786376953
2017-03-09,66.73999786376953
2017-03-10,68.05000305175781
2017-03-13,68.41000366210938
2017-03-14,68.80000305175781
2017-03-15,68.2300033569336
2017-03-16,69.48999786376953
2017-03-17,67.47000122070312
2017-03-20,67.29000091552734
2017-03-21,68.83999633789062
2017-03-22,63.790000915527344
2017-03-23,65.98999786376953
2017-03-24,65.31999969482422
2017-03-27,62.06999969482422
2017-03-28,65.62000274658203
2017-03-29,64.5
2017-03-30,62.7400016784668
2017-03-31,67.08999633789062
2017-04-03,70.83000183105469
2017-04-04,70.19999694824219
2017-04-05,72.30000305175781
2017-04-06,70.04000091552734
2017-04-07,70.80999755859375
2017-04-10,73.19999694824219
2017-04-11,71.33999633789062
2017-04-12,69.91999816894531
2017-04-13,71.83999633789062
2017-04-17,70.08000183105469
2017-04-18,70.05000305175781
2017-04-19,68.06999969482422
2017-04-20,70.5199966430664
2017-04-21,71.5999984741211
2017-04-24,73.80999755859375
2017-04-25,73.68000030517578
2017-04-26,73.87000274658203
2017-04-27,72.29000091552734
2017-04-28,71.91999816894531
2017-05-01,71.33999633789062
2017-05-02,73.48999786376953
2017-05-03,69.08000183105469
2017-05-04,68.7699966430664
2017-05-05,70.06999969482422
2017-05-08,69.87999725341797
2017-05-09,68.62999725341797
2017-05-10,67.02999877929688
2017-05-11,66.29000091552734
2017-05-12,70.0
2017-05-15,71.08999633789062
2017-05-16,70.9000015258789
2017-05-17,69.16999816894531
2017-05-18,66.94999694824219
2017-05-19,67.87999725341797
2017-05-22,65.6500015258789
2017-05-23,66.83999633789062
2017-05-24,67.30999755859375
2017-05-25,68.12000274658203
2017-05-26,67.93000030517578
2017-05-30,66.05000305175781
2017-05-31,64.9000015258789
2017-06-01,66.12000274658203
2017-06-02,68.31999969482422
2017-06-05,69.37000274658203
2017-06-06,68.93000030517578
2017-06-07,71.05999755859375
2017-06-08,72.05999755859375
2017-06-09,74.9800033569336
2017-06-12,74.0
2017-06-13,74.83000183105469
2017-06-14,78.44000244140625
2017-06-15,77.02999877929688
2017-06-16,76.05999755859375
2017-06-19,80.05000305175781
2017-06-20,84.0
2017-06-21,81.0
2017-06-22,83.5199966430664
2017-06-23,85.01000213623047
2017-06-26,85.05999755859375
2017-06-27,81.75
2017-06-28,77.02999877929688
2017-06-29,78.93000030517578
2017-06-30,79.01000213623047
2017-07-03,79.95999908447266
2017-07-05,80.87999725341797
2017-07-06,80.68000030517578
2017-07-07,80.4800033569336
2017-07-10,81.20999908447266
2017-07-11,79.22000122070312
2017-07-12,81.11000061035156
2017-07-13,80.12999725341797
2017-07-14,81.08000183105469
2017-07-17,81.5199966430664
2017-07-18,81.5999984741211
2017-07-19,82.37000274658203
2017-07-20,81.0999984741211
2017-07-21,81.93000030517578
2017-07-24,83.69999694824219
2017-07-25,86.5999984741211
2017-07-26,84.33000183105469
2017-07-27,83.81999969482422
2017-07-28,79.02999877929688
2017-07-31,82.0
2017-08-01,79.41999816894531
2017-08-02,78.4800033569336
2017-08-03,81.4000015258789
2017-08-04,79.88999938964844
2017-08-07,87.25
2017-08-08,87.08000183105469
2017-08-09,84.66999816894531
2017-08-10,85.0
2017-08-11,84.19999694824219
2017-08-14,85.36000061035156
2017-08-15,84.61000061035156
2017-08-16,85.38999938964844
2017-08-17,83.7300033569336
2017-08-18,80.56999969482422
2017-08-21,81.0199966430664
2017-08-22,81.0
2017-08-23,81.44000244140625
2017-08-24,81.26000213623047
2017-08-25,82.05000305175781
2017-08-28,79.91000366210938
2017-08-29,77.5
2017-08-30,78.68000030517578
2017-08-31,80.55999755859375
2017-09-01,82.30000305175781
2017-09-05,86.80999755859375
2017-09-06,85.94000244140625
2017-09-07,85.83999633789062
2017-09-08,86.61000061035156
2017-09-11,88.31999969482422
2017-09-12,67.30999755859375
2017-09-13,76.01000213623047
2017-09-14,68.4800033569336
2017-09-15,65.5
2017-09-18,62.20000076293945
2017-09-19,63.209999084472656
2017-09-20,61.18000030517578
2017-09-21,64.48999786376953
2017-09-22,64.36000061035156
2017-09-25,62.52000045776367
2017-09-26,63.849998474121094
2017-09-27,63.29999923706055
2017-09-28,63.18000030517578
2017-09-29,63.290000915527344
2017-10-02,62.70000076293945
2017-10-03,63.2599983215332
2017-10-04,63.54999923706055
2017-10-05,65.11000061035156
2017-10-06,63.4900016784668
2017-10-09,63.900001525878906
2017-10-10,64.56999969482422
2017-10-11,62.599998474121094
2017-10-12,62.650001525878906
2017-10-13,62.150001525878906
2017-10-16,61.560001373291016
2017-10-17,61.529998779296875
2017-10-18,63.790000915527344
2017-10-19,62.75
2017-10-20,62.849998474121094
2017-10-23,63.349998474121094
2017-10-24,61.41999816894531
2017-10-25,61.439998626708984
2017-10-26,61.459999084472656
2017-10-27,60.75
2017-10-30,61.72999954223633
2017-10-31,63.5
2017-11-01,63.369998931884766
2017-11-02,60.88999938964844
2017-11-03,62.95000076293945
2017-11-06,69.41999816894531
2017-11-07,66.98999786376953
2017-11-08,63.529998779296875
2017-11-09,89.5999984741211
2017-11-10,96.69999694824219
2017-11-13,96.9800033569336
2017-11-14,91.76000213623047
2017-11-15,85.3499984741211
2017-11-16,87.01000213623047
2017-11-17,85.93000030517578
2017-11-20,85.95999908447266
2017-11-21,84.81999969482422
2017-11-22,90.37999725341797
2017-11-24,95.66999816894531
2017-11-27,96.87999725341797
2017-11-28,96.95999908447266
2017-11-29,95.77999877929688
2017-11-30,94.80000305175781
2017-12-01,91.83000183105469
2017-12-04,94.0
2017-12-05,92.48999786376953
2017-12-06,91.0
2017-12-07,161.19000244140625
2017-12-08,158.97000122070312
2017-12-11,166.0
2017-12-12,164.08999633789062
2017-12-13,159.77000427246094
2017-12-14,164.36000061035156
2017-12-15,159.0
2017-12-18,163.5399932861328
2017-12-19,164.4600067138672
2017-12-20,162.6699981689453
2017-12-21,163.69000244140625
2017-12-22,155.0
2017-12-26,165.0
2017-12-27,157.10000610351562
2017-12-28,166.0
2017-12-29,168.0
2018-01-02,164.8000030517578
2018-01-03,167.25999450683594
2018-01-04,172.52999877929688
2018-01-05,166.5
2018-01-08,169.4600067138672
2018-01-09,162.60000610351562
2018-01-10,168.75999450683594
2018-01-11,174.5
2018-01-12,175.66000366210938
2018-01-16,177.8800048828125
2018-01-17,169.72000122070312
2018-01-18,167.1199951171875
2018-01-19,166.38999938964844
2018-01-22,170.7100067138672
2018-01-23,168.02000427246094
2018-01-24,181.0800018310547
2018-01-25,182.1300048828125
2018-01-26,184.8800048828125
2018-01-29,183.47000122070312
2018-01-30,180.2899932861328
2018-01-31,190.0
2018-02-01,187.66000366210938
2018-02-02,191.22000122070312
2018-02-05,185.36000061035156
2018-02-06,175.91000366210938
2018-02-07,184.0
2018-02-08,171.5
2018-02-09,159.02000427246094
2018-02-12,154.24000549316406
2018-02-13,158.89999389648438
2018-02-14,157.16000366210938
2018-02-15,165.11000061035156
2018-02-16,160.00999450683594
2018-02-20,160.80999755859375
2018-02-21,161.17999267578125
2018-02-22,167.3300018310547
2018-02-23,155.94000244140625
2018-02-26,163.85000610351562
2018-02-27,168.32000732421875
2018-02-28,163.17999267578125
2018-03-01,165.0
2018-03-02,153.55999755859375
2018-03-05,162.89999389648438
2018-03-06,169.14999389648438
2018-03-07,172.08999633789062
2018-03-08,173.02999877929688
2018-03-09,171.63999938964844
2018-03-12,179.0
2018-03-13,179.74000549316406
2018-03-14,174.58999633789062
2018-03-15,174.77999877929688
2018-03-16,174.0800018310547
2018-03-19,170.61000061035156
2018-03-20,168.02999877929688
2018-03-21,165.5500030517578
2018-03-22,163.67999267578125
2018-03-23,160.9199981689453
2018-03-26,159.8300018310547
2018-03-27,162.00999450683594
2018-03-28,155.19000244140625
2018-03-29,160.24000549316406
2018-04-02,159.44000244140625
2018-04-03,148.32000732421875
2018-04-04,140.16000366210938
2018-04-05,148.38999938964844
2018-04-06,144.63999938964844
2018-04-09,145.0
2018-04-10,159.6699981689453
2018-04-11,167.11000061035156
2018-04-12,167.63999938964844
2018-04-13,171.85000610351562
2018-04-16,171.4199981689453
2018-04-17,165.4600067138672
2018-04-18,169.92999267578125
2018-04-19,171.57000732421875
2018-04-20,168.52999877929688
2018-04-23,150.02000427246094
2018-04-24,146.1699981689453
2018-04-25,141.5500030517578
2018-04-26,140.5
2018-04-27,144.6199951171875
2018-04-30,146.75999450683594
2018-05-01,144.3800048828125
2018-05-02,146.60000610351562
2018-05-03,142.94000244140625
2018-05-04,147.25999450683594
2018-05-07,149.10000610351562
2018-05-08,154.80999755859375
2018-05-09,158.02999877929688
2018-05-10,159.3699951171875
2018-05-11,163.0
2018-05-14,170.1699981689453
2018-05-15,168.47000122070312
2018-05-16,173.52000427246094
2018-05-17,175.00999450683594
2018-05-18,167.24000549316406
2018-05-21,166.0
2018-05-22,161.0
2018-05-23,163.92999267578125
2018-05-24,155.9499969482422
2018-05-25,157.88999938964844
2018-05-29,153.0800018310547
2018-05-30,154.9600067138672
2018-05-31,154.9199981689453
2018-06-01,154.3300018310547
2018-06-04,153.44000244140625
2018-06-05,156.27999877929688
2018-06-06,158.0
2018-06-07,154.57000732421875
2018-06-08,149.19000244140625
2018-06-11,148.52999877929688
2018-06-12,152.5
2018-06-13,176.27999877929688
2018-06-14,172.1999969482422
2018-06-15,163.35000610351562
2018-06-18,162.02999877929688
2018-06-19,160.0
2018-06-20,162.8699951171875
2018-06-21,165.5
2018-06-22,162.92999267578125
2018-06-25,152.69000244140625
2018-06-26,147.60000610351562
2018-06-27,150.9499969482422
2018-06-28,152.0800018310547
2018-06-29,152.64999389648438
2018-07-02,155.66000366210938
2018-07-03,157.8300018310547
2018-07-05,159.75
2018-07-06,159.9199981689453
2018-07-09,160.36000061035156
2018-07-10,160.4199981689453
2018-07-11,162.8000030517578
2018-07-12,166.60000610351562
2018-07-13,168.7899932861328
2018-07-16,167.3300018310547
2018-07-17,168.0
2018-07-18,169.64999389648438
2018-07-19,167.25999450683594
2018-07-20,168.77999877929688
2018-07-23,168.0800018310547
2018-07-24,170.52000427246094
2018-07-25,160.33999633789062
2018-07-26,153.25999450683594
2018-07-27,153.0
2018-07-30,150.22999572753906
2018-07-31,144.77000427246094
2018-08-01,143.49000549316406
2018-08-02,146.6300048828125
2018-08-03,149.4499969482422
2018-08-06,148.67999267578125
2018-08-07,154.97000122070312
2018-08-08,149.2100067138672
2018-08-09,146.5500030517578
2018-08-10,147.10000610351562
2018-08-13,148.10000610351562
2018-08-14,150.55999755859375
2018-08-15,148.9499969482422
2018-08-16,147.8300018310547
2018-08-17,149.0
2018-08-20,151.38999938964844
2018-08-21,148.82000732421875
2018-08-22,153.1999969482422
2018-08-23,154.72000122070312
2018-08-24,156.4600067138672
2018-08-27,154.99000549316406
2018-08-28,157.85000610351562
2018-08-29,159.0
2018-08-30,162.02000427246094
2018-08-31,163.7899932861328
2018-09-04,163.8300018310547
2018-09-05,164.9199981689453
2018-09-06,164.14999389648438
2018-09-07,162.44000244140625
2018-09-10,161.9499969482422
2018-09-11,152.60000610351562
2018-09-12,153.44000244140625
2018-09-13,150.4499969482422
2018-09-14,148.0
2018-09-17,148.5399932861328
2018-09-18,145.57000732421875
2018-09-19,146.64999389648438
2018-09-20,146.05999755859375
2018-09-21,147.8699951171875
2018-09-24,145.89999389648438
2018-09-25,142.3699951171875
2018-09-26,139.35000610351562
2018-09-27,139.5800018310547
2018-09-28,138.13999938964844
2018-10-01,141.4499969482422
2018-10-02,138.86000061035156
2018-10-03,139.61000061035156
2018-10-04,138.36000061035156
2018-10-05,133.89999389648438
2018-10-08,134.3000030517578
2018-10-09,134.27000427246094
2018-10-10,127.36000061035156
2018-10-11,120.2699966430664
2018-10-12,122.33999633789062
2018-10-15,124.3499984741211
2018-10-16,122.05000305175781
2018-10-17,124.72000122070312
2018-10-18,121.23999786376953
2018-10-19,124.62000274658203
2018-10-22,122.62999725341797
2018-10-23,115.1500015258789
2018-10-24,122.87000274658203
2018-10-25,114.63999938964844
2018-10-26,117.29000091552734
2018-10-29,122.16000366210938
2018-10-30,117.5199966430664
2018-10-31,122.4800033569336
2018-11-01,129.47999572753906
2018-11-02,137.5500030517578
2018-11-05,142.89999389648438
2018-11-06,123.54000091552734
2018-11-07,128.8699951171875
2018-11-08,129.60000610351562
2018-11-09,131.58999633789062
2018-11-12,130.38999938964844
2018-11-13,116.04000091552734
2018-11-14,109.73999786376953
2018-11-15,107.0999984741211
2018-11-16,111.83000183105469
2018-11-19,114.41000366210938
2018-11-20,105.01000213623047
2018-11-21,108.5199966430664
2018-11-23,107.25
2018-11-26,113.33999633789062
2018-11-27,112.16999816894531
2018-11-28,104.5
2018-11-29,109.75
2018-11-30,114.0
2018-12-03,116.11000061035156
2018-12-04,115.97000122070312
2018-12-06,107.06999969482422
2018-12-07,105.83000183105469
2018-12-10,102.3499984741211
2018-12-11,109.44000244140625
2018-12-12,108.83999633789062
2018-12-13,110.91000366210938
2018-12-14,100.0
2018-12-17,101.38999938964844
2018-12-18,101.87000274658203
2018-12-19,98.55000305175781
2018-12-20,90.30000305175781
2018-12-21,85.4800033569336
2018-12-24,80.95999908447266
2018-12-26,84.48999786376953
2018-12-27,87.62999725341797
2018-12-28,88.45999908447266
2018-12-31,89.58000183105469
2019-01-02,93.37999725341797
2019-01-03,90.02999877929688
2019-01-04,91.47000122070312
2019-01-07,144.4600067138672
2019-01-08,139.83999633789062
2019-01-09,125.87999725341797
2019-01-10,119.47000122070312
2019-01-11,124.7300033569336
2019-01-14,123.91999816894531
2019-01-15,127.04000091552734
2019-01-16,133.25999450683594
2019-01-17,135.14999389648438
2019-01-18,137.8699951171875
2019-01-22,137.4499969482422
2019-01-23,134.80999755859375
2019-01-24,131.3699951171875
2019-01-25,133.0
2019-01-28,128.83999633789062
2019-01-29,130.50999450683594
2019-01-30,132.82000732421875
2019-01-31,132.5500030517578
2019-02-01,142.3800048828125
2019-02-04,142.5399932861328
2019-02-05,146.3800048828125
2019-02-06,147.05999755859375
2019-02-07,145.10000610351562
2019-02-08,146.4199981689453
2019-02-11,151.41000366210938
2019-02-12,151.89999389648438
2019-02-13,155.5800018310547
2019-02-14,157.85000610351562
2019-02-15,159.33999633789062
2019-02-19,162.0
2019-02-20,152.11000061035156
2019-02-21,147.5500030517578
2019-02-22,147.5800018310547
2019-02-25,155.6300048828125
2019-02-26,150.89999389648438
2019-02-27,152.57000732421875
2019-02-28,158.17999267578125
2019-03-01,156.92999267578125
2019-03-04,160.5500030517578
2019-03-05,155.0
2019-03-06,150.19000244140625
2019-03-07,150.72000122070312
2019-03-08,148.88999938964844
2019-03-11,149.97999572753906
2019-03-12,156.7899932861328
2019-03-13,156.58999633789062
2019-03-14,158.83999633789062
2019-03-15,155.08999633789062
2019-03-18,158.8000030517578
2019-03-19,156.97000122070312
2019-03-20,159.0
2019-03-21,153.10000610351562
2019-03-22,157.1199951171875
2019-03-25,156.58999633789062
2019-03-26,160.19000244140625
2019-03-27,163.8800048828125
2019-03-28,158.89999389648438
2019-03-29,161.75
2019-04-01,160.92999267578125
2019-04-02,158.0
2019-04-03,160.24000549316406
2019-04-04,161.8000030517578
2019-04-05,162.27000427246094
2019-04-08,165.64999389648438
2019-04-09,167.5
2019-04-10,167.77999877929688
2019-04-11,171.13999938964844
2019-04-12,170.75
2019-04-15,170.32000732421875
2019-04-16,168.8699951171875
2019-04-17,168.8800048828125
2019-04-18,161.42999267578125
2019-04-22,163.61000061035156
2019-04-23,164.83999633789062
2019-04-24,167.92999267578125
2019-04-25,165.72000122070312
2019-04-26,164.5
2019-04-29,168.30999755859375
2019-04-30,170.10000610351562
2019-05-01,168.6999969482422
2019-05-02,162.00999450683594
2019-05-03,165.8800048828125
2019-05-06,162.22000122070312
2019-05-07,168.85000610351562
2019-05-08,168.07000732421875
2019-05-09,168.83999633789062
2019-05-10,166.13999938964844
2019-05-13,162.92999267578125
2019-05-14,166.1199951171875
2019-05-15,165.07000732421875
2019-05-16,168.0
2019-05-17,168.14999389648438
2019-05-20,166.7100067138672
2019-05-21,163.3000030517578
2019-05-22,169.75
2019-05-23,176.17999267578125
2019-05-24,176.61000061035156
2019-05-28,175.25
2019-05-29,172.0500030517578
2019-05-30,174.24000549316406
2019-05-31,165.50999450683594
2019-06-03,171.19000244140625
2019-06-04,172.1199951171875
2019-06-05,168.75
2019-06-06,177.8300018310547
2019-06-07,174.82000732421875
2019-06-10,176.47999572753906
2019-06-11,173.5
2019-06-12,169.5800018310547
2019-06-13,169.83999633789062
2019-06-14,175.14999389648438
2019-06-17,175.4199981689453
2019-06-18,181.10000610351562
2019-06-19,181.77000427246094
2019-06-20,183.17999267578125
2019-06-21,181.44000244140625
2019-06-24,182.42999267578125
2019-06-25,177.16000366210938
2019-06-26,179.74000549316406
2019-06-27,172.25999450683594
2019-06-28,181.0500030517578
2019-07-01,182.63999938964844
2019-07-02,182.7899932861328
2019-07-03,178.88999938964844
2019-07-05,179.17999267578125
2019-07-08,176.07000732421875
2019-07-09,178.14999389648438
2019-07-10,185.14999389648438
2019-07-11,187.5
2019-07-12,190.6999969482422
2019-07-15,190.14999389648438
2019-07-16,187.60000610351562
2019-07-17,181.5
2019-07-18,180.97999572753906
2019-07-19,186.2899932861328
2019-07-22,185.0500030517578
2019-07-23,182.50999450683594
2019-07-24,179.63999938964844
2019-07-25,175.13999938964844
2019-07-26,161.52000427246094
2019-07-29,165.6199951171875
2019-07-30,162.8699951171875
2019-07-31,161.3000030517578
2019-08-01,160.3800048828125
2019-08-02,161.61000061035156
2019-08-05,158.64999389648438
2019-08-06,158.13999938964844
2019-08-07,161.10000610351562
2019-08-08,169.8800048828125
2019-08-09,171.69000244140625
2019-08-12,168.0
2019-08-13,165.22999572753906
2019-08-14,162.0399932861328
2019-08-15,160.5800018310547
2019-08-16,159.49000549316406
2019-08-19,162.5800018310547
2019-08-20,164.33999633789062
2019-08-21,166.3000030517578
2019-08-22,167.92999267578125
2019-08-23,169.4499969482422
2019-08-26,170.47999572753906
2019-08-27,169.91000366210938
2019-08-28,166.22000122070312
2019-08-29,169.32000732421875
2019-08-30,170.9199981689453
2019-09-03,171.24000549316406
2019-09-04,163.1300048828125
2019-09-05,164.0800018310547
2019-09-06,160.8000030517578
2019-09-09,156.17999267578125
2019-09-10,153.67999267578125
2019-09-11,152.08999633789062
2019-09-12,159.3699951171875
2019-09-13,160.6300048828125
2019-09-16,159.60000610351562
2019-09-17,165.3300018310547
2019-09-18,163.64999389648438
2019-09-19,161.14999389648438
2019-09-20,164.16000366210938
2019-09-23,165.7100067138672
2019-09-24,162.24000549316406
2019-09-25,156.0
2019-09-26,152.2100067138672
2019-09-27,142.61000061035156
2019-09-30,142.4199981689453
2019-10-01,139.6699981689453
2019-10-02,135.92999267578125
2019-10-03,137.2100067138672
2019-10-04,143.00999450683594
2019-10-07,141.0
2019-10-08,139.85000610351562
2019-10-09,140.3300018310547
2019-10-10,136.91000366210938
2019-10-11,137.5500030517578
2019-10-14,140.44000244140625
2019-10-15,140.1999969482422
2019-10-16,143.64999389648438
2019-10-17,141.52000427246094
2019-10-18,144.00999450683594
2019-10-21,140.86000061035156
2019-10-22,142.99000549316406
2019-10-23,139.60000610351562
2019-10-24,142.97000122070312
2019-10-25,141.5
2019-10-28,146.50999450683594
2019-10-29,141.8000030517578
2019-10-30,139.99000549316406
2019-10-31,137.32000732421875
2019-11-01,137.9199981689453
2019-11-04,145.89999389648438
2019-11-05,142.97999572753906
2019-11-06,144.64999389648438
2019-11-07,139.6199951171875
2019-11-08,138.88999938964844
2019-11-11,146.57000732421875
2019-11-12,140.11000061035156
2019-11-13,140.25999450683594
2019-11-14,143.27999877929688
2019-11-15,142.0500030517578
2019-11-18,145.64999389648438
2019-11-19,146.64999389648438
2019-11-20,147.4499969482422
2019-11-21,151.74000549316406
2019-11-22,152.11000061035156
2019-11-25,151.47000122070312
2019-11-26,151.66000366210938
2019-11-27,150.39999389648438
2019-11-29,151.9499969482422
2019-12-02,153.86000061035156
2019-12-03,151.86000061035156
2019-12-04,150.1699981689453
2019-12-05,56.630001068115234
2019-12-06,63.189998626708984
2019-12-09,64.30000305175781
2019-12-10,63.25
2019-12-11,64.98999786376953
2019-12-12,68.69000244140625
2019-12-13,77.25
2019-12-16,73.81999969482422
2019-12-17,70.0
2019-12-18,68.7300033569336
2019-12-19,71.94000244140625
2019-12-20,73.87999725341797
2019-12-23,76.26000213623047
2019-12-24,74.5
2019-12-26,76.94000244140625
2019-12-27,74.25
2019-12-30,73.25
2019-12-31,71.33000183105469
2020-01-02,72.7300033569336
2020-01-03,71.68000030517578
2020-01-06,72.88999938964844
2020-01-07,75.70999908447266
2020-01-08,74.5999984741211
2020-01-09,76.02999877929688
2020-01-10,76.37999725341797
2020-01-13,77.63999938964844
2020-01-14,74.29000091552734
2020-01-15,77.0
2020-01-16,75.0999984741211
2020-01-17,74.5
2020-01-21,75.97000122070312
2020-01-22,73.80000305175781
2020-01-23,71.51000213623047
2020-01-24,70.80000305175781
2020-01-27,66.86000061035156
2020-01-28,68.16000366210938
2020-01-29,68.69000244140625
2020-01-30,68.06999969482422
2020-01-31,66.48999786376953
2020-02-03,65.52999877929688
2020-02-04,68.45999908447266
2020-02-05,67.94000244140625
2020-02-06,69.18000030517578
2020-02-07,68.25
2020-02-10,67.91999816894531
2020-02-11,69.25
2020-02-12,70.26000213623047
2020-02-13,68.2300033569336
2020-02-14,68.38999938964844
2020-02-18,67.77999877929688
2020-02-19,68.91999816894531
2020-02-20,68.9000015258789
2020-02-21,70.33999633789062
2020-02-24,67.37999725341797
2020-02-25,67.52999877929688
2020-02-26,64.8499984741211
2020-02-27,54.18000030517578
2020-02-28,49.61000061035156
2020-03-02,49.595001220703125
2020-03-03,53.290000915527344
2020-03-04,52.380001068115234
2020-03-05,51.81999969482422
2020-03-06,50.040000915527344
2020-03-09,44.060001373291016
2020-03-10,45.970001220703125
2020-03-11,44.709999084472656
2020-03-12,38.43000030517578
2020-03-13,37.25
2020-03-16,32.61000061035156
2020-03-17,31.280000686645508
2020-03-18,29.950000762939453
2020-03-19,27.950000762939453
2020-03-20,28.5
2020-03-23,26.770000457763672
2020-03-24,27.989999771118164
2020-03-25,29.510000228881836
2020-03-26,30.5
2020-03-27,29.940000534057617
2020-03-30,31.510000228881836
2020-03-31,29.420000076293945
2020-04-01,27.639999389648438
2020-04-02,26.5
2020-04-03,27.6299991607666
2020-04-06,27.489999771118164
2020-04-07,30.299999237060547
2020-04-08,29.18000030517578
2020-04-09,30.709999084472656
2020-04-13,29.229999542236328
2020-04-14,28.780000686645508
2020-04-15,26.899999618530273
2020-04-16,28.780000686645508
2020-04-17,30.0
2020-04-20,31.15999984741211
2020-04-21,33.779998779296875
2020-04-22,34.5
2020-04-23,36.130001068115234
2020-04-24,36.060001373291016
2020-04-27,38.81999969482422
2020-04-28,42.25
2020-04-29,40.90999984741211
2020-04-30,40.4900016784668
2020-05-01,38.31999969482422
2020-05-04,36.470001220703125
2020-05-05,40.5
2020-05-06,40.439998626708984
2020-05-07,41.36000061035156
2020-05-08,38.5
2020-05-11,39.0099983215332
2020-05-12,39.31999969482422
2020-05-13,37.29999923706055
2020-05-14,35.220001220703125
2020-05-15,34.439998626708984
2020-05-18,38.63999938964844
2020-05-19,37.5099983215332
2020-05-20,35.90999984741211
2020-05-21,38.119998931884766
2020-05-22,37.97999954223633
2020-05-26,41.02000045776367
2020-05-27,39.540000915527344
2020-05-28,38.20000076293945
2020-05-29,37.22999954223633
2020-06-01,35.61000061035156
2020-06-02,35.5
2020-06-03,35.13999938964844
2020-06-04,35.91999816894531
2020-06-05,36.150001525878906
2020-06-08,36.7400016784668
2020-06-09,37.59000015258789
2020-06-10,36.380001068115234
2020-06-11,35.0
2020-06-12,35.220001220703125
2020-06-15,35.2400016784668
2020-06-16,38.0099983215332
2020-06-17,38.52000045776367
2020-06-18,37.86000061035156
2020-06-19,40.439998626708984
2020-06-22,40.439998626708984
2020-06-23,42.5
2020-06-24,42.47999954223633
2020-06-25,42.22999954223633
2020-06-26,42.709999084472656
2020-06-29,41.939998626708984
2020-06-30,41.70000076293945
2020-07-01,41.7400016784668
2020-07-02,44.040000915527344
2020-07-06,43.9900016784668
2020-07-07,41.66999816894531
2020-07-08,42.40999984741211
2020-07-09,44.38999938964844
2020-07-10,44.33000183105469
2020-07-13,44.757999420166016
2020-07-14,41.5099983215332
2020-07-15,44.709999084472656
2020-07-16,44.790000915527344
2020-07-17,43.880001068115234
2020-07-20,44.040000915527344
2020-07-21,45.55799865722656
2020-07-22,45.54999923706055
2020-07-23,47.4900016784668
2020-07-24,46.400001525878906
2020-07-27,47.54999923706055
2020-07-28,48.29999923706055
2020-07-29,46.150001525878906
2020-07-30,45.52000045776367
2020-07-31,46.09000015258789
2020-08-03,45.97999954223633
2020-08-04,46.540000915527344
2020-08-05,49.5
2020-08-06,50.790000915527344
2020-08-07,50.04999923706055
2020-08-10,51.279998779296875
2020-08-11,53.400001525878906
2020-08-12,52.119998931884766
2020-08-13,49.90999984741211
2020-08-14,50.36000061035156
2020-08-17,49.81999969482422
2020-08-18,53.25
2020-08-19,52.15999984741211
2020-08-20,52.0
2020-08-21,52.189998626708984
2020-08-24,51.75
2020-08-25,50.90999984741211
2020-08-26,50.0099983215332
2020-08-27,47.029998779296875
2020-08-28,46.91999816894531
2020-08-31,50.040000915527344
2020-09-01,52.119998931884766
2020-09-02,50.66999816894531
2020-09-03,53.380001068115234
2020-09-04,52.599998474121094
2020-09-08,50.529998779296875
2020-09-09,51.29999923706055
2020-09-10,52.38999938964844
2020-09-11,55.97999954223633
2020-09-14,56.65999984741211
2020-09-15,57.70000076293945
2020-09-16,58.599998474121094
2020-09-17,58.63999938964844
2020-09-18,60.7599983215332
2020-09-21,61.27000045776367
2020-09-22,60.279998779296875
2020-09-23,61.209999084472656
2020-09-24,59.540000915527344
2020-09-25,59.060001373291016
2020-09-28,61.15999984741211
2020-09-29,59.90999984741211
2020-09-30,59.209999084472656
2020-10-01,60.029998779296875
2020-10-02,58.77000045776367
2020-10-05,58.25
2020-10-06,60.84000015258789
2020-10-07,64.54000091552734
2020-10-08,66.37999725341797
2020-10-09,67.47000122070312
2020-10-12,64.83999633789062
2020-10-13,62.724998474121094
2020-10-14,64.01000213623047
2020-10-15,62.77000045776367
2020-10-16,66.2300033569336
2020-10-19,69.8499984741211
2020-10-20,70.5999984741211
2020-10-21,70.95999908447266
2020-10-22,67.54000091552734
2020-10-23,71.16999816894531
2020-10-26,70.88999938964844
2020-10-27,70.41000366210938
2020-10-28,69.62999725341797
2020-10-29,71.80599975585938
2020-10-30,73.06999969482422
2020-11-02,73.81999969482422
2020-11-03,72.12000274658203
2020-11-04,74.9800033569336
2020-11-05,75.5
2020-11-06,81.5
2020-11-09,80.0
2020-11-10,79.0
2020-11-11,79.98999786376953
2020-11-12,77.83000183105469
2020-11-13,78.9800033569336
2020-11-16,77.7699966430664
2020-11-17,73.51000213623047
2020-11-18,74.4000015258789
2020-11-19,73.54000091552734
2020-11-20,75.19999694824219
2020-11-23,76.97000122070312
2020-11-24,78.45999908447266
2020-11-25,79.4800033569336
2020-11-27,86.25499725341797
2020-11-30,75.80000305175781
2020-12-01,72.69999694824219
2020-12-02,72.30999755859375
2020-12-03,68.11000061035156
2020-12-04,71.27999877929688
2020-12-07,71.69000244140625
2020-12-08,71.52999877929688
2020-12-09,71.4800033569336
2020-12-10,69.0
2020-12-11,69.48999786376953
2020-12-14,69.87999725341797
2020-12-15,71.12000274658203
2020-12-16,73.44999694824219
2020-12-17,75.58999633789062
2020-12-18,76.97000122070312
2020-12-21,80.6500015258789
2020-12-22,84.0
2020-12-23,87.80000305175781
2020-12-24,89.23999786376953
2020-12-28,89.87999725341797
2020-12-29,86.62000274658203
2020-12-30,87.93000030517578
2020-12-31,89.16000366210938
2021-01-04,86.66000366210938
2021-01-05,85.3499984741211
2021-01-06,84.26000213623047
2021-01-07,88.58000183105469
2021-01-08,89.79000091552734
2021-01-11,90.83999633789062
2021-01-12,92.5
2021-01-13,93.75
2021-01-14,96.72000122070312
2021-01-15,96.05999755859375
2021-01-19,92.47000122070312
2021-01-20,89.69999694824219
2021-01-21,92.48999786376953
2021-01-22,89.16000366210938
2021-01-25,88.97000122070312
2021-01-26,90.95999908447266
2021-01-27,83.15499877929688
2021-01-28,81.0
2021-01-29,79.7699966430664
2021-02-01,81.54000091552734
2021-02-02,83.73999786376953
2021-02-03,79.1500015258789
2021-02-04,79.2699966430664
2021-02-05,79.12000274658203
2021-02-08,81.18000030517578
2021-02-09,82.04000091552734
2021-02-10,83.37999725341797
2021-02-11,82.9000015258789
2021-02-12,83.5
2021-02-16,87.79000091552734
2021-02-17,85.33000183105469
2021-02-18,81.48999786376953
2021-02-19,79.63999938964844
2021-02-22,81.22000122070312
2021-02-23,79.04000091552734
2021-02-24,79.83999633789062
2021-02-25,85.68000030517578
2021-02-26,81.7300033569336
2021-03-01,85.61000061035156
2021-03-02,87.51000213623047
2021-03-03,84.63999938964844
2021-03-04,75.12999725341797
2021-03-05,71.0
2021-03-08,77.36000061035156
2021-03-09,76.62000274658203
2021-03-10,78.47000122070312
2021-03-11,77.13999938964844
2021-03-12,78.30999755859375
2021-03-15,78.7300033569336
2021-03-16,80.8499984741211
2021-03-17,74.69999694824219
2021-03-18,78.0
2021-03-19,75.48999786376953
2021-03-22,77.75
2021-03-23,79.16999816894531
2021-03-24,75.13999938964844
2021-03-25,70.13999938964844
2021-03-26,72.41999816894531
2021-03-29,73.41999816894531
2021-03-30,70.48999786376953
2021-03-31,73.23999786376953
2021-04-01,75.94999694824219
2021-04-05,76.33999633789062
2021-04-06,77.91999816894531
2021-04-07,79.5
2021-04-08,79.0
2021-04-09,76.88999938964844
2021-04-12,75.66000366210938
2021-04-13,75.0199966430664
2021-04-14,71.94000244140625
2021-04-15,76.19999694824219
2021-04-16,75.69000244140625
2021-04-19,74.51000213623047
2021-04-20,74.61000061035156
2021-04-21,73.2699966430664
2021-04-22,74.77999877929688
2021-04-23,75.31999969482422
2021-04-26,77.41999816894531
2021-04-27,79.19000244140625
2021-04-28,77.0
2021-04-29,78.76000213623047
2021-04-30,78.12999725341797
2021-05-03,79.29000091552734
2021-05-04,77.04000091552734
2021-05-05,71.61000061035156
2021-05-06,70.41999816894531
2021-05-07,71.68000030517578
2021-05-10,74.0999984741211
2021-05-11,72.63999938964844
2021-05-12,72.83000183105469
2021-05-13,74.13999938964844
2021-05-14,70.37000274658203
2021-05-17,70.12000274658203
2021-05-18,73.13999938964844
2021-05-19,71.80000305175781
2021-05-20,71.66000366210938
2021-05-21,74.55000305175781
2021-05-24,75.37999725341797
2021-05-25,71.5
2021-05-26,68.72000122070312
2021-05-27,69.41999816894531
2021-05-28,71.94999694824219
2021-06-01,70.31999969482422
2021-06-02,69.98999786376953
2021-06-03,67.91000366210938
2021-06-04,67.0
2021-06-07,68.05000305175781
2021-06-08,71.62000274658203
2021-06-09,74.86000061035156
2021-06-10,75.37999725341797
2021-06-11,76.9000015258789
2021-06-14,79.25
2021-06-15,65.0
2021-06-16,56.91699981689453
2021-06-17,55.369998931884766
2021-06-18,55.72999954223633
2021-06-21,56.56999969482422
2021-06-22,57.189998626708984
2021-06-23,55.779998779296875
2021-06-24,56.689998626708984
2021-06-25,57.4900016784668
2021-06-28,58.619998931884766
2021-06-29,57.150001525878906
2021-06-30,56.060001373291016
2021-07-01,56.97999954223633
2021-07-02,57.189998626708984
2021-07-06,55.95000076293945
2021-07-07,54.63999938964844
2021-07-08,53.47999954223633
2021-07-09,54.790000915527344
2021-07-12,54.86000061035156
2021-07-13,53.22999954223633
2021-07-14,52.939998626708984
2021-07-15,48.939998626708984
2021-07-16,48.900001525878906
2021-07-19,47.09000015258789
2021-07-20,46.540000915527344
2021-07-21,46.900001525878906
2021-07-22,47.290000915527344
2021-07-23,45.93000030517578
2021-07-26,44.9900016784668
2021-07-27,44.25
2021-07-28,43.83000183105469
2021-07-29,44.970001220703125
2021-07-30,43.79999923706055
2021-08-02,44.150001525878906
2021-08-03,43.619998931884766
2021-08-04,41.540000915527344
2021-08-05,41.70000076293945
2021-08-06,43.06999969482422
2021-08-09,42.060001373291016
2021-08-10,44.310001373291016
2021-08-11,42.560001373291016
2021-08-12,43.189998626708984
2021-08-13,44.130001068115234
2021-08-16,42.93000030517578
2021-08-17,41.959999084472656
2021-08-18,42.630001068115234
2021-08-19,41.63999938964844
2021-08-20,40.150001525878906
2021-08-23,42.56999969482422
2021-08-24,43.11000061035156
2021-08-25,43.0099983215332
2021-08-26,43.5
2021-08-27,43.22999954223633
2021-08-30,45.099998474121094
2021-08-31,45.08000183105469
2021-09-01,46.040000915527344
2021-09-02,47.11000061035156
2021-09-03,47.2400016784668
2021-09-07,46.529998779296875
2021-09-08,45.959999084472656
2021-09-09,45.38999938964844
2021-09-10,45.09000015258789
2021-09-13,45.47999954223633
2021-09-14,45.400001525878906
2021-09-15,44.40999984741211
2021-09-16,44.9900016784668
2021-09-17,45.099998474121094
2021-09-20,44.89500045776367
2021-09-21,45.599998474121094
2021-09-22,45.439998626708984
2021-09-23,45.25
2021-09-24,45.91999816894531
2021-09-27,45.7400016784668
2021-09-28,46.7400016784668
2021-09-29,45.09000015258789
2021-09-30,44.400001525878906
2021-10-01,44.310001373291016
2021-10-04,44.95000076293945
2021-10-05,44.58000183105469
2021-10-06,44.400001525878906
2021-10-07,44.779998779296875
2021-10-08,45.25
2021-10-11,45.16999816894531
2021-10-12,44.869998931884766
2021-10-13,45.40999984741211
2021-10-14,45.72999954223633
2021-10-15,46.470001220703125
2021-10-18,44.959999084472656
2021-10-19,44.02000045776367
2021-10-20,40.5
2021-10-21,40.790000915527344
2021-10-22,41.349998474121094
2021-10-25,41.150001525878906
2021-10-26,41.619998931884766
2021-10-27,41.290000915527344
2021-10-28,40.27000045776367
2021-10-29,41.16999816894531
2021-11-01,40.5099983215332
2021-11-02,41.400001525878906
2021-11-03,43.189998626708984
2021-11-04,46.939998626708984
2021-11-05,46.81999969482422
2021-11-08,45.36000061035156
2021-11-09,44.380001068115234
2021-11-10,43.029998779296875
2021-11-11,42.11000061035156
2021-11-12,42.63999938964844
2021-11-15,42.619998931884766
2021-11-16,41.29999923706055
2021-11-17,41.36000061035156
2021-11-18,41.09000015258789
2021-11-19,40.86000061035156
2021-11-22,40.869998931884766
2021-11-23,39.939998626708984
2021-11-24,39.65999984741211
2021-11-26,39.459999084472656
2021-11-29,39.63999938964844
2021-11-30,38.599998474121094
2021-12-01,39.279998779296875
2021-12-02,37.0099983215332
2021-12-03,38.599998474121094
2021-12-06,36.970001220703125
2021-12-07,38.15999984741211
2021-12-08,39.66999816894531
2021-12-09,39.72999954223633
2021-12-10,38.349998474121094
2021-12-13,38.689998626708984
2021-12-14,38.58000183105469
2021-12-15,38.70000076293945
2021-12-16,40.099998474121094
2021-12-17,38.880001068115234
2021-12-20,40.599998474121094
2021-12-21,41.43000030517578
2021-12-22,40.959999084472656
2021-12-23,41.72999954223633
2021-12-27,42.81999969482422
2021-12-28,42.84000015258789
2021-12-29,43.0
2021-12-30,42.29999923706055
2021-12-31,43.31999969482422
2022-01-03,42.900001525878906
2022-01-04,43.11000061035156
2022-01-05,42.08000183105469
2022-01-06,40.959999084472656
2022-01-07,43.0099983215332
2022-01-10,41.95000076293945
2022-01-11,42.380001068115234
2022-01-12,43.52000045776367
2022-01-13,42.84000015258789
2022-01-14,42.150001525878906
2022-01-18,42.34000015258789
2022-01-19,40.61000061035156
2022-01-20,40.18000030517578
2022-01-21,39.1349983215332
2022-01-24,37.33000183105469
2022-01-25,39.27000045776367
2022-01-26,39.77000045776367
2022-01-27,38.459999084472656
2022-01-28,37.11000061035156
2022-01-31,38.720001220703125
2022-02-01,39.810001373291016
2022-02-02,40.75
2022-02-03,39.529998779296875
2022-02-04,40.68000030517578
2022-02-07,41.90999984741211
2022-02-08,43.70000076293945
2022-02-09,44.66999816894531
2022-02-10,44.63999938964844
2022-02-11,43.369998931884766
2022-02-14,43.150001525878906
2022-02-15,43.0
2022-02-16,36.25
2022-02-17,35.7599983215332
2022-02-18,33.65999984741211
2022-02-22,33.72999954223633
2022-02-23,34.27000045776367
2022-02-24,31.0
2022-02-25,34.04999923706055
2022-02-28,35.97999954223633
2022-03-01,36.33000183105469
2022-03-02,36.619998931884766
2022-03-03,36.099998474121094
2022-03-04,34.7400016784668
2022-03-07,33.84000015258789
2022-03-08,32.95000076293945
2022-03-09,32.56999969482422
2022-03-10,32.13999938964844
2022-03-11,32.66999816894531
2022-03-14,31.420000076293945
2022-03-15,31.040000915527344
2022-03-16,31.959999084472656
2022-03-17,33.15999984741211
2022-03-18,33.7599983215332
2022-03-21,34.720001220703125
2022-03-22,33.650001525878906
2022-03-23,34.33000183105469
2022-03-24,33.779998779296875
2022-03-25,33.65999984741211
2022-03-28,32.470001220703125
2022-03-29,34.27000045776367
2022-03-30,34.97999954223633
2022-03-31,34.459999084472656
2022-04-01,33.97999954223633
2022-04-04,36.63999938964844
2022-04-05,37.959999084472656
2022-04-06,37.18000030517578
2022-04-07,37.15999984741211
2022-04-08,35.88999938964844
2022-04-11,36.0
2022-04-12,35.630001068115234
2022-04-13,35.119998931884766
2022-04-14,35.650001525878906
2022-04-18,35.369998931884766
2022-04-19,34.13999938964844
2022-04-20,34.61000061035156
2022-04-21,35.40999984741211
2022-04-22,33.7599983215332
2022-04-25,32.709999084472656
2022-04-26,32.900001525878906
2022-04-27,31.510000228881836
2022-04-28,31.969999313354492
2022-04-29,32.29999923706055
2022-05-02,31.520000457763672
2022-05-03,32.29999923706055
2022-05-04,32.4900016784668
2022-05-05,33.650001525878906
2022-05-06,30.6200008392334
2022-05-09,28.18000030517578
2022-05-10,29.079999923706055
2022-05-11,29.969999313354492
2022-05-12,28.780000686645508
2022-05-13,30.399999618530273
2022-05-16,30.510000228881836
2022-05-17,32.869998931884766
2022-05-18,32.91999816894531
2022-05-19,31.549999237060547
2022-05-20,32.630001068115234
2022-05-23,32.599998474121094
2022-05-24,31.43000030517578
2022-05-25,31.979999542236328
2022-05-26,31.850000381469727
2022-05-27,31.850000381469727
2022-05-31,31.950000762939453
2022-06-01,31.6299991607666
2022-06-02,34.20000076293945
2022-06-03,36.470001220703125
2022-06-06,37.790000915527344
2022-06-07,36.66999816894531
2022-06-08,36.61000061035156
2022-06-09,37.099998474121094
2022-06-10,36.459999084472656
2022-06-13,33.61000061035156
2022-06-14,32.189998626708984
2022-06-15,32.02000045776367
2022-06-16,31.690000534057617
2022-06-17,31.670000076293945
2022-06-21,34.810001373291016
2022-06-22,33.25
2022-06-23,35.5
2022-06-24,35.97999954223633
2022-06-27,33.970001220703125
2022-06-28,34.93000030517578
2022-06-29,32.25
2022-06-30,32.11000061035156
2022-07-01,32.11000061035156
2022-07-05,31.579999923706055
2022-07-06,33.7400016784668
2022-07-07,34.540000915527344
2022-07-08,35.459999084472656
2022-07-11,36.400001525878906
2022-07-12,35.029998779296875
2022-07-13,34.81999969482422
2022-07-14,34.88999938964844
2022-07-15,35.84000015258789
2022-07-18,35.59000015258789
2022-07-19,34.54999923706055
2022-07-20,36.060001373291016
2022-07-21,36.529998779296875
2022-07-22,35.650001525878906
2022-07-25,34.81999969482422
2022-07-26,34.099998474121094
2022-07-27,34.529998779296875
2022-07-28,34.7599983215332
2022-07-29,34.79999923706055
2022-08-01,34.209999084472656
2022-08-02,34.310001373291016
2022-08-03,35.2400016784668
2022-08-04,36.2599983215332
2022-08-05,37.880001068115234
2022-08-08,42.02000045776367
2022-08-09,42.279998779296875
2022-08-10,43.11000061035156
2022-08-11,42.779998779296875
2022-08-12,42.29999923706055
2022-08-15,42.56999969482422
2022-08-16,43.16999816894531
2022-08-17,42.349998474121094
2022-08-18,43.119998931884766
2022-08-19,42.38999938964844
2022-08-22,42.279998779296875
2022-08-23,42.040000915527344
2022-08-24,42.380001068115234
2022-08-25,43.040000915527344
2022-08-26,40.689998626708984
2022-08-29,38.70000076293945
2022-08-30,39.529998779296875
2022-08-31,38.61000061035156
2022-09-01,37.849998474121094
2022-09-02,39.36000061035156
2022-09-06,38.27000045776367
2022-09-07,37.470001220703125
2022-09-08,38.95000076293945
2022-09-09,41.279998779296875
2022-09-12,42.130001068115234
2022-09-13,41.04999923706055
2022-09-14,40.540000915527344
2022-09-15,40.959999084472656
2022-09-16,41.619998931884766
2022-09-19,40.599998474121094
2022-09-20,42.029998779296875
2022-09-21,41.45000076293945
2022-09-22,39.779998779296875
2022-09-23,38.869998931884766
2022-09-26,38.41999816894531
2022-09-27,38.41999816894531
2022-09-28,39.22999954223633
2022-09-29,39.79999923706055
2022-09-30,39.47999954223633
2022-10-03,40.0
2022-10-04,40.029998779296875
2022-10-05,40.75
2022-10-06,41.2599983215332
2022-10-07,42.189998626708984
2022-10-10,39.31999969482422
2022-10-11,38.27000045776367
2022-10-12,38.63999938964844
2022-10-13,37.58000183105469
2022-10-14,39.79999923706055
2022-10-17,38.349998474121094
2022-10-18,38.66999816894531
2022-10-19,37.7599983215332
2022-10-20,36.20000076293945
2022-10-21,36.040000915527344
2022-10-24,36.220001220703125
2022-10-25,36.650001525878906
2022-10-26,36.29999923706055
2022-10-27,38.130001068115234
2022-10-28,37.47999954223633
2022-10-31,37.959999084472656
2022-11-01,38.029998779296875
2022-11-02,37.619998931884766
2022-11-03,36.290000915527344
2022-11-04,36.75
2022-11-07,34.900001525878906
2022-11-08,35.04999923706055
2022-11-09,33.56999969482422
2022-11-10,33.5
2022-11-11,34.9900016784668
2022-11-14,35.59000015258789
2022-11-15,36.810001373291016
2022-11-16,37.130001068115234
2022-11-17,34.630001068115234
2022-11-18,35.90999984741211
2022-11-21,35.70000076293945
2022-11-22,35.22999954223633
2022-11-23,37.36000061035156
2022-11-25,37.33000183105469
2022-11-28,37.529998779296875
2022-11-29,37.91999816894531
2022-11-30,38.90999984741211
2022-12-01,40.91999816894531
2022-12-02,40.650001525878906
2022-12-05,43.650001525878906
2022-12-06,43.40999984741211
2022-12-07,41.290000915527344
2022-12-08,40.54999923706055
2022-12-09,39.16999816894531
2022-12-12,39.5
2022-12-13,42.029998779296875
2022-12-14,41.630001068115234
2022-12-15,40.9900016784668
2022-12-16,39.880001068115234
2022-12-19,40.130001068115234
2022-12-20,38.15999984741211
2022-12-21,39.02000045776367
2022-12-22,39.59000015258789
2022-12-23,40.0
2022-12-27,38.380001068115234
2022-12-28,37.54999923706055
2022-12-29,37.88999938964844
2022-12-30,38.2599983215332
2023-01-03,37.38999938964844
2023-01-04,37.540000915527344
2023-01-05,38.779998779296875
2023-01-06,39.7599983215332
2023-01-09,40.380001068115234
2023-01-10,39.790000915527344
2023-01-11,40.63999938964844
2023-01-12,41.130001068115234
2023-01-13,45.220001220703125
2023-01-17,45.58000183105469
2023-01-18,44.06999969482422
2023-01-19,43.779998779296875
2023-01-20,43.09000015258789
2023-01-23,42.380001068115234
2023-01-24,42.47999954223633
2023-01-25,44.619998931884766
2023-01-26,44.779998779296875
2023-01-27,45.09000015258789
2023-01-30,42.869998931884766
2023-01-31,43.15999984741211
2023-02-01,44.310001373291016
2023-02-02,45.09000015258789
2023-02-03,43.81999969482422
2023-02-06,44.279998779296875
2023-02-07,45.7599983215332
2023-02-08,46.599998474121094
2023-02-09,45.04999923706055
2023-02-10,44.599998474121094
2023-02-13,44.77000045776367
2023-02-14,45.040000915527344
2023-02-15,44.61000061035156
2023-02-16,44.939998626708984
2023-02-17,45.13999938964844
2023-02-21,45.060001373291016
2023-02-22,42.70000076293945
2023-02-23,42.189998626708984
2023-02-24,40.91999816894531
2023-02-27,41.2400016784668
2023-02-28,40.869998931884766
2023-03-01,41.77000045776367
2023-03-02,41.63999938964844
2023-03-03,42.33000183105469
2023-03-06,41.81999969482422
2023-03-07,42.06999969482422
2023-03-08,41.5
2023-03-09,44.81999969482422
2023-03-10,42.959999084472656
2023-03-13,41.09000015258789
2023-03-14,44.06999969482422
2023-03-15,43.40999984741211
2023-03-16,42.93000030517578
2023-03-17,43.43000030517578
2023-03-20,43.0
2023-03-21,44.189998626708984
2023-03-22,43.150001525878906
2023-03-23,42.470001220703125
2023-03-24,41.970001220703125
2023-03-27,43.150001525878906
2023-03-28,43.0
2023-03-29,42.349998474121094
2023-03-30,43.779998779296875
2023-03-31,42.060001373291016
2023-04-03,41.91999816894531
2023-04-04,42.38999938964844
2023-04-05,40.4900016784668
2023-04-06,40.79999923706055
2023-04-10,41.290000915527344
2023-04-11,41.52000045776367
2023-04-12,43.61000061035156
2023-04-13,42.65999984741211
2023-04-14,44.06999969482422
2023-04-17,44.459999084472656
2023-04-18,46.0
2023-04-19,47.5099983215332
2023-04-20,47.02000045776367
2023-04-21,46.84000015258789
2023-04-24,47.59000015258789
2023-04-25,46.81999969482422
2023-04-26,47.040000915527344
2023-04-27,47.06999969482422
2023-04-28,47.310001373291016
2023-05-01,48.849998474121094
2023-05-02,48.5
2023-05-03,46.59000015258789
2023-05-04,47.34000015258789
2023-05-05,48.86000061035156
2023-05-08,49.060001373291016
2023-05-09,51.279998779296875
2023-05-10,51.22999954223633
2023-05-11,52.56999969482422
2023-05-12,52.7599983215332
2023-05-15,52.099998474121094
2023-05-16,52.09000015258789
2023-05-17,51.72999954223633
2023-05-18,52.18000030517578
2023-05-19,52.9900016784668
2023-05-22,53.45000076293945
2023-05-23,53.380001068115234
2023-05-24,51.810001373291016
2023-05-25,51.369998931884766
2023-05-26,49.36000061035156
2023-05-30,50.0
2023-05-31,49.779998779296875
2023-06-01,49.36000061035156
2023-06-02,50.040000915527344
2023-06-05,49.56999969482422
2023-06-06,52.060001373291016
2023-06-07,54.029998779296875
2023-06-08,56.34000015258789
2023-06-09,57.029998779296875
2023-06-12,59.63999938964844
2023-06-13,57.70000076293945
2023-06-14,58.900001525878906
2023-06-15,57.939998626708984
2023-06-16,56.65999984741211
2023-06-20,55.22999954223633
2023-06-21,54.9900016784668
2023-06-22,55.459999084472656
2023-06-23,54.040000915527344
2023-06-26,49.540000915527344
2023-06-27,48.099998474121094
2023-06-28,47.099998474121094
2023-06-29,46.84000015258789
2023-06-30,47.09000015258789
2023-07-03,46.939998626708984
2023-07-05,48.06999969482422
2023-07-06,46.47999954223633
2023-07-07,45.59000015258789
2023-07-10,45.75
2023-07-11,47.189998626708984
2023-07-12,49.630001068115234
2023-07-13,47.939998626708984
2023-07-14,47.560001373291016
2023-07-17,46.81999969482422
2023-07-18,46.31999969482422
2023-07-19,45.650001525878906
2023-07-20,45.38999938964844
2023-07-21,45.86000061035156
2023-07-24,44.63999938964844
2023-07-25,43.689998626708984
2023-07-26,41.36000061035156
2023-07-27,36.880001068115234
2023-07-28,35.95000076293945
2023-07-31,35.11000061035156
2023-08-01,34.5099983215332
2023-08-02,35.38999938964844
2023-08-03,36.7400016784668
2023-08-04,36.0
2023-08-07,18.799999237060547
2023-08-08,16.700000762939453
2023-08-09,18.969999313354492
2023-08-10,18.8799991607666
2023-08-11,19.469999313354492
2023-08-14,21.549999237060547
2023-08-15,21.600000381469727
2023-08-16,21.040000915527344
2023-08-17,20.309999465942383
2023-08-18,19.81999969482422
2023-08-21,19.799999237060547
2023-08-22,19.559999465942383
2023-08-23,19.84000015258789
2023-08-24,19.68000030517578
2023-08-25,19.649999618530273
2023-08-28,19.760000228881836
2023-08-29,19.950000762939453
2023-08-30,19.959999084472656
2023-08-31,19.670000076293945
2023-09-01,20.219999313354492
2023-09-05,20.149999618530273
2023-09-06,20.6200008392334
2023-09-07,20.520000457763672
2023-09-08,20.969999313354492
2023-09-11,21.649999618530273
2023-09-12,21.56999969482422
2023-09-13,23.690000534057617
2023-09-14,22.799999237060547
2023-09-15,21.59000015258789
2023-09-18,21.030000686645508
2023-09-19,20.479999542236328
2023-09-20,20.450000762939453
2023-09-21,19.8700008392334
2023-09-22,19.6299991607666
2023-09-25,19.479999542236328
2023-09-26,19.360000610351562
2023-09-27,20.770000457763672
2023-09-28,21.030000686645508
2023-09-29,20.920000076293945
2023-10-02,20.59000015258789
2023-10-03,19.709999084472656
2023-10-04,20.010000228881836
2023-10-05,19.670000076293945
2023-10-06,19.90999984741211
2023-10-09,19.75
2023-10-10,19.84000015258789
2023-10-11,20.1299991607666
2023-10-12,19.719999313354492
2023-10-13,19.239999771118164
2023-10-16,19.579999923706055
2023-10-17,19.540000915527344
2023-10-18,19.809999465942383
2023-10-19,19.219999313354492
2023-10-20,18.280000686645508
2023-10-23,18.3700008392334
2023-10-24,18.649999618530273
2023-10-25,18.770000457763672
2023-10-26,18.690000534057617
2023-10-27,18.719999313354492
2023-10-30,17.780000686645508
2023-10-31,18.3799991607666
2023-11-01,18.65999984741211
2023-11-02,19.860000610351562
2023-11-03,19.65999984741211
2023-11-06,21.399999618530273
2023-11-07,18.030000686645508
2023-11-08,20.0
2023-11-09,18.520000457763672
2023-11-10,17.3700008392334
2023-11-13,16.799999237060547
2023-11-14,18.309999465942383
2023-11-15,19.239999771118164
2023-11-16,19.139999389648438
2023-11-17,18.770000457763672
2023-11-20,19.260000228881836
2023-11-21,19.559999465942383
2023-11-22,19.600000381469727
2023-11-24,19.399999618530273
2023-11-27,19.43000030517578
2023-11-28,19.030000686645508
2023-11-29,19.329999923706055
2023-11-30,19.760000228881836
2023-12-01,19.479999542236328
2023-12-04,20.1200008392334
2023-12-05,20.520000457763672
2023-12-06,20.950000762939453
2023-12-07,20.8799991607666
2023-12-08,20.760000228881836
2023-12-11,19.8700008392334
2023-12-12,19.940000534057617
2023-12-13,19.81999969482422
2023-12-14,22.0
2023-12-15,21.510000228881836
2023-12-18,21.559999465942383
2023-12-19,21.459999084472656
2023-12-20,22.010000228881836
2023-12-21,21.15999984741211
2023-12-22,21.75
2023-12-26,22.06999969482422
2023-12-27,22.25
2023-12-28,22.299999237060547
2023-12-29,22.079999923706055
2024-01-02,21.350000381469727
2024-01-03,22.31999969482422
2024-01-04,21.670000076293945
2024-01-05,21.0
2024-01-08,21.229999542236328
2024-01-09,25.040000915527344
2024-01-10,26.329999923706055
2024-01-11,25.010000228881836
2024-01-12,27.40999984741211
2024-01-16,26.260000228881836
2024-01-17,26.0
2024-01-18,26.959999084472656
2024-01-19,26.239999771118164
2024-01-22,26.049999237060547
2024-01-23,26.670000076293945
2024-01-24,27.049999237060547
2024-01-25,26.84000015258789
2024-01-26,26.440000534057617
2024-01-29,26.170000076293945
2024-01-30,26.270000457763672
2024-01-31,25.8700008392334
2024-02-01,25.75
2024-02-02,25.59000015258789
2024-02-05,24.459999084472656
2024-02-06,24.190000534057617
2024-02-07,24.790000915527344
2024-02-08,23.940000534057617
2024-02-09,23.850000381469727
2024-02-12,23.5
2024-02-13,23.059999465942383
2024-02-14,25.25
2024-02-15,26.139999389648438
2024-02-16,25.299999237060547
2024-02-20,23.149999618530273
2024-02-21,22.020000457763672
2024-02-22,21.8799991607666
2024-02-23,22.260000228881836
2024-02-26,21.950000762939453
2024-02-27,22.850000381469727
2024-02-28,22.600000381469727
2024-02-29,22.969999313354492
2024-03-01,21.6200008392334
2024-03-04,22.0
2024-03-05,21.959999084472656
2024-03-06,21.5
2024-03-07,21.25
2024-03-08,21.760000228881836
2024-03-11,21.790000915527344
2024-03-12,21.049999237060547
2024-03-13,20.06999969482422
2024-03-14,20.389999389648438
2024-03-15,20.010000228881836
2024-03-18,20.09000015258789
2024-03-19,19.329999923706055
2024-03-20,19.09000015258789
2024-03-21,19.780000686645508
2024-03-22,20.229999542236328
2024-03-25,19.15999984741211
2024-03-26,19.25
2024-03-27,18.799999237060547
2024-03-28,19.059999465942383
2024-04-01,18.709999084472656
2024-04-02,17.670000076293945
2024-04-03,17.200000762939453
2024-04-04,17.049999237060547
2024-04-05,16.469999313354492
2024-04-08,16.479999542236328
2024-04-09,16.68000030517578
2024-04-10,16.260000228881836
2024-04-11,16.65999984741211
2024-04-12,16.270000457763672
2024-04-15,15.600000381469727
2024-04-16,15.220000267028809
2024-04-17,12.960000038146973
2024-04-18,12.239999771118164
2024-04-19,12.930000305175781
2024-04-22,13.420000076293945
2024-04-23,12.90999984741211
2024-04-24,13.850000381469727
2024-04-25,13.619999885559082
2024-04-26,13.869999885559082
2024-04-29,13.819999694824219
2024-04-30,13.949999809265137
2024-05-01,14.109999656677246
2024-05-02,13.380000114440918
2024-05-03,13.460000038146973
2024-05-06,14.0
2024-05-07,13.220000267028809
2024-05-08,12.800000190734863
2024-05-09,12.390000343322754
2024-05-10,12.399999618530273
2024-05-13,11.960000038146973
2024-05-14,12.390000343322754
2024-05-15,12.319999694824219
2024-05-16,11.710000038146973
2024-05-17,11.920000076293945
2024-05-20,11.699999809265137
2024-05-21,11.130000114440918
2024-05-22,12.0
2024-05-23,12.050000190734863
2024-05-24,11.329999923706055
2024-05-28,11.75
2024-05-29,11.449999809265137
2024-05-30,10.970000267028809
2024-05-31,11.359999656677246
2024-06-03,11.180000305175781
2024-06-04,11.029999732971191
2024-06-05,10.75
2024-06-06,10.9399995803833
2024-06-07,10.609999656677246
2024-06-10,10.460000038146973
2024-06-11,10.800000190734863
2024-06-12,10.899999618530273
2024-06-13,10.899999618530273
2024-06-14,11.399999618530273
2024-06-17,11.869999885559082
2024-06-18,11.350000381469727
2024-06-20,10.619999885559082
2024-06-21,10.720000267028809
2024-06-24,11.029999732971191
2024-06-25,11.489999771118164
2024-06-26,10.869999885559082
2024-06-27,10.859999656677246
2024-06-28,10.75
2024-07-01,10.859999656677246
2024-07-02,10.850000381469727
2024-07-03,10.9399995803833
2024-07-05,10.569999694824219
2024-07-08,10.899999618530273
2024-07-09,10.890000343322754
2024-07-10,11.470000267028809
2024-07-11,11.300000190734863
2024-07-12,11.770000457763672
2024-07-15,11.850000381469727
2024-07-16,11.989999771118164
2024-07-17,12.050000190734863
2024-07-18,12.069999694824219
2024-07-19,12.100000381469727
2024-07-22,12.390000343322754
2024-07-23,12.510000228881836
2024-07-24,10.079999923706055
2024-07-25,9.760000228881836
2024-07-26,10.640000343322754
2024-07-29,10.960000038146973
2024-07-30,10.229999542236328
2024-07-31,11.119999885559082
2024-08-01,10.65999984741211
2024-08-02,9.529999732971191
2024-08-05,8.829999923706055
2024-08-06,8.890000343322754
2024-08-07,8.880000114440918
2024-08-08,8.399999618530273
2024-08-09,8.25
2024-08-12,8.010000228881836
2024-08-13,7.940000057220459
2024-08-14,8.210000038146973
2024-08-15,8.1899995803833
2024-08-16,8.260000228881836
2024-08-19,8.170000076293945
2024-08-20,8.75
2024-08-21,8.390000343322754
2024-08-22,8.649999618530273
2024-08-23,8.3100004196167
2024-08-26,8.479999542236328
2024-08-27,8.180000305175781
2024-08-28,8.0
2024-08-29,7.96999979019165
2024-08-30,8.15999984741211
2024-09-03,8.300000190734863
2024-09-04,7.900000095367432
2024-09-05,8.069999694824219
2024-09-06,7.590000152587891
2024-09-09,7.420000076293945
2024-09-10,7.440000057220459
2024-09-11,7.320000171661377
2024-09-12,7.519999980926514
2024-09-13,7.5
2024-09-16,7.869999885559082
2024-09-17,7.630000114440918
2024-09-18,7.489999771118164
2024-09-19,7.860000133514404
2024-09-20,8.0
2024-09-23,7.53000020980835
2024-09-24,7.309999942779541
2024-09-25,7.349999904632568
2024-09-26,7.099999904632568
2024-09-27,7.260000228881836
2024-09-30,7.210000038146973
2024-10-01,7.150000095367432
2024-10-02,6.900000095367432
2024-10-03,6.949999809265137
2024-10-04,6.630000114440918
2024-10-07,6.579999923706055
2024-10-08,6.0
2024-10-09,6.260000228881836
2024-10-10,6.409999847412109
2024-10-11,6.329999923706055
2024-10-14,6.570000171661377
2024-10-15,6.869999885559082
2024-10-16,6.909999847412109
2024-10-17,7.25
2024-10-18,7.230000019073486
2024-10-21,7.550000190734863
2024-10-22,7.800000190734863
2024-10-23,7.590000152587891
2024-10-24,7.679999828338623
2024-10-25,7.889999866485596
2024-10-28,8.100000381469727
2024-10-29,8.529999732971191
2024-10-30,7.690000057220459
2024-10-31,6.389999866485596
2024-11-01,6.090000152587891
2024-11-04,5.920000076293945
2024-11-05,5.670000076293945
2024-11-06,6.269999980926514
2024-11-07,5.960000038146973
2024-11-08,6.329999923706055
2024-11-11,6.460000038146973
2024-11-12,6.230000019073486
2024-11-13,5.710000038146973
2024-11-14,5.869999885559082
2024-11-15,5.440000057220459
2024-11-18,5.059999942779541
2024-11-19,4.739999771118164
2024-11-20,4.75
2024-11-21,5.019999980926514
2024-11-22,4.849999904632568
2024-11-25,5.199999809265137
2024-11-26,5.320000171661377
2024-11-27,5.78000020980835
2024-11-29,5.5
2024-12-02,5.46999979019165
2024-12-03,5.78000020980835
2024-12-04,5.670000076293945
2024-12-05,5.519999980926514
2024-12-06,5.599999904632568
2024-12-09,5.679999828338623
2024-12-10,5.5
2024-12-11,5.610000133514404
2024-12-12,5.730000019073486
2024-12-13,5.659999847412109
2024-12-16,5.320000171661377
2024-12-17,5.289999961853027
2024-12-18,5.320000171661377
2024-12-19,5.110000133514404
2024-12-20,5.059999942779541
2024-12-23,5.570000171661377
2024-12-24,5.460000038146973
2024-12-26,5.460000038146973
2024-12-27,5.710000038146973
2024-12-30,5.400000095367432
2024-12-31,5.429999828338623
2025-01-02,5.539999961853027
2025-01-03,5.809999942779541
2025-01-06,6.210000038146973
2025-01-07,6.289999961853027
2025-01-08,5.940000057220459
2025-01-10,5.659999847412109
2025-01-13,7.699999809265137
2025-01-14,7.53000020980835
2025-01-15,7.570000171661377
2025-01-16,7.300000190734863
2025-01-17,7.019999980926514
2025-01-21,7.070000171661377
2025-01-22,6.949999809265137
2025-01-23,7.019999980926514
2025-01-24,7.019999980926514
2025-01-27,7.269999980926514
2025-01-28,7.449999809265137
2025-01-29,7.269999980926514
2025-01-30,7.400000095367432
2025-01-31,7.389999866485596
2025-02-03,7.150000095367432
2025-02-04,7.309999942779541
2025-02-05,7.28000020980835
2025-02-06,7.300000190734863
2025-02-07,7.260000228881836
2025-02-10,7.349999904632568
2025-02-11,7.179999828338623
2025-02-12,7.150000095367432
2025-02-13,7.21999979019165
2025-02-14,7.199999809265137
2025-02-18,7.239999771118164
2025-02-19,7.150000095367432
2025-02-20,7.039999961853027
2025-02-21,7.25
2025-02-24,7.349999904632568
2025-02-25,7.460000038146973
2025-02-26,7.28000020980835
2025-02-27,7.170000076293945
2025-02-28,7.190000057220459
2025-03-03,7.300000190734863
2025-03-04,7.150000095367432
2025-03-05,7.159999847412109
2025-03-06,7.460000038146973
2025-03-07,7.579999923706055
2025-03-10,7.440000057220459
2025-03-11,7.144999980926514
2025-03-12,7.460000038146973
2025-03-13,7.639999866485596
2025-03-14,7.880000114440918
2025-03-17,7.71999979019165
2025-03-18,7.960000038146973
2025-03-19,7.860000133514404
2025-03-20,8.039999961853027
2025-03-21,7.940000057220459
2025-03-24,8.149999618530273
2025-03-25,8.050000190734863
2025-03-26,8.569999694824219
2025-03-27,8.569999694824219
2025-03-28,8.6899995803833
2025-03-31,8.109999656677246
2025-04-01,7.960000038146973
2025-04-02,7.820000171661377
2025-04-03,7.679999828338623
2025-04-04,7.28000020980835
