2020-12-16,26.0
2020-12-17,28.64299964904785
2020-12-18,38.02000045776367
2020-12-21,44.0
2020-12-22,43.099998474121094
2020-12-23,47.5
2020-12-24,46.59000015258789
2020-12-28,44.310001373291016
2020-12-29,42.040000915527344
2020-12-30,41.20000076293945
2020-12-31,38.20000076293945
2021-01-04,40.34000015258789
2021-01-05,45.099998474121094
2021-01-06,47.04999923706055
2021-01-07,55.9900016784668
2021-01-08,58.0
2021-01-11,51.0
2021-01-12,56.11000061035156
2021-01-13,60.61000061035156
2021-01-14,60.91999816894531
2021-01-15,60.63999938964844
2021-01-19,58.130001068115234
2021-01-20,54.5099983215332
2021-01-21,55.04999923706055
2021-01-22,62.400001525878906
2021-01-25,65.0
2021-01-26,67.70999908447266
2021-01-27,60.06999969482422
2021-01-28,64.54000091552734
2021-01-29,64.55999755859375
2021-02-01,63.0
2021-02-02,71.04000091552734
2021-02-03,76.93000030517578
2021-02-04,80.55000305175781
2021-02-05,76.13999938964844
2021-02-08,77.33999633789062
2021-02-09,75.91999816894531
2021-02-10,80.91000366210938
2021-02-11,93.5
2021-02-12,93.0
2021-02-16,104.7699966430664
2021-02-17,91.75
2021-02-18,84.0
2021-02-19,83.75
2021-02-22,87.30000305175781
2021-02-23,72.94999694824219
2021-02-24,73.73999786376953
2021-02-25,74.08000183105469
2021-02-26,68.79000091552734
2021-03-01,66.77999877929688
2021-03-02,67.20999908447266
2021-03-03,61.70000076293945
2021-03-04,56.150001525878906
2021-03-05,54.540000915527344
2021-03-08,50.66600036621094
2021-03-09,49.39500045776367
2021-03-10,57.29999923706055
2021-03-11,54.75
2021-03-12,53.5
2021-03-15,58.88999938964844
2021-03-16,62.27000045776367
2021-03-17,56.775001525878906
2021-03-18,83.54000091552734
2021-03-19,108.0
2021-03-22,127.94000244140625
2021-03-23,159.9739990234375
2021-03-24,121.87899780273438
2021-03-25,106.30000305175781
2021-03-26,125.0
2021-03-29,140.8000030517578
2021-03-30,133.47999572753906
2021-03-31,131.6300048828125
2021-04-01,133.94000244140625
2021-04-05,147.70799255371094
2021-04-06,140.2899932861328
2021-04-07,136.5500030517578
2021-04-08,128.50999450683594
2021-04-09,122.0
2021-04-12,127.75
2021-04-13,111.87999725341797
2021-04-14,110.2300033569336
2021-04-15,109.29000091552734
2021-04-16,111.08000183105469
2021-04-19,104.41999816894531
2021-04-20,96.33000183105469
2021-04-21,91.4000015258789
2021-04-22,102.5
2021-04-23,102.9800033569336
2021-04-26,108.80899810791016
2021-04-27,114.94000244140625
2021-04-28,116.93000030517578
2021-04-29,115.69999694824219
2021-04-30,103.9000015258789
2021-05-03,111.12000274658203
2021-05-04,115.0
2021-05-05,109.14800262451172
2021-05-06,97.26000213623047
2021-05-07,96.46900177001953
2021-05-10,93.05000305175781
2021-05-11,83.43000030517578
2021-05-12,115.27999877929688
2021-05-13,96.25
2021-05-14,87.76000213623047
2021-05-17,100.01000213623047
2021-05-18,111.69000244140625
2021-05-19,110.75
2021-05-20,135.0
2021-05-21,140.60000610351562
2021-05-24,152.07000732421875
2021-05-25,141.75999450683594
2021-05-26,135.17999267578125
2021-05-27,145.16000366210938
2021-05-28,164.0
2021-06-01,150.0
2021-06-02,145.49000549316406
2021-06-03,150.5
2021-06-04,167.2209930419922
2021-06-07,169.7220001220703
2021-06-08,171.0
2021-06-09,164.07000732421875
2021-06-10,150.38999938964844
2021-06-11,143.27999877929688
2021-06-14,120.26000213623047
2021-06-15,125.7699966430664
2021-06-16,119.5270004272461
2021-06-17,120.94999694824219
2021-06-18,126.80000305175781
2021-06-21,125.5
2021-06-22,120.5999984741211
2021-06-23,120.30000305175781
2021-06-24,128.6320037841797
2021-06-25,124.39600372314453
2021-06-28,123.53299713134766
2021-06-29,125.0
2021-06-30,122.0
2021-07-01,126.0
2021-07-02,125.5479965209961
2021-07-06,122.04000091552734
2021-07-07,120.5
2021-07-08,112.56999969482422
2021-07-09,122.94999694824219
2021-07-12,123.62100219726562
2021-07-13,128.1199951171875
2021-07-14,120.99500274658203
2021-07-15,111.96499633789062
2021-07-16,115.29000091552734
2021-07-19,109.83000183105469
2021-07-20,116.91999816894531
2021-07-21,118.05000305175781
2021-07-22,120.0
2021-07-23,116.91999816894531
2021-07-26,116.79000091552734
2021-07-27,121.6500015258789
2021-07-28,117.30999755859375
2021-07-29,123.0
2021-07-30,121.05000305175781
2021-08-02,122.0
2021-08-03,133.81300354003906
2021-08-04,128.00999450683594
2021-08-05,128.13999938964844
2021-08-06,135.2899932861328
2021-08-09,134.89999389648438
2021-08-10,139.49000549316406
2021-08-11,166.82000732421875
2021-08-12,167.67999267578125
2021-08-13,187.81500244140625
2021-08-16,198.1999969482422
2021-08-17,190.64999389648438
2021-08-18,204.60000610351562
2021-08-19,210.14999389648438
2021-08-20,197.14999389648438
2021-08-23,201.24200439453125
2021-08-24,206.05999755859375
2021-08-25,218.85000610351562
2021-08-26,214.77000427246094
2021-08-27,218.05599975585938
2021-08-30,226.8699951171875
2021-08-31,215.53599548339844
2021-09-01,228.32699584960938
2021-09-02,227.52000427246094
2021-09-03,240.0
2021-09-07,250.35299682617188
2021-09-08,275.25
2021-09-09,270.60101318359375
2021-09-10,289.010009765625
2021-09-13,270.7900085449219
2021-09-14,274.7550048828125
2021-09-15,268.09698486328125
2021-09-16,278.1400146484375
2021-09-17,298.0
2021-09-20,290.0
2021-09-21,297.6400146484375
2021-09-22,324.0
2021-09-23,328.77301025390625
2021-09-24,332.04998779296875
2021-09-27,328.5
2021-09-28,326.9100036621094
2021-09-29,319.010009765625
2021-09-30,323.6820068359375
2021-10-01,311.8340148925781
2021-10-04,293.07501220703125
2021-10-05,294.614013671875
2021-10-06,289.25
2021-10-07,315.5
2021-10-08,308.6400146484375
2021-10-11,309.510009765625
2021-10-12,316.2300109863281
2021-10-13,337.70001220703125
2021-10-14,351.9100036621094
2021-10-15,385.0
2021-10-18,369.2300109863281
2021-10-19,388.30999755859375
2021-10-20,364.5
2021-10-21,356.7099914550781
2021-10-22,351.7799987792969
2021-10-25,348.6570129394531
2021-10-26,352.5610046386719
2021-10-27,320.0
2021-10-28,328.1700134277344
2021-10-29,329.3699951171875
2021-11-01,323.7799987792969
2021-11-02,348.0
2021-11-03,343.281005859375
2021-11-04,328.25
2021-11-05,325.0
2021-11-08,340.8999938964844
2021-11-09,334.0
2021-11-10,242.75
2021-11-11,264.489990234375
2021-11-12,246.4600067138672
2021-11-15,260.51800537109375
2021-11-16,230.69000244140625
2021-11-17,235.69000244140625
2021-11-18,234.63999938964844
2021-11-19,227.52000427246094
2021-11-22,210.74000549316406
2021-11-23,203.8300018310547
2021-11-24,191.28599548339844
2021-11-26,200.0800018310547
2021-11-29,214.92999267578125
2021-11-30,213.11000061035156
2021-12-01,206.2899932861328
2021-12-02,179.64999389648438
2021-12-03,187.67999267578125
2021-12-06,166.89999389648438
2021-12-07,183.2100067138672
2021-12-08,193.2100067138672
2021-12-09,192.0
2021-12-10,180.80299377441406
2021-12-13,160.7899932861328
2021-12-14,147.0
2021-12-15,144.875
2021-12-16,158.0780029296875
2021-12-17,136.70799255371094
2021-12-20,134.01499938964844
2021-12-21,135.42999267578125
2021-12-22,145.44700622558594
2021-12-23,145.75
2021-12-27,151.52000427246094
2021-12-28,162.11000061035156
2021-12-29,148.91000366210938
2021-12-30,147.27000427246094
2021-12-31,153.22999572753906
2022-01-03,153.6199951171875
2022-01-04,144.91000366210938
2022-01-05,135.1219940185547
2022-01-06,122.5
2022-01-07,119.02999877929688
2022-01-10,113.51000213623047
2022-01-11,113.3499984741211
2022-01-12,125.5999984741211
2022-01-13,119.27999877929688
2022-01-14,107.8499984741211
2022-01-18,107.5
2022-01-19,110.52999877929688
2022-01-20,108.0
2022-01-21,105.00199890136719
2022-01-24,86.4010009765625
2022-01-25,88.63999938964844
2022-01-26,98.2300033569336
2022-01-27,100.5
2022-01-28,89.04000091552734
2022-01-31,96.16999816894531
2022-02-01,111.30000305175781
2022-02-02,115.04000091552734
2022-02-03,99.62999725341797
2022-02-04,99.56999969482422
2022-02-07,99.48999786376953
2022-02-08,95.0
2022-02-09,102.89299774169922
2022-02-10,107.83999633789062
2022-02-11,106.12000274658203
2022-02-14,100.02999877929688
2022-02-15,107.5
2022-02-16,137.1999969482422
2022-02-17,157.1999969482422
2022-02-18,139.3800048828125
2022-02-22,127.30000305175781
2022-02-23,123.94000244140625
2022-02-24,104.0
2022-02-25,134.0
2022-02-28,136.83999633789062
2022-03-01,160.0
2022-03-02,148.69000244140625
2022-03-03,153.60000610351562
2022-03-04,151.39999389648438
2022-03-07,129.1999969482422
2022-03-08,113.51000213623047
2022-03-09,120.79000091552734
2022-03-10,115.38999938964844
2022-03-11,114.47000122070312
2022-03-14,98.0
2022-03-15,90.56999969482422
2022-03-16,101.0
2022-03-17,105.0
2022-03-18,114.30000305175781
2022-03-21,124.04000091552734
2022-03-22,113.0
2022-03-23,123.25
2022-03-24,120.0
2022-03-25,114.25499725341797
2022-03-28,104.30000305175781
2022-03-29,111.94999694824219
2022-03-30,117.12000274658203
2022-03-31,113.7969970703125
2022-04-01,109.26000213623047
2022-04-04,110.94999694824219
2022-04-05,113.61000061035156
2022-04-06,101.66999816894531
2022-04-07,97.58999633789062
2022-04-08,93.81999969482422
2022-04-11,88.66000366210938
2022-04-12,93.7699966430664
2022-04-13,83.87000274658203
2022-04-14,87.61000061035156
2022-04-18,82.29000091552734
2022-04-19,81.58999633789062
2022-04-20,87.9000015258789
2022-04-21,81.76000213623047
2022-04-22,75.22000122070312
2022-04-25,74.83000183105469
2022-04-26,77.83999633789062
2022-04-27,74.58000183105469
2022-04-28,74.2300033569336
2022-04-29,77.47000122070312
2022-05-02,73.13999938964844
2022-05-03,82.23500061035156
2022-05-04,83.7249984741211
2022-05-05,90.51399993896484
2022-05-06,88.33999633789062
2022-05-09,80.8499984741211
2022-05-10,33.97999954223633
2022-05-11,31.639999389648438
2022-05-12,27.40999984741211
2022-05-13,35.25
2022-05-16,37.380001068115234
2022-05-17,38.88999938964844
2022-05-18,43.650001525878906
2022-05-19,49.0
2022-05-20,48.43000030517578
2022-05-23,43.52000045776367
2022-05-24,40.20000076293945
2022-05-25,37.38999938964844
2022-05-26,38.63999938964844
2022-05-27,44.209999084472656
2022-05-31,51.65999984741211
2022-06-01,52.13999938964844
2022-06-02,45.0
2022-06-03,49.27000045776367
2022-06-06,50.34000015258789
2022-06-07,45.380001068115234
2022-06-08,45.154998779296875
2022-06-09,44.09000015258789
2022-06-10,38.69499969482422
2022-06-13,34.650001525878906
2022-06-14,34.099998474121094
2022-06-15,34.70000076293945
2022-06-16,33.185001373291016
2022-06-17,32.189998626708984
2022-06-21,36.79999923706055
2022-06-22,36.939998626708984
2022-06-23,36.79999923706055
2022-06-24,39.720001220703125
2022-06-27,40.84000015258789
2022-06-28,38.86000061035156
2022-06-29,31.489999771118164
2022-06-30,31.06999969482422
2022-07-01,32.060001373291016
2022-07-05,32.380001068115234
2022-07-06,34.959999084472656
2022-07-07,33.400001525878906
2022-07-08,26.829999923706055
2022-07-11,25.950000762939453
2022-07-12,26.799999237060547
2022-07-13,25.440000534057617
2022-07-14,24.93000030517578
2022-07-15,24.56999969482422
2022-07-18,26.479999542236328
2022-07-19,27.6299991607666
2022-07-20,28.299999237060547
2022-07-21,28.68000030517578
2022-07-22,28.1299991607666
2022-07-25,25.899999618530273
2022-07-26,23.899999618530273
2022-07-27,23.280000686645508
2022-07-28,24.459999084472656
2022-07-29,24.1299991607666
2022-08-01,24.030000686645508
2022-08-02,23.34000015258789
2022-08-03,26.670000076293945
2022-08-04,28.979999542236328
2022-08-05,27.405000686645508
2022-08-08,31.209999084472656
2022-08-09,28.239999771118164
2022-08-10,29.954999923706055
2022-08-11,34.375
2022-08-12,32.369998931884766
2022-08-15,33.95000076293945
2022-08-16,32.93000030517578
2022-08-17,34.93000030517578
2022-08-18,33.27000045776367
2022-08-19,30.0
2022-08-22,27.261999130249023
2022-08-23,26.975000381469727
2022-08-24,27.010000228881836
2022-08-25,27.350000381469727
2022-08-26,27.989999771118164
2022-08-29,24.84000015258789
2022-08-30,25.93000030517578
2022-08-31,25.739999771118164
2022-09-01,25.219999313354492
2022-09-02,26.639999389648438
2022-09-06,24.280000686645508
2022-09-07,24.280000686645508
2022-09-08,26.155000686645508
2022-09-09,27.5
2022-09-12,27.65999984741211
2022-09-13,25.920000076293945
2022-09-14,25.399999618530273
2022-09-15,24.56999969482422
2022-09-16,25.520000457763672
2022-09-19,23.84000015258789
2022-09-20,23.0
2022-09-21,22.899999618530273
2022-09-22,22.969999313354492
2022-09-23,21.110000610351562
2022-09-26,21.59000015258789
2022-09-27,21.68000030517578
2022-09-28,21.5
2022-09-29,21.809999465942383
2022-09-30,20.969999313354492
2022-10-03,20.969999313354492
2022-10-04,21.200000762939453
2022-10-05,21.760000228881836
2022-10-06,21.809999465942383
2022-10-07,21.808000564575195
2022-10-10,21.15999984741211
2022-10-11,21.610000610351562
2022-10-12,23.31999969482422
2022-10-13,22.93199920654297
2022-10-14,25.155000686645508
2022-10-17,23.90999984741211
2022-10-18,24.5
2022-10-19,24.420000076293945
2022-10-20,22.920000076293945
2022-10-21,22.520000457763672
2022-10-24,21.71299934387207
2022-10-25,20.68000030517578
2022-10-26,23.309999465942383
2022-10-27,23.8799991607666
2022-10-28,23.25
2022-10-31,23.350000381469727
2022-11-01,24.670000076293945
2022-11-02,22.1200008392334
2022-11-03,20.25
2022-11-04,20.489999771118164
2022-11-07,19.520000457763672
2022-11-08,18.18199920654297
2022-11-09,15.199999809265137
2022-11-10,18.520000457763672
2022-11-11,21.010000228881836
2022-11-14,22.010000228881836
2022-11-15,21.389999389648438
2022-11-16,20.899999618530273
2022-11-17,19.489999771118164
2022-11-18,20.0
2022-11-21,18.6299991607666
2022-11-22,18.709999084472656
2022-11-23,18.209999084472656
2022-11-25,18.0
2022-11-28,18.110000610351562
2022-11-29,18.440000534057617
2022-11-30,18.799999237060547
2022-12-01,20.0
2022-12-02,18.700000762939453
2022-12-05,18.739999771118164
2022-12-06,17.402000427246094
2022-12-07,17.0
2022-12-08,17.084999084472656
2022-12-09,17.0
2022-12-12,17.25
2022-12-13,18.90999984741211
2022-12-14,16.950000762939453
2022-12-15,16.34000015258789
2022-12-16,15.569999694824219
2022-12-19,15.380000114440918
2022-12-20,14.375
2022-12-21,14.399999618530273
2022-12-22,13.640000343322754
2022-12-23,13.270000457763672
2022-12-27,12.989999771118164
2022-12-28,12.25
2022-12-29,12.470000267028809
2022-12-30,12.720000267028809
2023-01-03,13.579999923706055
2023-01-04,13.119999885559082
2023-01-05,13.539999961853027
2023-01-06,12.970000267028809
2023-01-09,13.479999542236328
2023-01-10,13.350000381469727
2023-01-11,14.359999656677246
2023-01-12,15.550000190734863
2023-01-13,16.43000030517578
2023-01-17,17.020000457763672
2023-01-18,17.780000686645508
2023-01-19,15.930000305175781
2023-01-20,15.630000114440918
2023-01-23,17.639999389648438
2023-01-24,18.190000534057617
2023-01-25,17.469999313354492
2023-01-26,18.75
2023-01-27,17.549999237060547
2023-01-30,18.81999969482422
2023-01-31,20.399999618530273
2023-02-01,18.360000610351562
2023-02-02,21.5
2023-02-03,21.639999389648438
2023-02-06,21.360000610351562
2023-02-07,21.040000915527344
2023-02-08,20.475000381469727
2023-02-09,18.030000686645508
2023-02-10,16.399999618530273
2023-02-13,16.209999084472656
2023-02-14,15.75
2023-02-15,18.510000228881836
2023-02-16,20.270000457763672
2023-02-17,18.549999237060547
2023-02-21,17.739999771118164
2023-02-22,18.469999313354492
2023-02-23,19.020000457763672
2023-02-24,17.950000762939453
2023-02-27,18.229999542236328
2023-02-28,18.059999465942383
2023-03-01,18.670000076293945
2023-03-02,17.469999313354492
2023-03-03,18.0
2023-03-06,19.190000534057617
2023-03-07,18.149999618530273
2023-03-08,17.5
2023-03-09,17.34000015258789
2023-03-10,15.949999809265137
2023-03-13,15.180000305175781
2023-03-14,16.079999923706055
2023-03-15,14.15999984741211
2023-03-16,14.859999656677246
2023-03-17,15.739999771118164
2023-03-20,15.15999984741211
2023-03-21,14.600000381469727
2023-03-22,15.319999694824219
2023-03-23,14.359999656677246
2023-03-24,13.399999618530273
2023-03-27,13.319999694824219
2023-03-28,13.050000190734863
2023-03-29,13.289999961853027
2023-03-30,13.930000305175781
2023-03-31,14.380000114440918
2023-04-03,15.699999809265137
2023-04-04,16.25
2023-04-05,15.65999984741211
2023-04-06,16.6200008392334
2023-04-10,16.69499969482422
2023-04-11,16.989999771118164
2023-04-12,18.290000915527344
2023-04-13,16.65999984741211
2023-04-14,15.84000015258789
2023-04-17,15.446999549865723
2023-04-18,15.5
2023-04-19,15.399999618530273
2023-04-20,15.449999809265137
2023-04-21,15.170000076293945
2023-04-24,15.0
2023-04-25,14.699999809265137
2023-04-26,14.630000114440918
2023-04-27,14.369999885559082
2023-04-28,14.470000267028809
2023-05-01,13.84000015258789
2023-05-02,12.880000114440918
2023-05-03,12.119999885559082
2023-05-04,12.1899995803833
2023-05-05,12.619999885559082
2023-05-08,13.25
2023-05-09,13.170000076293945
2023-05-10,19.639999389648438
2023-05-11,19.149999618530273
2023-05-12,17.0
2023-05-15,16.229999542236328
2023-05-16,20.0
2023-05-17,19.399999618530273
2023-05-18,21.649999618530273
2023-05-19,24.6200008392334
2023-05-22,23.3799991607666
2023-05-23,27.389999389648438
2023-05-24,25.200000762939453
2023-05-25,27.825000762939453
2023-05-26,23.6200008392334
2023-05-30,25.614999771118164
2023-05-31,28.649999618530273
2023-06-01,26.6200008392334
2023-06-02,30.809999465942383
2023-06-05,29.56999969482422
2023-06-06,27.860000610351562
2023-06-07,31.780000686645508
2023-06-08,28.979999542236328
2023-06-09,32.380001068115234
2023-06-12,32.65999984741211
2023-06-13,34.7400016784668
2023-06-14,37.5
2023-06-15,36.0
2023-06-16,38.29999923706055
2023-06-20,36.75
2023-06-21,33.36000061035156
2023-06-22,31.0
2023-06-23,30.510000228881836
2023-06-26,30.084999084472656
2023-06-27,30.989999771118164
2023-06-28,32.900001525878906
2023-06-29,35.27000045776367
2023-06-30,36.779998779296875
2023-07-03,35.65999984741211
2023-07-05,37.869998931884766
2023-07-06,37.27000045776367
2023-07-07,36.31999969482422
2023-07-10,37.16999816894531
2023-07-11,41.43000030517578
2023-07-12,44.630001068115234
2023-07-13,44.060001373291016
2023-07-14,47.45000076293945
2023-07-17,46.27000045776367
2023-07-18,52.150001525878906
2023-07-19,55.2599983215332
2023-07-20,56.29999923706055
2023-07-21,56.75
2023-07-24,54.150001525878906
2023-07-25,55.15999984741211
2023-07-26,62.380001068115234
2023-07-27,66.25
2023-07-28,61.40999984741211
2023-07-31,67.0
2023-08-01,67.16000366210938
2023-08-02,69.07499694824219
2023-08-03,66.94000244140625
2023-08-04,68.16000366210938
2023-08-07,60.5
2023-08-08,48.22999954223633
2023-08-09,42.779998779296875
2023-08-10,33.29999923706055
2023-08-11,31.579999923706055
2023-08-14,33.349998474121094
2023-08-15,34.7400016784668
2023-08-16,32.5
2023-08-17,32.40999984741211
2023-08-18,30.600000381469727
2023-08-21,32.369998931884766
2023-08-22,34.27000045776367
2023-08-23,32.25
2023-08-24,33.04999923706055
2023-08-25,30.40999984741211
2023-08-28,30.079999923706055
2023-08-29,29.34000015258789
2023-08-30,32.15999984741211
2023-08-31,33.33000183105469
2023-09-01,32.619998931884766
2023-09-05,32.529998779296875
2023-09-06,33.400001525878906
2023-09-07,31.850000381469727
2023-09-08,31.670000076293945
2023-09-11,31.09000015258789
2023-09-12,29.549999237060547
2023-09-13,31.479999542236328
2023-09-14,30.459999084472656
2023-09-15,29.8700008392334
2023-09-18,29.5
2023-09-19,28.700000762939453
2023-09-20,29.209999084472656
2023-09-21,26.760000228881836
2023-09-22,27.389999389648438
2023-09-25,26.0
2023-09-26,26.3700008392334
2023-09-27,27.190000534057617
2023-09-28,26.940000534057617
2023-09-29,28.219999313354492
2023-10-02,28.739999771118164
2023-10-03,26.93000030517578
2023-10-04,26.479999542236328
2023-10-05,26.40999984741211
2023-10-06,25.600000381469727
2023-10-09,26.729999542236328
2023-10-10,28.75
2023-10-11,29.950000762939453
2023-10-12,29.209999084472656
2023-10-13,27.799999237060547
2023-10-16,27.350000381469727
2023-10-17,28.5
2023-10-18,28.6200008392334
2023-10-19,26.6200008392334
2023-10-20,26.43000030517578
2023-10-23,23.969999313354492
2023-10-24,24.559999465942383
2023-10-25,24.020000457763672
2023-10-26,23.0
2023-10-27,23.5
2023-10-30,23.700000762939453
2023-10-31,23.399999618530273
2023-11-01,24.200000762939453
2023-11-02,26.030000686645508
2023-11-03,28.510000228881836
2023-11-06,31.0
2023-11-07,29.350000381469727
2023-11-08,21.280000686645508
2023-11-09,21.799999237060547
2023-11-10,21.209999084472656
2023-11-13,20.56999969482422
2023-11-14,23.219999313354492
2023-11-15,25.5
2023-11-16,25.600000381469727
2023-11-17,24.68000030517578
2023-11-20,25.761999130249023
2023-11-21,25.510000228881836
2023-11-22,24.1200008392334
2023-11-24,23.299999237060547
2023-11-27,23.799999237060547
2023-11-28,24.209999084472656
2023-11-29,26.700000762939453
2023-11-30,26.649999618530273
2023-12-01,26.479999542236328
2023-12-04,31.510000228881836
2023-12-05,34.0
2023-12-06,33.88999938964844
2023-12-07,33.59000015258789
2023-12-08,33.65999984741211
2023-12-11,37.7599983215332
2023-12-12,35.560001373291016
2023-12-13,35.56999969482422
2023-12-14,45.0
2023-12-15,45.0
2023-12-18,43.82500076293945
2023-12-19,47.310001373291016
2023-12-20,47.04999923706055
2023-12-21,45.209999084472656
2023-12-22,46.0
2023-12-26,44.54999923706055
2023-12-27,45.7400016784668
2023-12-28,46.0
2023-12-29,44.11000061035156
2024-01-02,39.59000015258789
2024-01-03,36.31999969482422
2024-01-04,35.5
2024-01-05,33.0
2024-01-08,34.15800094604492
2024-01-09,34.9900016784668
2024-01-10,34.90999984741211
2024-01-11,34.34000015258789
2024-01-12,33.58000183105469
2024-01-16,31.040000915527344
2024-01-17,29.610000610351562
2024-01-18,31.75
2024-01-19,31.052000045776367
2024-01-22,33.779998779296875
2024-01-23,36.560001373291016
2024-01-24,36.29999923706055
2024-01-25,34.310001373291016
2024-01-26,33.790000915527344
2024-01-29,32.619998931884766
2024-01-30,34.84000015258789
2024-01-31,32.65999984741211
2024-02-01,32.189998626708984
2024-02-02,31.459999084472656
2024-02-05,31.700000762939453
2024-02-06,32.13999938964844
2024-02-07,33.15999984741211
2024-02-08,32.40999984741211
2024-02-09,34.5
2024-02-12,33.84000015258789
2024-02-13,33.380001068115234
2024-02-14,29.399999618530273
2024-02-15,26.920000076293945
2024-02-16,26.829999923706055
2024-02-20,25.350000381469727
2024-02-21,24.959999084472656
2024-02-22,25.110000610351562
2024-02-23,24.299999237060547
2024-02-26,24.1299991607666
2024-02-27,26.0
2024-02-28,25.729999542236328
2024-02-29,26.200000762939453
2024-03-01,25.809999465942383
2024-03-04,26.209999084472656
2024-03-05,24.540000915527344
2024-03-06,25.059999465942383
2024-03-07,26.350000381469727
2024-03-08,27.149999618530273
2024-03-11,27.5
2024-03-12,26.489999771118164
2024-03-13,25.100000381469727
2024-03-14,25.049999237060547
2024-03-15,23.010000228881836
2024-03-18,23.700000762939453
2024-03-19,23.549999237060547
2024-03-20,24.229999542236328
2024-03-21,27.010000228881836
2024-03-22,26.18000030517578
2024-03-25,26.040000915527344
2024-03-26,26.600000381469727
2024-03-27,26.889999389648438
2024-03-28,28.020000457763672
2024-04-01,27.0
2024-04-02,25.299999237060547
2024-04-03,25.299999237060547
2024-04-04,26.440000534057617
2024-04-05,24.739999771118164
2024-04-08,25.014999389648438
2024-04-09,25.350000381469727
2024-04-10,25.030000686645508
2024-04-11,24.5
2024-04-12,24.31999969482422
2024-04-15,23.68000030517578
2024-04-16,21.43000030517578
2024-04-17,22.739999771118164
2024-04-18,22.34000015258789
2024-04-19,22.09000015258789
2024-04-22,22.190000534057617
2024-04-23,22.040000915527344
2024-04-24,22.969999313354492
2024-04-25,22.139999389648438
2024-04-26,22.899999618530273
2024-04-29,23.489999771118164
2024-04-30,22.75
2024-05-01,22.010000228881836
2024-05-02,23.700000762939453
2024-05-03,24.670000076293945
2024-05-06,24.790000915527344
2024-05-07,25.549999237060547
2024-05-08,20.899999618530273
2024-05-09,23.059999465942383
2024-05-10,26.139999389648438
2024-05-13,26.239999771118164
2024-05-14,28.489999771118164
2024-05-15,29.780000686645508
2024-05-16,28.09000015258789
2024-05-17,25.559999465942383
2024-05-20,25.450000762939453
2024-05-21,25.15999984741211
2024-05-22,24.600000381469727
2024-05-23,24.270000457763672
2024-05-24,23.350000381469727
2024-05-28,23.709999084472656
2024-05-29,22.989999771118164
2024-05-30,23.450000762939453
2024-05-31,24.799999237060547
2024-06-03,25.479999542236328
2024-06-04,24.459999084472656
2024-06-05,24.725000381469727
2024-06-06,26.035999298095703
2024-06-07,25.260000228881836
2024-06-10,24.007999420166016
2024-06-11,23.729999542236328
2024-06-12,25.920000076293945
2024-06-13,25.15999984741211
2024-06-14,23.049999237060547
2024-06-17,22.260000228881836
2024-06-18,22.229999542236328
2024-06-20,22.25
2024-06-21,21.670000076293945
2024-06-24,21.68000030517578
2024-06-25,23.0
2024-06-26,22.469999313354492
2024-06-27,22.93000030517578
2024-06-28,23.83799934387207
2024-07-01,23.6299991607666
2024-07-02,22.8700008392334
2024-07-03,23.200000762939453
2024-07-05,23.0
2024-07-08,23.40999984741211
2024-07-09,23.239999771118164
2024-07-10,24.639999389648438
2024-07-11,26.100000381469727
2024-07-12,26.889999389648438
2024-07-15,27.76799964904785
2024-07-16,30.219999313354492
2024-07-17,30.829999923706055
2024-07-18,30.825000762939453
2024-07-19,28.079999923706055
2024-07-22,28.149999618530273
2024-07-23,27.5
2024-07-24,27.149999618530273
2024-07-25,25.15999984741211
2024-07-26,26.985000610351562
2024-07-29,26.309999465942383
2024-07-30,26.31999969482422
2024-07-31,27.59000015258789
2024-08-01,28.0
2024-08-02,24.20199966430664
2024-08-05,20.979999542236328
2024-08-06,23.969999313354492
2024-08-07,30.0
2024-08-08,33.560001373291016
2024-08-09,34.61000061035156
2024-08-12,35.38999938964844
2024-08-13,35.224998474121094
2024-08-14,38.59000015258789
2024-08-15,36.88999938964844
2024-08-16,36.41999816894531
2024-08-19,37.0
2024-08-20,40.150001525878906
2024-08-21,38.93000030517578
2024-08-22,40.650001525878906
2024-08-23,40.02000045776367
2024-08-26,42.439998626708984
2024-08-27,42.56999969482422
2024-08-28,43.79999923706055
2024-08-29,43.72999954223633
2024-08-30,42.900001525878906
2024-09-03,41.77000045776367
2024-09-04,37.56999969482422
2024-09-05,36.439998626708984
2024-09-06,36.290000915527344
2024-09-09,34.86800003051758
2024-09-10,35.04999923706055
2024-09-11,33.5
2024-09-12,35.13999938964844
2024-09-13,36.470001220703125
2024-09-16,34.41999816894531
2024-09-17,35.2400016784668
2024-09-18,37.380001068115234
2024-09-19,40.34000015258789
2024-09-20,39.9900016784668
2024-09-23,40.0
2024-09-24,38.439998626708984
2024-09-25,38.75
2024-09-26,40.119998931884766
2024-09-27,41.709999084472656
2024-09-30,40.31999969482422
2024-10-01,40.34000015258789
2024-10-02,37.619998931884766
2024-10-03,38.470001220703125
2024-10-04,39.900001525878906
2024-10-07,41.279998779296875
2024-10-08,40.689998626708984
2024-10-09,42.970001220703125
2024-10-10,42.459999084472656
2024-10-11,42.90999984741211
2024-10-14,48.689998626708984
2024-10-15,54.0
2024-10-16,52.88999938964844
2024-10-17,54.099998474121094
2024-10-18,52.709999084472656
2024-10-21,53.810001373291016
2024-10-22,52.2400016784668
2024-10-23,51.5
2024-10-24,51.400001525878906
2024-10-25,51.2599983215332
2024-10-28,51.70000076293945
2024-10-29,51.189998626708984
2024-10-30,49.9900016784668
2024-10-31,50.69499969482422
2024-11-01,49.099998474121094
2024-11-04,48.65999984741211
2024-11-05,48.2599983215332
2024-11-06,53.689998626708984
2024-11-07,54.25
2024-11-08,65.2699966430664
2024-11-11,79.38999938964844
2024-11-12,71.0999984741211
2024-11-13,70.20999908447266
2024-11-14,68.2300033569336
2024-11-15,67.68000030517578
2024-11-18,68.55999755859375
2024-11-19,67.5199966430664
2024-11-20,71.38999938964844
2024-11-21,71.33499908447266
2024-11-22,71.91999816894531
2024-11-25,77.19000244140625
2024-11-26,78.1500015258789
2024-11-27,80.0
2024-11-29,78.7699966430664
2024-12-02,74.66000366210938
2024-12-03,68.5
2024-12-04,72.9000015258789
2024-12-05,74.5199966430664
2024-12-06,74.5
2024-12-09,77.65499877929688
2024-12-10,76.72000122070312
2024-12-11,76.04000091552734
2024-12-12,78.87999725341797
2024-12-13,80.20999908447266
2024-12-16,85.33000183105469
2024-12-17,83.91000366210938
2024-12-18,83.69000244140625
2024-12-19,75.54499816894531
2024-12-20,66.0
2024-12-23,68.82499694824219
2024-12-24,68.30999755859375
2024-12-26,67.91000366210938
2024-12-27,71.08999633789062
2024-12-30,66.13999938964844
2024-12-31,64.20999908447266
2025-01-02,62.47999954223633
2025-01-03,61.099998474121094
2025-01-06,65.08999633789062
2025-01-07,63.349998474121094
2025-01-08,58.650001525878906
2025-01-10,57.88999938964844
2025-01-13,55.38999938964844
2025-01-14,58.68000030517578
2025-01-15,62.08000183105469
2025-01-16,62.16999816894531
2025-01-17,65.80000305175781
2025-01-21,64.0
2025-01-22,64.44999694824219
2025-01-23,64.22000122070312
2025-01-24,69.30999755859375
2025-01-27,64.66999816894531
2025-01-28,65.29000091552734
2025-01-29,65.12999725341797
2025-01-30,67.44000244140625
2025-01-31,68.1500015258789
2025-02-03,61.29999923706055
2025-02-04,63.16999816894531
2025-02-05,63.59000015258789
2025-02-06,65.47000122070312
2025-02-07,67.73999786376953
2025-02-10,71.12999725341797
2025-02-11,69.5
2025-02-12,83.44000244140625
2025-02-13,87.79000091552734
2025-02-14,80.19000244140625
2025-02-18,83.30000305175781
2025-02-19,86.5
2025-02-20,82.94999694824219
2025-02-21,80.2300033569336
2025-02-24,72.24500274658203
2025-02-25,69.2300033569336
2025-02-26,68.3499984741211
2025-02-27,70.88999938964844
2025-02-28,64.6500015258789
2025-03-03,68.08999633789062
2025-03-04,59.150001525878906
2025-03-05,59.67499923706055
2025-03-06,57.81999969482422
2025-03-07,54.810001373291016
2025-03-10,50.70000076293945
2025-03-11,46.970001220703125
2025-03-12,50.5
2025-03-13,48.97999954223633
2025-03-14,47.849998474121094
2025-03-17,48.25
2025-03-18,49.0
2025-03-19,48.345001220703125
2025-03-20,50.0
2025-03-21,47.88999938964844
2025-03-24,54.224998474121094
2025-03-25,54.849998474121094
2025-03-26,54.880001068115234
2025-03-27,51.13999938964844
2025-03-28,48.93000030517578
2025-03-31,44.959999084472656
2025-04-01,45.42100143432617
2025-04-02,44.619998931884766
2025-04-03,43.0
2025-04-04,36.060001373291016
